bvid,comment_text,timestamp,user_id,Sentiment_Score,Normalized_Score,Minute
BV1f4ScB4Efz,之前有个阿姨来我店里买盐，她看了一眼配料表，然后她选择不买，说里面有纳[笑哭],1764471674,3546625679034671,0.23001833641033542,-0.5399633271793292,29407861
BV1f4ScB4Efz,"感谢Tim带我们用镜头领略了盐田真实的色彩，让它们得以在海信 E8S Pro上呈现。盐田的七彩是大自然用盐度、微生物和矿物质谱写的色彩史诗，它无需滤镜，本身就是一场色彩的直出，这种色彩的“直出”逻辑，与海信RGB-MiniLED的色彩科学不谋而合。盐田用千年演化出的色彩规则，教会我们何为真实的色彩，海信RGB-Mini LED则以三原色自发光芯片的色彩直出开创极限色准和大色域空间，忠实记录自然光影，不管是用于后期调色，还是杜比视界的影游体验，它的每一帧光色都值得信任。[星星眼]

（温馨提示：本条视频搭配海信E8S Pro观看更香哦）",1764471955,1265754039,0.999999999118006,0.9999999982360119,29407865
BV1f4ScB4Efz,哥们是真要上天啊‼️[哦呼][哦呼][哦呼],1764556599,14601486,0.6924557355937095,0.3849114711874191,29409276
BV1f4ScB4Efz,@海信 把电视给我,1764471743,18495864,0.7562530117683259,0.5125060235366519,29407862
BV1f4ScB4Efz,"“我吃的盐比你走过的路还多。”
具像化啊！",1764471757,100612942,0.87135596833921,0.7427119366784201,29407862
BV1f4ScB4Efz,这电视画面确实颜色是好，那个盐田五光十色的,1764644109,1906843088,0.6821301629382112,0.3642603258764223,29410735
BV1f4ScB4Efz,海信的电视确实挺好用的，我家之前买过两台，好多年了吧，还坚挺着,1764471936,6257598,0.8654603436519658,0.7309206873039316,29407865
BV1f4ScB4Efz,这个rgbminiled是不是新技术啊,1764657252,677787634,0.3955967208842005,-0.208806558231599,29410954
BV1f4ScB4Efz,海信也是出息了，能和影视飓风合作了[汤圆],1764472333,13790124,0.0030460424953629994,-0.993907915009274,29407872
BV1f4ScB4Efz,这个rgbminiled应该是目前最有前景的显示技术了，相对的oled成本高良品率低，qd技术效果又不理想,1764593453,607636830,0.023374300105890033,-0.9532513997882199,29409890
BV1f4ScB4Efz,食盐其实是很重要的战略物资，我们普通人感受不到还是因为所有相关的工业、产业链条程序过于强悍和完整，不知道你们还记不记得，去年鱿鱼封锁加沙除了不让援助食物进去外就是禁止各种调料尤其是食盐,1764471913,74096925,0.9871714283019581,0.9743428566039163,29407865
BV1f4ScB4Efz,此盐场面积相当于0.0016个通辽,1764504109,3493143118874894,0.4877987430309171,-0.024402513938165837,29408401
BV1f4ScB4Efz,海信在rgbminiled技术这方面看起来确实是领先了，不然不至于到现在大半年了，能拿出量产机的还是没几个,1764645039,14226409,0.6429847558523882,0.28596951170477647,29410750
BV1f4ScB4Efz,年初想买rgb电视但是预算不够，到年底新机出了一看预算又准备多了[喜极而泣][喜极而泣],1764473086,1028434204,0.4180205235374558,-0.16395895292508844,29407884
BV1f4ScB4Efz,大法说明年要出rgb电视，价格懂的都懂我就不说了，众所周知明年12月也是明年,1764472056,8956133,0.97832310107371,0.95664620214742,29407867
BV1f4ScB4Efz,前两天好像看到过这电视的评测，说是效果看着和oled基本没差了,1764581924,1572137241,0.7772908693162622,0.5545817386325245,29409698
BV1f4ScB4Efz,为啥海信能第一个量产rgbminiled电视啊？,1764651965,3546912540067869,0.018144981083787703,-0.9637100378324246,29410866
BV1f4ScB4Efz,你怎么知道我家在用海信的rgbminiled[doge_金箍][doge_金箍],1764471919,510661115,0.47154637033561264,-0.05690725932877472,29407865
BV1f4ScB4Efz,天天上班写湖盐的文案写吐了，没想到下班了也让我刷到个盐的热点,1764596767,629224286,0.6598391624645064,0.3196783249290127,29409946
BV1f4ScB4Efz,站在盐上面把盐弄脏了那位，这玩意儿本身就灭菌啊,1764471749,93791229,0.008837933429571954,-0.9823241331408561,29407862
BV1f4ScB4Efz,之前有个阿姨来我店里买盐，她看了一眼配料表，然后她选择不买，说里面有纳[笑哭],1764471674,3546625679034671,0.23001833641033542,-0.5399633271793292,29407861
BV1f4ScB4Efz,"感谢Tim带我们用镜头领略了盐田真实的色彩，让它们得以在海信 E8S Pro上呈现。盐田的七彩是大自然用盐度、微生物和矿物质谱写的色彩史诗，它无需滤镜，本身就是一场色彩的直出，这种色彩的“直出”逻辑，与海信RGB-MiniLED的色彩科学不谋而合。盐田用千年演化出的色彩规则，教会我们何为真实的色彩，海信RGB-Mini LED则以三原色自发光芯片的色彩直出开创极限色准和大色域空间，忠实记录自然光影，不管是用于后期调色，还是杜比视界的影游体验，它的每一帧光色都值得信任。[星星眼]

（温馨提示：本条视频搭配海信E8S Pro观看更香哦）",1764471955,1265754039,0.999999999118006,0.9999999982360119,29407865
BV1f4ScB4Efz,哥们是真要上天啊‼️[哦呼][哦呼][哦呼],1764556599,14601486,0.6924557355937095,0.3849114711874191,29409276
BV1f4ScB4Efz,@海信 把电视给我,1764471743,18495864,0.7562530117683259,0.5125060235366519,29407862
BV1f4ScB4Efz,"“我吃的盐比你走过的路还多。”
具像化啊！",1764471757,100612942,0.87135596833921,0.7427119366784201,29407862
BV1f4ScB4Efz,这电视画面确实颜色是好，那个盐田五光十色的,1764644109,1906843088,0.6821301629382112,0.3642603258764223,29410735
BV1f4ScB4Efz,海信的电视确实挺好用的，我家之前买过两台，好多年了吧，还坚挺着,1764471936,6257598,0.8654603436519658,0.7309206873039316,29407865
BV1f4ScB4Efz,这个rgbminiled是不是新技术啊,1764657252,677787634,0.3955967208842005,-0.208806558231599,29410954
BV1f4ScB4Efz,海信也是出息了，能和影视飓风合作了[汤圆],1764472333,13790124,0.0030460424953629994,-0.993907915009274,29407872
BV1f4ScB4Efz,这个rgbminiled应该是目前最有前景的显示技术了，相对的oled成本高良品率低，qd技术效果又不理想,1764593453,607636830,0.023374300105890033,-0.9532513997882199,29409890
BV1f4ScB4Efz,食盐其实是很重要的战略物资，我们普通人感受不到还是因为所有相关的工业、产业链条程序过于强悍和完整，不知道你们还记不记得，去年鱿鱼封锁加沙除了不让援助食物进去外就是禁止各种调料尤其是食盐,1764471913,74096925,0.9871714283019581,0.9743428566039163,29407865
BV1f4ScB4Efz,此盐场面积相当于0.0016个通辽,1764504109,3493143118874894,0.4877987430309171,-0.024402513938165837,29408401
BV1f4ScB4Efz,海信在rgbminiled技术这方面看起来确实是领先了，不然不至于到现在大半年了，能拿出量产机的还是没几个,1764645039,14226409,0.6429847558523882,0.28596951170477647,29410750
BV1f4ScB4Efz,年初想买rgb电视但是预算不够，到年底新机出了一看预算又准备多了[喜极而泣][喜极而泣],1764473086,1028434204,0.4180205235374558,-0.16395895292508844,29407884
BV1f4ScB4Efz,大法说明年要出rgb电视，价格懂的都懂我就不说了，众所周知明年12月也是明年,1764472056,8956133,0.97832310107371,0.95664620214742,29407867
BV1f4ScB4Efz,前两天好像看到过这电视的评测，说是效果看着和oled基本没差了,1764581924,1572137241,0.7772908693162622,0.5545817386325245,29409698
BV1f4ScB4Efz,为啥海信能第一个量产rgbminiled电视啊？,1764651965,3546912540067869,0.018144981083787703,-0.9637100378324246,29410866
BV1f4ScB4Efz,你怎么知道我家在用海信的rgbminiled[doge_金箍][doge_金箍],1764471919,510661115,0.47154637033561264,-0.05690725932877472,29407865
BV1f4ScB4Efz,天天上班写湖盐的文案写吐了，没想到下班了也让我刷到个盐的热点,1764596767,629224286,0.6598391624645064,0.3196783249290127,29409946
BV1f4ScB4Efz,站在盐上面把盐弄脏了那位，这玩意儿本身就灭菌啊,1764471749,93791229,0.008837933429571954,-0.9823241331408561,29407862
BV1f4ScB4Efz,之前有个阿姨来我店里买盐，她看了一眼配料表，然后她选择不买，说里面有纳[笑哭],1764471674,3546625679034671,0.23001833641033542,-0.5399633271793292,29407861
BV1f4ScB4Efz,"感谢Tim带我们用镜头领略了盐田真实的色彩，让它们得以在海信 E8S Pro上呈现。盐田的七彩是大自然用盐度、微生物和矿物质谱写的色彩史诗，它无需滤镜，本身就是一场色彩的直出，这种色彩的“直出”逻辑，与海信RGB-MiniLED的色彩科学不谋而合。盐田用千年演化出的色彩规则，教会我们何为真实的色彩，海信RGB-Mini LED则以三原色自发光芯片的色彩直出开创极限色准和大色域空间，忠实记录自然光影，不管是用于后期调色，还是杜比视界的影游体验，它的每一帧光色都值得信任。[星星眼]

（温馨提示：本条视频搭配海信E8S Pro观看更香哦）",1764471955,1265754039,0.999999999118006,0.9999999982360119,29407865
BV1f4ScB4Efz,哥们是真要上天啊‼️[哦呼][哦呼][哦呼],1764556599,14601486,0.6924557355937095,0.3849114711874191,29409276
BV1f4ScB4Efz,@海信 把电视给我,1764471743,18495864,0.7562530117683259,0.5125060235366519,29407862
BV1f4ScB4Efz,"“我吃的盐比你走过的路还多。”
具像化啊！",1764471757,100612942,0.87135596833921,0.7427119366784201,29407862
BV1f4ScB4Efz,这电视画面确实颜色是好，那个盐田五光十色的,1764644109,1906843088,0.6821301629382112,0.3642603258764223,29410735
BV1f4ScB4Efz,海信的电视确实挺好用的，我家之前买过两台，好多年了吧，还坚挺着,1764471936,6257598,0.8654603436519658,0.7309206873039316,29407865
BV1f4ScB4Efz,这个rgbminiled是不是新技术啊,1764657252,677787634,0.3955967208842005,-0.208806558231599,29410954
BV1f4ScB4Efz,海信也是出息了，能和影视飓风合作了[汤圆],1764472333,13790124,0.0030460424953629994,-0.993907915009274,29407872
BV1f4ScB4Efz,这个rgbminiled应该是目前最有前景的显示技术了，相对的oled成本高良品率低，qd技术效果又不理想,1764593453,607636830,0.023374300105890033,-0.9532513997882199,29409890
BV1f4ScB4Efz,食盐其实是很重要的战略物资，我们普通人感受不到还是因为所有相关的工业、产业链条程序过于强悍和完整，不知道你们还记不记得，去年鱿鱼封锁加沙除了不让援助食物进去外就是禁止各种调料尤其是食盐,1764471913,74096925,0.9871714283019581,0.9743428566039163,29407865
BV1f4ScB4Efz,此盐场面积相当于0.0016个通辽,1764504109,3493143118874894,0.4877987430309171,-0.024402513938165837,29408401
BV1f4ScB4Efz,海信在rgbminiled技术这方面看起来确实是领先了，不然不至于到现在大半年了，能拿出量产机的还是没几个,1764645039,14226409,0.6429847558523882,0.28596951170477647,29410750
BV1f4ScB4Efz,年初想买rgb电视但是预算不够，到年底新机出了一看预算又准备多了[喜极而泣][喜极而泣],1764473086,1028434204,0.4180205235374558,-0.16395895292508844,29407884
BV1f4ScB4Efz,大法说明年要出rgb电视，价格懂的都懂我就不说了，众所周知明年12月也是明年,1764472056,8956133,0.97832310107371,0.95664620214742,29407867
BV1f4ScB4Efz,前两天好像看到过这电视的评测，说是效果看着和oled基本没差了,1764581924,1572137241,0.7772908693162622,0.5545817386325245,29409698
BV1f4ScB4Efz,为啥海信能第一个量产rgbminiled电视啊？,1764651965,3546912540067869,0.018144981083787703,-0.9637100378324246,29410866
BV1f4ScB4Efz,你怎么知道我家在用海信的rgbminiled[doge_金箍][doge_金箍],1764471919,510661115,0.47154637033561264,-0.05690725932877472,29407865
BV1f4ScB4Efz,天天上班写湖盐的文案写吐了，没想到下班了也让我刷到个盐的热点,1764596767,629224286,0.6598391624645064,0.3196783249290127,29409946
BV1f4ScB4Efz,站在盐上面把盐弄脏了那位，这玩意儿本身就灭菌啊,1764471749,93791229,0.008837933429571954,-0.9823241331408561,29407862
BV1f4ScB4Efz,之前有个阿姨来我店里买盐，她看了一眼配料表，然后她选择不买，说里面有纳[笑哭],1764471674,3546625679034671,0.23001833641033542,-0.5399633271793292,29407861
BV1f4ScB4Efz,"感谢Tim带我们用镜头领略了盐田真实的色彩，让它们得以在海信 E8S Pro上呈现。盐田的七彩是大自然用盐度、微生物和矿物质谱写的色彩史诗，它无需滤镜，本身就是一场色彩的直出，这种色彩的“直出”逻辑，与海信RGB-MiniLED的色彩科学不谋而合。盐田用千年演化出的色彩规则，教会我们何为真实的色彩，海信RGB-Mini LED则以三原色自发光芯片的色彩直出开创极限色准和大色域空间，忠实记录自然光影，不管是用于后期调色，还是杜比视界的影游体验，它的每一帧光色都值得信任。[星星眼]

（温馨提示：本条视频搭配海信E8S Pro观看更香哦）",1764471955,1265754039,0.999999999118006,0.9999999982360119,29407865
BV1f4ScB4Efz,哥们是真要上天啊‼️[哦呼][哦呼][哦呼],1764556599,14601486,0.6924557355937095,0.3849114711874191,29409276
BV1f4ScB4Efz,@海信 把电视给我,1764471743,18495864,0.7562530117683259,0.5125060235366519,29407862
BV1f4ScB4Efz,"“我吃的盐比你走过的路还多。”
具像化啊！",1764471757,100612942,0.87135596833921,0.7427119366784201,29407862
BV1f4ScB4Efz,这电视画面确实颜色是好，那个盐田五光十色的,1764644109,1906843088,0.6821301629382112,0.3642603258764223,29410735
BV1f4ScB4Efz,海信的电视确实挺好用的，我家之前买过两台，好多年了吧，还坚挺着,1764471936,6257598,0.8654603436519658,0.7309206873039316,29407865
BV1f4ScB4Efz,这个rgbminiled是不是新技术啊,1764657252,677787634,0.3955967208842005,-0.208806558231599,29410954
BV1f4ScB4Efz,海信也是出息了，能和影视飓风合作了[汤圆],1764472333,13790124,0.0030460424953629994,-0.993907915009274,29407872
BV1f4ScB4Efz,这个rgbminiled应该是目前最有前景的显示技术了，相对的oled成本高良品率低，qd技术效果又不理想,1764593453,607636830,0.023374300105890033,-0.9532513997882199,29409890
BV1f4ScB4Efz,食盐其实是很重要的战略物资，我们普通人感受不到还是因为所有相关的工业、产业链条程序过于强悍和完整，不知道你们还记不记得，去年鱿鱼封锁加沙除了不让援助食物进去外就是禁止各种调料尤其是食盐,1764471913,74096925,0.9871714283019581,0.9743428566039163,29407865
BV1f4ScB4Efz,此盐场面积相当于0.0016个通辽,1764504109,3493143118874894,0.4877987430309171,-0.024402513938165837,29408401
BV1f4ScB4Efz,海信在rgbminiled技术这方面看起来确实是领先了，不然不至于到现在大半年了，能拿出量产机的还是没几个,1764645039,14226409,0.6429847558523882,0.28596951170477647,29410750
BV1f4ScB4Efz,年初想买rgb电视但是预算不够，到年底新机出了一看预算又准备多了[喜极而泣][喜极而泣],1764473086,1028434204,0.4180205235374558,-0.16395895292508844,29407884
BV1f4ScB4Efz,大法说明年要出rgb电视，价格懂的都懂我就不说了，众所周知明年12月也是明年,1764472056,8956133,0.97832310107371,0.95664620214742,29407867
BV1f4ScB4Efz,前两天好像看到过这电视的评测，说是效果看着和oled基本没差了,1764581924,1572137241,0.7772908693162622,0.5545817386325245,29409698
BV1f4ScB4Efz,为啥海信能第一个量产rgbminiled电视啊？,1764651965,3546912540067869,0.018144981083787703,-0.9637100378324246,29410866
BV1f4ScB4Efz,你怎么知道我家在用海信的rgbminiled[doge_金箍][doge_金箍],1764471919,510661115,0.47154637033561264,-0.05690725932877472,29407865
BV1f4ScB4Efz,天天上班写湖盐的文案写吐了，没想到下班了也让我刷到个盐的热点,1764596767,629224286,0.6598391624645064,0.3196783249290127,29409946
BV1f4ScB4Efz,站在盐上面把盐弄脏了那位，这玩意儿本身就灭菌啊,1764471749,93791229,0.008837933429571954,-0.9823241331408561,29407862
BV1f4ScB4Efz,之前有个阿姨来我店里买盐，她看了一眼配料表，然后她选择不买，说里面有纳[笑哭],1764471674,3546625679034671,0.23001833641033542,-0.5399633271793292,29407861
BV1f4ScB4Efz,"感谢Tim带我们用镜头领略了盐田真实的色彩，让它们得以在海信 E8S Pro上呈现。盐田的七彩是大自然用盐度、微生物和矿物质谱写的色彩史诗，它无需滤镜，本身就是一场色彩的直出，这种色彩的“直出”逻辑，与海信RGB-MiniLED的色彩科学不谋而合。盐田用千年演化出的色彩规则，教会我们何为真实的色彩，海信RGB-Mini LED则以三原色自发光芯片的色彩直出开创极限色准和大色域空间，忠实记录自然光影，不管是用于后期调色，还是杜比视界的影游体验，它的每一帧光色都值得信任。[星星眼]

（温馨提示：本条视频搭配海信E8S Pro观看更香哦）",1764471955,1265754039,0.999999999118006,0.9999999982360119,29407865
BV1f4ScB4Efz,哥们是真要上天啊‼️[哦呼][哦呼][哦呼],1764556599,14601486,0.6924557355937095,0.3849114711874191,29409276
BV1f4ScB4Efz,@海信 把电视给我,1764471743,18495864,0.7562530117683259,0.5125060235366519,29407862
BV1f4ScB4Efz,"“我吃的盐比你走过的路还多。”
具像化啊！",1764471757,100612942,0.87135596833921,0.7427119366784201,29407862
BV1f4ScB4Efz,这电视画面确实颜色是好，那个盐田五光十色的,1764644109,1906843088,0.6821301629382112,0.3642603258764223,29410735
BV1f4ScB4Efz,海信的电视确实挺好用的，我家之前买过两台，好多年了吧，还坚挺着,1764471936,6257598,0.8654603436519658,0.7309206873039316,29407865
BV1f4ScB4Efz,这个rgbminiled是不是新技术啊,1764657252,677787634,0.3955967208842005,-0.208806558231599,29410954
BV1f4ScB4Efz,海信也是出息了，能和影视飓风合作了[汤圆],1764472333,13790124,0.0030460424953629994,-0.993907915009274,29407872
BV1f4ScB4Efz,这个rgbminiled应该是目前最有前景的显示技术了，相对的oled成本高良品率低，qd技术效果又不理想,1764593453,607636830,0.023374300105890033,-0.9532513997882199,29409890
BV1f4ScB4Efz,食盐其实是很重要的战略物资，我们普通人感受不到还是因为所有相关的工业、产业链条程序过于强悍和完整，不知道你们还记不记得，去年鱿鱼封锁加沙除了不让援助食物进去外就是禁止各种调料尤其是食盐,1764471913,74096925,0.9871714283019581,0.9743428566039163,29407865
BV1f4ScB4Efz,此盐场面积相当于0.0016个通辽,1764504109,3493143118874894,0.4877987430309171,-0.024402513938165837,29408401
BV1f4ScB4Efz,海信在rgbminiled技术这方面看起来确实是领先了，不然不至于到现在大半年了，能拿出量产机的还是没几个,1764645039,14226409,0.6429847558523882,0.28596951170477647,29410750
BV1f4ScB4Efz,年初想买rgb电视但是预算不够，到年底新机出了一看预算又准备多了[喜极而泣][喜极而泣],1764473086,1028434204,0.4180205235374558,-0.16395895292508844,29407884
BV1f4ScB4Efz,大法说明年要出rgb电视，价格懂的都懂我就不说了，众所周知明年12月也是明年,1764472056,8956133,0.97832310107371,0.95664620214742,29407867
BV1f4ScB4Efz,前两天好像看到过这电视的评测，说是效果看着和oled基本没差了,1764581924,1572137241,0.7772908693162622,0.5545817386325245,29409698
BV1f4ScB4Efz,为啥海信能第一个量产rgbminiled电视啊？,1764651965,3546912540067869,0.018144981083787703,-0.9637100378324246,29410866
BV1f4ScB4Efz,你怎么知道我家在用海信的rgbminiled[doge_金箍][doge_金箍],1764471919,510661115,0.47154637033561264,-0.05690725932877472,29407865
BV1f4ScB4Efz,天天上班写湖盐的文案写吐了，没想到下班了也让我刷到个盐的热点,1764596767,629224286,0.6598391624645064,0.3196783249290127,29409946
BV1f4ScB4Efz,站在盐上面把盐弄脏了那位，这玩意儿本身就灭菌啊,1764471749,93791229,0.008837933429571954,-0.9823241331408561,29407862
BV1f4ScB4Efz,之前有个阿姨来我店里买盐，她看了一眼配料表，然后她选择不买，说里面有纳[笑哭],1764471674,3546625679034671,0.23001833641033542,-0.5399633271793292,29407861
BV1f4ScB4Efz,"感谢Tim带我们用镜头领略了盐田真实的色彩，让它们得以在海信 E8S Pro上呈现。盐田的七彩是大自然用盐度、微生物和矿物质谱写的色彩史诗，它无需滤镜，本身就是一场色彩的直出，这种色彩的“直出”逻辑，与海信RGB-MiniLED的色彩科学不谋而合。盐田用千年演化出的色彩规则，教会我们何为真实的色彩，海信RGB-Mini LED则以三原色自发光芯片的色彩直出开创极限色准和大色域空间，忠实记录自然光影，不管是用于后期调色，还是杜比视界的影游体验，它的每一帧光色都值得信任。[星星眼]

（温馨提示：本条视频搭配海信E8S Pro观看更香哦）",1764471955,1265754039,0.999999999118006,0.9999999982360119,29407865
BV1f4ScB4Efz,哥们是真要上天啊‼️[哦呼][哦呼][哦呼],1764556599,14601486,0.6924557355937095,0.3849114711874191,29409276
BV1f4ScB4Efz,@海信 把电视给我,1764471743,18495864,0.7562530117683259,0.5125060235366519,29407862
BV1f4ScB4Efz,"“我吃的盐比你走过的路还多。”
具像化啊！",1764471757,100612942,0.87135596833921,0.7427119366784201,29407862
BV1f4ScB4Efz,这电视画面确实颜色是好，那个盐田五光十色的,1764644109,1906843088,0.6821301629382112,0.3642603258764223,29410735
BV1f4ScB4Efz,海信的电视确实挺好用的，我家之前买过两台，好多年了吧，还坚挺着,1764471936,6257598,0.8654603436519658,0.7309206873039316,29407865
BV1f4ScB4Efz,这个rgbminiled是不是新技术啊,1764657252,677787634,0.3955967208842005,-0.208806558231599,29410954
BV1f4ScB4Efz,海信也是出息了，能和影视飓风合作了[汤圆],1764472333,13790124,0.0030460424953629994,-0.993907915009274,29407872
BV1f4ScB4Efz,这个rgbminiled应该是目前最有前景的显示技术了，相对的oled成本高良品率低，qd技术效果又不理想,1764593453,607636830,0.023374300105890033,-0.9532513997882199,29409890
BV1f4ScB4Efz,食盐其实是很重要的战略物资，我们普通人感受不到还是因为所有相关的工业、产业链条程序过于强悍和完整，不知道你们还记不记得，去年鱿鱼封锁加沙除了不让援助食物进去外就是禁止各种调料尤其是食盐,1764471913,74096925,0.9871714283019581,0.9743428566039163,29407865
BV1f4ScB4Efz,此盐场面积相当于0.0016个通辽,1764504109,3493143118874894,0.4877987430309171,-0.024402513938165837,29408401
BV1f4ScB4Efz,海信在rgbminiled技术这方面看起来确实是领先了，不然不至于到现在大半年了，能拿出量产机的还是没几个,1764645039,14226409,0.6429847558523882,0.28596951170477647,29410750
BV1f4ScB4Efz,年初想买rgb电视但是预算不够，到年底新机出了一看预算又准备多了[喜极而泣][喜极而泣],1764473086,1028434204,0.4180205235374558,-0.16395895292508844,29407884
BV1f4ScB4Efz,大法说明年要出rgb电视，价格懂的都懂我就不说了，众所周知明年12月也是明年,1764472056,8956133,0.97832310107371,0.95664620214742,29407867
BV1f4ScB4Efz,前两天好像看到过这电视的评测，说是效果看着和oled基本没差了,1764581924,1572137241,0.7772908693162622,0.5545817386325245,29409698
BV1f4ScB4Efz,为啥海信能第一个量产rgbminiled电视啊？,1764651965,3546912540067869,0.018144981083787703,-0.9637100378324246,29410866
BV1f4ScB4Efz,你怎么知道我家在用海信的rgbminiled[doge_金箍][doge_金箍],1764471919,510661115,0.47154637033561264,-0.05690725932877472,29407865
BV1f4ScB4Efz,天天上班写湖盐的文案写吐了，没想到下班了也让我刷到个盐的热点,1764596767,629224286,0.6598391624645064,0.3196783249290127,29409946
BV1f4ScB4Efz,站在盐上面把盐弄脏了那位，这玩意儿本身就灭菌啊,1764471749,93791229,0.008837933429571954,-0.9823241331408561,29407862
BV1f4ScB4Efz,之前有个阿姨来我店里买盐，她看了一眼配料表，然后她选择不买，说里面有纳[笑哭],1764471674,3546625679034671,0.23001833641033542,-0.5399633271793292,29407861
BV1f4ScB4Efz,"感谢Tim带我们用镜头领略了盐田真实的色彩，让它们得以在海信 E8S Pro上呈现。盐田的七彩是大自然用盐度、微生物和矿物质谱写的色彩史诗，它无需滤镜，本身就是一场色彩的直出，这种色彩的“直出”逻辑，与海信RGB-MiniLED的色彩科学不谋而合。盐田用千年演化出的色彩规则，教会我们何为真实的色彩，海信RGB-Mini LED则以三原色自发光芯片的色彩直出开创极限色准和大色域空间，忠实记录自然光影，不管是用于后期调色，还是杜比视界的影游体验，它的每一帧光色都值得信任。[星星眼]

（温馨提示：本条视频搭配海信E8S Pro观看更香哦）",1764471955,1265754039,0.999999999118006,0.9999999982360119,29407865
BV1f4ScB4Efz,哥们是真要上天啊‼️[哦呼][哦呼][哦呼],1764556599,14601486,0.6924557355937095,0.3849114711874191,29409276
BV1f4ScB4Efz,@海信 把电视给我,1764471743,18495864,0.7562530117683259,0.5125060235366519,29407862
BV1f4ScB4Efz,"“我吃的盐比你走过的路还多。”
具像化啊！",1764471757,100612942,0.87135596833921,0.7427119366784201,29407862
BV1f4ScB4Efz,这电视画面确实颜色是好，那个盐田五光十色的,1764644109,1906843088,0.6821301629382112,0.3642603258764223,29410735
BV1f4ScB4Efz,海信的电视确实挺好用的，我家之前买过两台，好多年了吧，还坚挺着,1764471936,6257598,0.8654603436519658,0.7309206873039316,29407865
BV1f4ScB4Efz,这个rgbminiled是不是新技术啊,1764657252,677787634,0.3955967208842005,-0.208806558231599,29410954
BV1f4ScB4Efz,海信也是出息了，能和影视飓风合作了[汤圆],1764472333,13790124,0.0030460424953629994,-0.993907915009274,29407872
BV1f4ScB4Efz,这个rgbminiled应该是目前最有前景的显示技术了，相对的oled成本高良品率低，qd技术效果又不理想,1764593453,607636830,0.023374300105890033,-0.9532513997882199,29409890
BV1f4ScB4Efz,食盐其实是很重要的战略物资，我们普通人感受不到还是因为所有相关的工业、产业链条程序过于强悍和完整，不知道你们还记不记得，去年鱿鱼封锁加沙除了不让援助食物进去外就是禁止各种调料尤其是食盐,1764471913,74096925,0.9871714283019581,0.9743428566039163,29407865
BV1f4ScB4Efz,此盐场面积相当于0.0016个通辽,1764504109,3493143118874894,0.4877987430309171,-0.024402513938165837,29408401
BV1f4ScB4Efz,海信在rgbminiled技术这方面看起来确实是领先了，不然不至于到现在大半年了，能拿出量产机的还是没几个,1764645039,14226409,0.6429847558523882,0.28596951170477647,29410750
BV1f4ScB4Efz,年初想买rgb电视但是预算不够，到年底新机出了一看预算又准备多了[喜极而泣][喜极而泣],1764473086,1028434204,0.4180205235374558,-0.16395895292508844,29407884
BV1f4ScB4Efz,大法说明年要出rgb电视，价格懂的都懂我就不说了，众所周知明年12月也是明年,1764472056,8956133,0.97832310107371,0.95664620214742,29407867
BV1f4ScB4Efz,前两天好像看到过这电视的评测，说是效果看着和oled基本没差了,1764581924,1572137241,0.7772908693162622,0.5545817386325245,29409698
BV1f4ScB4Efz,为啥海信能第一个量产rgbminiled电视啊？,1764651965,3546912540067869,0.018144981083787703,-0.9637100378324246,29410866
BV1f4ScB4Efz,你怎么知道我家在用海信的rgbminiled[doge_金箍][doge_金箍],1764471919,510661115,0.47154637033561264,-0.05690725932877472,29407865
BV1f4ScB4Efz,天天上班写湖盐的文案写吐了，没想到下班了也让我刷到个盐的热点,1764596767,629224286,0.6598391624645064,0.3196783249290127,29409946
BV1f4ScB4Efz,站在盐上面把盐弄脏了那位，这玩意儿本身就灭菌啊,1764471749,93791229,0.008837933429571954,-0.9823241331408561,29407862
BV1f4ScB4Efz,之前有个阿姨来我店里买盐，她看了一眼配料表，然后她选择不买，说里面有纳[笑哭],1764471674,3546625679034671,0.23001833641033542,-0.5399633271793292,29407861
BV1f4ScB4Efz,"感谢Tim带我们用镜头领略了盐田真实的色彩，让它们得以在海信 E8S Pro上呈现。盐田的七彩是大自然用盐度、微生物和矿物质谱写的色彩史诗，它无需滤镜，本身就是一场色彩的直出，这种色彩的“直出”逻辑，与海信RGB-MiniLED的色彩科学不谋而合。盐田用千年演化出的色彩规则，教会我们何为真实的色彩，海信RGB-Mini LED则以三原色自发光芯片的色彩直出开创极限色准和大色域空间，忠实记录自然光影，不管是用于后期调色，还是杜比视界的影游体验，它的每一帧光色都值得信任。[星星眼]

（温馨提示：本条视频搭配海信E8S Pro观看更香哦）",1764471955,1265754039,0.999999999118006,0.9999999982360119,29407865
BV1f4ScB4Efz,哥们是真要上天啊‼️[哦呼][哦呼][哦呼],1764556599,14601486,0.6924557355937095,0.3849114711874191,29409276
BV1f4ScB4Efz,@海信 把电视给我,1764471743,18495864,0.7562530117683259,0.5125060235366519,29407862
BV1f4ScB4Efz,"“我吃的盐比你走过的路还多。”
具像化啊！",1764471757,100612942,0.87135596833921,0.7427119366784201,29407862
BV1f4ScB4Efz,这电视画面确实颜色是好，那个盐田五光十色的,1764644109,1906843088,0.6821301629382112,0.3642603258764223,29410735
BV1f4ScB4Efz,海信的电视确实挺好用的，我家之前买过两台，好多年了吧，还坚挺着,1764471936,6257598,0.8654603436519658,0.7309206873039316,29407865
BV1f4ScB4Efz,这个rgbminiled是不是新技术啊,1764657252,677787634,0.3955967208842005,-0.208806558231599,29410954
BV1f4ScB4Efz,海信也是出息了，能和影视飓风合作了[汤圆],1764472333,13790124,0.0030460424953629994,-0.993907915009274,29407872
BV1f4ScB4Efz,这个rgbminiled应该是目前最有前景的显示技术了，相对的oled成本高良品率低，qd技术效果又不理想,1764593453,607636830,0.023374300105890033,-0.9532513997882199,29409890
BV1f4ScB4Efz,食盐其实是很重要的战略物资，我们普通人感受不到还是因为所有相关的工业、产业链条程序过于强悍和完整，不知道你们还记不记得，去年鱿鱼封锁加沙除了不让援助食物进去外就是禁止各种调料尤其是食盐,1764471913,74096925,0.9871714283019581,0.9743428566039163,29407865
BV1f4ScB4Efz,此盐场面积相当于0.0016个通辽,1764504109,3493143118874894,0.4877987430309171,-0.024402513938165837,29408401
BV1f4ScB4Efz,海信在rgbminiled技术这方面看起来确实是领先了，不然不至于到现在大半年了，能拿出量产机的还是没几个,1764645039,14226409,0.6429847558523882,0.28596951170477647,29410750
BV1f4ScB4Efz,年初想买rgb电视但是预算不够，到年底新机出了一看预算又准备多了[喜极而泣][喜极而泣],1764473086,1028434204,0.4180205235374558,-0.16395895292508844,29407884
BV1f4ScB4Efz,大法说明年要出rgb电视，价格懂的都懂我就不说了，众所周知明年12月也是明年,1764472056,8956133,0.97832310107371,0.95664620214742,29407867
BV1f4ScB4Efz,前两天好像看到过这电视的评测，说是效果看着和oled基本没差了,1764581924,1572137241,0.7772908693162622,0.5545817386325245,29409698
BV1f4ScB4Efz,为啥海信能第一个量产rgbminiled电视啊？,1764651965,3546912540067869,0.018144981083787703,-0.9637100378324246,29410866
BV1f4ScB4Efz,你怎么知道我家在用海信的rgbminiled[doge_金箍][doge_金箍],1764471919,510661115,0.47154637033561264,-0.05690725932877472,29407865
BV1f4ScB4Efz,天天上班写湖盐的文案写吐了，没想到下班了也让我刷到个盐的热点,1764596767,629224286,0.6598391624645064,0.3196783249290127,29409946
BV1f4ScB4Efz,站在盐上面把盐弄脏了那位，这玩意儿本身就灭菌啊,1764471749,93791229,0.008837933429571954,-0.9823241331408561,29407862
BV1f4ScB4Efz,之前有个阿姨来我店里买盐，她看了一眼配料表，然后她选择不买，说里面有纳[笑哭],1764471674,3546625679034671,0.23001833641033542,-0.5399633271793292,29407861
BV1f4ScB4Efz,"感谢Tim带我们用镜头领略了盐田真实的色彩，让它们得以在海信 E8S Pro上呈现。盐田的七彩是大自然用盐度、微生物和矿物质谱写的色彩史诗，它无需滤镜，本身就是一场色彩的直出，这种色彩的“直出”逻辑，与海信RGB-MiniLED的色彩科学不谋而合。盐田用千年演化出的色彩规则，教会我们何为真实的色彩，海信RGB-Mini LED则以三原色自发光芯片的色彩直出开创极限色准和大色域空间，忠实记录自然光影，不管是用于后期调色，还是杜比视界的影游体验，它的每一帧光色都值得信任。[星星眼]

（温馨提示：本条视频搭配海信E8S Pro观看更香哦）",1764471955,1265754039,0.999999999118006,0.9999999982360119,29407865
BV1f4ScB4Efz,哥们是真要上天啊‼️[哦呼][哦呼][哦呼],1764556599,14601486,0.6924557355937095,0.3849114711874191,29409276
BV1f4ScB4Efz,@海信 把电视给我,1764471743,18495864,0.7562530117683259,0.5125060235366519,29407862
BV1f4ScB4Efz,"“我吃的盐比你走过的路还多。”
具像化啊！",1764471757,100612942,0.87135596833921,0.7427119366784201,29407862
BV1f4ScB4Efz,这电视画面确实颜色是好，那个盐田五光十色的,1764644109,1906843088,0.6821301629382112,0.3642603258764223,29410735
BV1f4ScB4Efz,海信的电视确实挺好用的，我家之前买过两台，好多年了吧，还坚挺着,1764471936,6257598,0.8654603436519658,0.7309206873039316,29407865
BV1f4ScB4Efz,这个rgbminiled是不是新技术啊,1764657252,677787634,0.3955967208842005,-0.208806558231599,29410954
BV1f4ScB4Efz,海信也是出息了，能和影视飓风合作了[汤圆],1764472333,13790124,0.0030460424953629994,-0.993907915009274,29407872
BV1f4ScB4Efz,这个rgbminiled应该是目前最有前景的显示技术了，相对的oled成本高良品率低，qd技术效果又不理想,1764593453,607636830,0.023374300105890033,-0.9532513997882199,29409890
BV1f4ScB4Efz,食盐其实是很重要的战略物资，我们普通人感受不到还是因为所有相关的工业、产业链条程序过于强悍和完整，不知道你们还记不记得，去年鱿鱼封锁加沙除了不让援助食物进去外就是禁止各种调料尤其是食盐,1764471913,74096925,0.9871714283019581,0.9743428566039163,29407865
BV1f4ScB4Efz,此盐场面积相当于0.0016个通辽,1764504109,3493143118874894,0.4877987430309171,-0.024402513938165837,29408401
BV1f4ScB4Efz,海信在rgbminiled技术这方面看起来确实是领先了，不然不至于到现在大半年了，能拿出量产机的还是没几个,1764645039,14226409,0.6429847558523882,0.28596951170477647,29410750
BV1f4ScB4Efz,年初想买rgb电视但是预算不够，到年底新机出了一看预算又准备多了[喜极而泣][喜极而泣],1764473086,1028434204,0.4180205235374558,-0.16395895292508844,29407884
BV1f4ScB4Efz,大法说明年要出rgb电视，价格懂的都懂我就不说了，众所周知明年12月也是明年,1764472056,8956133,0.97832310107371,0.95664620214742,29407867
BV1f4ScB4Efz,前两天好像看到过这电视的评测，说是效果看着和oled基本没差了,1764581924,1572137241,0.7772908693162622,0.5545817386325245,29409698
BV1f4ScB4Efz,为啥海信能第一个量产rgbminiled电视啊？,1764651965,3546912540067869,0.018144981083787703,-0.9637100378324246,29410866
BV1f4ScB4Efz,你怎么知道我家在用海信的rgbminiled[doge_金箍][doge_金箍],1764471919,510661115,0.47154637033561264,-0.05690725932877472,29407865
BV1f4ScB4Efz,天天上班写湖盐的文案写吐了，没想到下班了也让我刷到个盐的热点,1764596767,629224286,0.6598391624645064,0.3196783249290127,29409946
BV1f4ScB4Efz,站在盐上面把盐弄脏了那位，这玩意儿本身就灭菌啊,1764471749,93791229,0.008837933429571954,-0.9823241331408561,29407862
BV1f4ScB4Efz,之前有个阿姨来我店里买盐，她看了一眼配料表，然后她选择不买，说里面有纳[笑哭],1764471674,3546625679034671,0.23001833641033542,-0.5399633271793292,29407861
BV1f4ScB4Efz,"感谢Tim带我们用镜头领略了盐田真实的色彩，让它们得以在海信 E8S Pro上呈现。盐田的七彩是大自然用盐度、微生物和矿物质谱写的色彩史诗，它无需滤镜，本身就是一场色彩的直出，这种色彩的“直出”逻辑，与海信RGB-MiniLED的色彩科学不谋而合。盐田用千年演化出的色彩规则，教会我们何为真实的色彩，海信RGB-Mini LED则以三原色自发光芯片的色彩直出开创极限色准和大色域空间，忠实记录自然光影，不管是用于后期调色，还是杜比视界的影游体验，它的每一帧光色都值得信任。[星星眼]

（温馨提示：本条视频搭配海信E8S Pro观看更香哦）",1764471955,1265754039,0.999999999118006,0.9999999982360119,29407865
BV1f4ScB4Efz,哥们是真要上天啊‼️[哦呼][哦呼][哦呼],1764556599,14601486,0.6924557355937095,0.3849114711874191,29409276
BV1f4ScB4Efz,@海信 把电视给我,1764471743,18495864,0.7562530117683259,0.5125060235366519,29407862
BV1f4ScB4Efz,"“我吃的盐比你走过的路还多。”
具像化啊！",1764471757,100612942,0.87135596833921,0.7427119366784201,29407862
BV1f4ScB4Efz,这电视画面确实颜色是好，那个盐田五光十色的,1764644109,1906843088,0.6821301629382112,0.3642603258764223,29410735
BV1f4ScB4Efz,海信的电视确实挺好用的，我家之前买过两台，好多年了吧，还坚挺着,1764471936,6257598,0.8654603436519658,0.7309206873039316,29407865
BV1f4ScB4Efz,这个rgbminiled是不是新技术啊,1764657252,677787634,0.3955967208842005,-0.208806558231599,29410954
BV1f4ScB4Efz,海信也是出息了，能和影视飓风合作了[汤圆],1764472333,13790124,0.0030460424953629994,-0.993907915009274,29407872
BV1f4ScB4Efz,这个rgbminiled应该是目前最有前景的显示技术了，相对的oled成本高良品率低，qd技术效果又不理想,1764593453,607636830,0.023374300105890033,-0.9532513997882199,29409890
BV1f4ScB4Efz,食盐其实是很重要的战略物资，我们普通人感受不到还是因为所有相关的工业、产业链条程序过于强悍和完整，不知道你们还记不记得，去年鱿鱼封锁加沙除了不让援助食物进去外就是禁止各种调料尤其是食盐,1764471913,74096925,0.9871714283019581,0.9743428566039163,29407865
BV1f4ScB4Efz,此盐场面积相当于0.0016个通辽,1764504109,3493143118874894,0.4877987430309171,-0.024402513938165837,29408401
BV1f4ScB4Efz,海信在rgbminiled技术这方面看起来确实是领先了，不然不至于到现在大半年了，能拿出量产机的还是没几个,1764645039,14226409,0.6429847558523882,0.28596951170477647,29410750
BV1f4ScB4Efz,年初想买rgb电视但是预算不够，到年底新机出了一看预算又准备多了[喜极而泣][喜极而泣],1764473086,1028434204,0.4180205235374558,-0.16395895292508844,29407884
BV1f4ScB4Efz,大法说明年要出rgb电视，价格懂的都懂我就不说了，众所周知明年12月也是明年,1764472056,8956133,0.97832310107371,0.95664620214742,29407867
BV1f4ScB4Efz,前两天好像看到过这电视的评测，说是效果看着和oled基本没差了,1764581924,1572137241,0.7772908693162622,0.5545817386325245,29409698
BV1f4ScB4Efz,为啥海信能第一个量产rgbminiled电视啊？,1764651965,3546912540067869,0.018144981083787703,-0.9637100378324246,29410866
BV1f4ScB4Efz,你怎么知道我家在用海信的rgbminiled[doge_金箍][doge_金箍],1764471919,510661115,0.47154637033561264,-0.05690725932877472,29407865
BV1f4ScB4Efz,天天上班写湖盐的文案写吐了，没想到下班了也让我刷到个盐的热点,1764596767,629224286,0.6598391624645064,0.3196783249290127,29409946
BV1f4ScB4Efz,站在盐上面把盐弄脏了那位，这玩意儿本身就灭菌啊,1764471749,93791229,0.008837933429571954,-0.9823241331408561,29407862
BV1QMSjBREzr,"我一直认为的AI无法超越人类的一点就是情感，后来有一天，我看到一篇非常令我产生情绪的文章，正准备给作者留言写长篇大论时，我瞟到了文章的标签，“AI生成”，明明都是蓝底白字，但那四个字就是如此刺眼，那一刻我心理的情绪真的极其复杂，先是震惊，再是疑惑，最后陷入迷茫，不知所措。
我害怕有一天AI不仅替代了我们的创作，还替代了真人才能提供给你的情绪情感，那些我为其所悲的，为其所怒的，为其所乐的，全都只是大数据库拼凑出来的产物，全都是假的，那些令我感动的画面、音乐、文章，全都是假的，不存在的。
我向来都是一个思想比较开放的人，但此时此刻......我就像一个封建的守旧派。",1764336568,601086053,0.9999999999792601,0.9999999999585203,29405609
BV1QMSjBREzr,对ai的运用belike,1764328088,512808386,0.4737672181921908,-0.05246556361561838,29405468
BV1QMSjBREzr,我也常用AI处理文字，这个事完全不值当的这么感伤和恐惧，即使AI能做出最出色的银河列车又有什么关系？它会自己想去做一个银河列车吗？它会想给57做一个MV吗？它始终只是你实现梦想的工具，你为什么要嫉妒你的工具，离开你的思想和情感，它一钱不值……,1764339089,26376634,0.9999997972847796,0.9999995945695592,29405651
BV1QMSjBREzr,很感谢和影视飓风一起经历的那段奇幻之旅，这一路上我们收获的伙伴、回忆都远远超出了拍一支mv本身的意义，不管未来将会怎样变化，我们始终会怀着对音乐的那颗初心，无限进步！,1764328661,11623954,0.99999974857223,0.9999994971444599,29405477
BV1QMSjBREzr,在读研，也是这样的感觉，代码全用ai，调研也是喂ai文献，自己似乎是提示词工程师，每天研究怎么修改提示词让ai最大化理解我的意思[热],1764330538,650781375,0.8542080017332,0.7084160034664,29405508
BV1QMSjBREzr,"AI帮你节省了不少时间
但你还会有
等待几小时
拍到日出时的激动吗",1764331769,490771569,0.7660860222100667,0.5321720444201334,29405529
BV1QMSjBREzr,真的很荣幸能参与这样有意义的项目，希望这场无人机表演，能在他的生命里留下一点点光，也希望我们的无人机，能继续为世界带去爱与美好！[打call],1764328509,477558279,0.9999819129745501,0.9999638259491002,29405475
BV1QMSjBREzr,"说真的，这个选材和文案都真的太好了
很符合现在这个ai时代
预计这个视频会有1000万播放，现在16万[给心心][大笑]",1764330362,1961736666,0.9851964416405514,0.9703928832811028,29405506
BV1QMSjBREzr,看简介就知道这期的含金量,1764328758,420231720,0.8451258994413495,0.690251798882699,29405479
BV1QMSjBREzr,冲击确实大，很多学校得设计专业都取消了，但我觉得审美是永远都不会过时的一项能力。而且就是很主观，人之所以为人才懂得什么是美。同一个手机，在我的手里拍出来就是路边一条，在我朋友手里一拍就是大片。[笑哭],1764327935,260302,0.9999597517235067,0.9999195034470134,29405465
BV1QMSjBREzr,家人们还记得少轩吗[脱单doge],1764327955,173006769,0.6324089903147244,0.26481798062944883,29405465
BV1QMSjBREzr,如果用一个字来区别人和AI，那会是什么？,1764327588,353000472,0.4646247932549671,-0.07075041349006583,29405459
BV1QMSjBREzr,真的不敢想十年后时代会是什么样子。[捂眼],1764337800,2099739,0.27935857270221354,-0.4412828545955729,29405630
BV1QMSjBREzr,之前就有人预警AI的科技树点歪了，本来ai应该用于工业生产和家居生活，各种机器人，扫地做饭家务，自动驾驶，但现在AI却点在了各种艺术语言类,1764329928,394236876,0.9414667482275344,0.8829334964550688,29405498
BV1QMSjBREzr,"Tim说：当 AI 超越人类的时候，我们留下的，就是经历。
2022 年，少轩 SRAG 在镜头里第一次看见奔跑的自己；
2023 年，升空的卫星把热乎的午餐带到乡村；
2024 年，57 第一次看到大海，深海乐队的《银河列车》告诉我们，沉默也能闪光；
2025 年的今天，这支视频把科技、人性和爱融合在一起。
也欢迎你一起把这段经历延伸下去，通过 https://b23.tv/zgA3S0Z 了解爱的分贝聋儿救助项目的持续进展，让银河列车载着更多爱，驶向那些等待声音的孩子。",1764329312,674734501,0.9999999971519835,0.999999994303967,29405488
BV1QMSjBREzr,我单方面宣布这就是影视飓风今年最棒的作品[大哭],1764329278,95988589,0.9108822340153848,0.8217644680307696,29405487
BV1QMSjBREzr,这个视频我看哭了，但AI不会，它也不会理解我为什么看哭,1764329101,351999927,0.8852231179528292,0.7704462359056583,29405485
BV1QMSjBREzr,从2022到2025，我们和 @影视飓风 一起记录了许多瞬间：少轩 SRAG 在奔跑中的笑；乡村孩子吃到热乎午餐的满足；“57”和“银河列车”背后那些沉默却闪光的故事。在今年的视频里Tim说：“当 AI 最终超越人类的时候，我们能留下的，就是经历。”影像会进步，技术会变化，但人与人之间的理解、陪伴与善意，是任何技术都无法取代的。如果你也被触动，欢迎通过 https://b23.tv/zgA3S0Z 了解视频里提到的【爱的分贝聋儿救助】公益项目。愿经历继续成为我们共同的财富，也让爱沿着银河列车的轨道，去到更多听障孩子身边！,1764327954,674734501,1.0,1.0,29405465
BV1QMSjBREzr,"想了想，边看边想的。最后没得出一个结论，或者说得出了“很难给出结论”的结论。但我还是把自己的想法整理了一下，应该可以让各位没那么焦虑，也给愿意深入思考这个问题的人一个我个人认为蛮有趣的思考角度。把这个略显抽象问题转变为了一个比较直观的，比较现实的问题。
其实这个与ai有关的问题与ai关系又不大
首先我们做出一个假设：ai已经发展到非常强大的地步，能代替社会中的一切工作。无论是科研还是艺术创作。甚至可能在一些微观层面已经达到了这个地步，但把这个范围扩展到全世界显然能让问题更有讨论价值。

第一个问题：ai完全替代了我们吗？
答案是否定的。请问在这期视频里，如果影视飓风完全由ai制作视频，这个行为对于乐队的意义一样吗？
这么问也许不够直观，那么换个问法：在你的生日，你心上人给你用3d打印了一个吊坠，与自己一刀一刀手工雕刻出一个吊坠相比，给你带来的感受一样吗？
也许借助更快捷的工具也能给你的内心带来暖意，但手工时刻下的每一刀，对于你而言都是有意义的，在你心中的份量与打印件是不同的。
一切不能唯结果论。我相信影视飓风在mv上花的每一小时，对于乐队成员都是有意义的。这种“无用功”是我认为的人人关系性中令人着迷的地方。
人与人之间的行为，有些是为了自我的表达。ai没办法替你做这件事的。因为抛开了你自己，ai做再多都不是“你”的表达。“人”永远是“人”。",1764331330,348422663,1.0,1.0,29405522
BV1QMSjBREzr,"当程序员的也有同样的感受，原本自己经过五六年的时间才慢慢精通的编程语言，花费大量时间才掌握的前后端技术，在一夜之间被AI超越。看着那些才接触代码一两个月的人就用AI做出了你学那么久才能做出的效果，心中就有一种“嫉妒”的感觉。你当然可以说那些人其实根本不懂代码，基础差，但是这又如何呢？如果你不去翻找源代码，AI写的和人写的软件、网站在用户的角度上看不出什么差距，客户可不会管编程的人基础好不好，他们只在乎效果和成本。于是那些用着AI工具的新人就这样把一个学了很久代码的人取代了。
庆幸的是，其实这个现象在当年图形化编程(低代码)工具涌现的时候已经出现过了，只不过没有那么夸张，那些图形化编程的熟手终究没有大规模的取代程序员，我希望这次也不会。",1764328771,440172178,0.9999999169504261,0.9999998339008522,29405479
BV1QMSjBREzr,"我一直认为的AI无法超越人类的一点就是情感，后来有一天，我看到一篇非常令我产生情绪的文章，正准备给作者留言写长篇大论时，我瞟到了文章的标签，“AI生成”，明明都是蓝底白字，但那四个字就是如此刺眼，那一刻我心理的情绪真的极其复杂，先是震惊，再是疑惑，最后陷入迷茫，不知所措。
我害怕有一天AI不仅替代了我们的创作，还替代了真人才能提供给你的情绪情感，那些我为其所悲的，为其所怒的，为其所乐的，全都只是大数据库拼凑出来的产物，全都是假的，那些令我感动的画面、音乐、文章，全都是假的，不存在的。
我向来都是一个思想比较开放的人，但此时此刻......我就像一个封建的守旧派。",1764336568,601086053,0.9999999999792601,0.9999999999585203,29405609
BV1QMSjBREzr,对ai的运用belike,1764328088,512808386,0.4737672181921908,-0.05246556361561838,29405468
BV1QMSjBREzr,我也常用AI处理文字，这个事完全不值当的这么感伤和恐惧，即使AI能做出最出色的银河列车又有什么关系？它会自己想去做一个银河列车吗？它会想给57做一个MV吗？它始终只是你实现梦想的工具，你为什么要嫉妒你的工具，离开你的思想和情感，它一钱不值……,1764339089,26376634,0.9999997972847796,0.9999995945695592,29405651
BV1QMSjBREzr,很感谢和影视飓风一起经历的那段奇幻之旅，这一路上我们收获的伙伴、回忆都远远超出了拍一支mv本身的意义，不管未来将会怎样变化，我们始终会怀着对音乐的那颗初心，无限进步！,1764328661,11623954,0.99999974857223,0.9999994971444599,29405477
BV1QMSjBREzr,在读研，也是这样的感觉，代码全用ai，调研也是喂ai文献，自己似乎是提示词工程师，每天研究怎么修改提示词让ai最大化理解我的意思[热],1764330538,650781375,0.8542080017332,0.7084160034664,29405508
BV1QMSjBREzr,"AI帮你节省了不少时间
但你还会有
等待几小时
拍到日出时的激动吗",1764331769,490771569,0.7660860222100667,0.5321720444201334,29405529
BV1QMSjBREzr,真的很荣幸能参与这样有意义的项目，希望这场无人机表演，能在他的生命里留下一点点光，也希望我们的无人机，能继续为世界带去爱与美好！[打call],1764328509,477558279,0.9999819129745501,0.9999638259491002,29405475
BV1QMSjBREzr,"说真的，这个选材和文案都真的太好了
很符合现在这个ai时代
预计这个视频会有1000万播放，现在16万[给心心][大笑]",1764330362,1961736666,0.9851964416405514,0.9703928832811028,29405506
BV1QMSjBREzr,看简介就知道这期的含金量,1764328758,420231720,0.8451258994413495,0.690251798882699,29405479
BV1QMSjBREzr,冲击确实大，很多学校得设计专业都取消了，但我觉得审美是永远都不会过时的一项能力。而且就是很主观，人之所以为人才懂得什么是美。同一个手机，在我的手里拍出来就是路边一条，在我朋友手里一拍就是大片。[笑哭],1764327935,260302,0.9999597517235067,0.9999195034470134,29405465
BV1QMSjBREzr,家人们还记得少轩吗[脱单doge],1764327955,173006769,0.6324089903147244,0.26481798062944883,29405465
BV1QMSjBREzr,如果用一个字来区别人和AI，那会是什么？,1764327588,353000472,0.4646247932549671,-0.07075041349006583,29405459
BV1QMSjBREzr,真的不敢想十年后时代会是什么样子。[捂眼],1764337800,2099739,0.27935857270221354,-0.4412828545955729,29405630
BV1QMSjBREzr,之前就有人预警AI的科技树点歪了，本来ai应该用于工业生产和家居生活，各种机器人，扫地做饭家务，自动驾驶，但现在AI却点在了各种艺术语言类,1764329928,394236876,0.9414667482275344,0.8829334964550688,29405498
BV1QMSjBREzr,"Tim说：当 AI 超越人类的时候，我们留下的，就是经历。
2022 年，少轩 SRAG 在镜头里第一次看见奔跑的自己；
2023 年，升空的卫星把热乎的午餐带到乡村；
2024 年，57 第一次看到大海，深海乐队的《银河列车》告诉我们，沉默也能闪光；
2025 年的今天，这支视频把科技、人性和爱融合在一起。
也欢迎你一起把这段经历延伸下去，通过 https://b23.tv/zgA3S0Z 了解爱的分贝聋儿救助项目的持续进展，让银河列车载着更多爱，驶向那些等待声音的孩子。",1764329312,674734501,0.9999999971519835,0.999999994303967,29405488
BV1QMSjBREzr,我单方面宣布这就是影视飓风今年最棒的作品[大哭],1764329278,95988589,0.9108822340153848,0.8217644680307696,29405487
BV1QMSjBREzr,这个视频我看哭了，但AI不会，它也不会理解我为什么看哭,1764329101,351999927,0.8852231179528292,0.7704462359056583,29405485
BV1QMSjBREzr,从2022到2025，我们和 @影视飓风 一起记录了许多瞬间：少轩 SRAG 在奔跑中的笑；乡村孩子吃到热乎午餐的满足；“57”和“银河列车”背后那些沉默却闪光的故事。在今年的视频里Tim说：“当 AI 最终超越人类的时候，我们能留下的，就是经历。”影像会进步，技术会变化，但人与人之间的理解、陪伴与善意，是任何技术都无法取代的。如果你也被触动，欢迎通过 https://b23.tv/zgA3S0Z 了解视频里提到的【爱的分贝聋儿救助】公益项目。愿经历继续成为我们共同的财富，也让爱沿着银河列车的轨道，去到更多听障孩子身边！,1764327954,674734501,1.0,1.0,29405465
BV1QMSjBREzr,"想了想，边看边想的。最后没得出一个结论，或者说得出了“很难给出结论”的结论。但我还是把自己的想法整理了一下，应该可以让各位没那么焦虑，也给愿意深入思考这个问题的人一个我个人认为蛮有趣的思考角度。把这个略显抽象问题转变为了一个比较直观的，比较现实的问题。
其实这个与ai有关的问题与ai关系又不大
首先我们做出一个假设：ai已经发展到非常强大的地步，能代替社会中的一切工作。无论是科研还是艺术创作。甚至可能在一些微观层面已经达到了这个地步，但把这个范围扩展到全世界显然能让问题更有讨论价值。

第一个问题：ai完全替代了我们吗？
答案是否定的。请问在这期视频里，如果影视飓风完全由ai制作视频，这个行为对于乐队的意义一样吗？
这么问也许不够直观，那么换个问法：在你的生日，你心上人给你用3d打印了一个吊坠，与自己一刀一刀手工雕刻出一个吊坠相比，给你带来的感受一样吗？
也许借助更快捷的工具也能给你的内心带来暖意，但手工时刻下的每一刀，对于你而言都是有意义的，在你心中的份量与打印件是不同的。
一切不能唯结果论。我相信影视飓风在mv上花的每一小时，对于乐队成员都是有意义的。这种“无用功”是我认为的人人关系性中令人着迷的地方。
人与人之间的行为，有些是为了自我的表达。ai没办法替你做这件事的。因为抛开了你自己，ai做再多都不是“你”的表达。“人”永远是“人”。",1764331330,348422663,1.0,1.0,29405522
BV1QMSjBREzr,"当程序员的也有同样的感受，原本自己经过五六年的时间才慢慢精通的编程语言，花费大量时间才掌握的前后端技术，在一夜之间被AI超越。看着那些才接触代码一两个月的人就用AI做出了你学那么久才能做出的效果，心中就有一种“嫉妒”的感觉。你当然可以说那些人其实根本不懂代码，基础差，但是这又如何呢？如果你不去翻找源代码，AI写的和人写的软件、网站在用户的角度上看不出什么差距，客户可不会管编程的人基础好不好，他们只在乎效果和成本。于是那些用着AI工具的新人就这样把一个学了很久代码的人取代了。
庆幸的是，其实这个现象在当年图形化编程(低代码)工具涌现的时候已经出现过了，只不过没有那么夸张，那些图形化编程的熟手终究没有大规模的取代程序员，我希望这次也不会。",1764328771,440172178,0.9999999169504261,0.9999998339008522,29405479
BV1QMSjBREzr,"我一直认为的AI无法超越人类的一点就是情感，后来有一天，我看到一篇非常令我产生情绪的文章，正准备给作者留言写长篇大论时，我瞟到了文章的标签，“AI生成”，明明都是蓝底白字，但那四个字就是如此刺眼，那一刻我心理的情绪真的极其复杂，先是震惊，再是疑惑，最后陷入迷茫，不知所措。
我害怕有一天AI不仅替代了我们的创作，还替代了真人才能提供给你的情绪情感，那些我为其所悲的，为其所怒的，为其所乐的，全都只是大数据库拼凑出来的产物，全都是假的，那些令我感动的画面、音乐、文章，全都是假的，不存在的。
我向来都是一个思想比较开放的人，但此时此刻......我就像一个封建的守旧派。",1764336568,601086053,0.9999999999792601,0.9999999999585203,29405609
BV1QMSjBREzr,对ai的运用belike,1764328088,512808386,0.4737672181921908,-0.05246556361561838,29405468
BV1QMSjBREzr,我也常用AI处理文字，这个事完全不值当的这么感伤和恐惧，即使AI能做出最出色的银河列车又有什么关系？它会自己想去做一个银河列车吗？它会想给57做一个MV吗？它始终只是你实现梦想的工具，你为什么要嫉妒你的工具，离开你的思想和情感，它一钱不值……,1764339089,26376634,0.9999997972847796,0.9999995945695592,29405651
BV1QMSjBREzr,很感谢和影视飓风一起经历的那段奇幻之旅，这一路上我们收获的伙伴、回忆都远远超出了拍一支mv本身的意义，不管未来将会怎样变化，我们始终会怀着对音乐的那颗初心，无限进步！,1764328661,11623954,0.99999974857223,0.9999994971444599,29405477
BV1QMSjBREzr,在读研，也是这样的感觉，代码全用ai，调研也是喂ai文献，自己似乎是提示词工程师，每天研究怎么修改提示词让ai最大化理解我的意思[热],1764330538,650781375,0.8542080017332,0.7084160034664,29405508
BV1QMSjBREzr,"AI帮你节省了不少时间
但你还会有
等待几小时
拍到日出时的激动吗",1764331769,490771569,0.7660860222100667,0.5321720444201334,29405529
BV1QMSjBREzr,真的很荣幸能参与这样有意义的项目，希望这场无人机表演，能在他的生命里留下一点点光，也希望我们的无人机，能继续为世界带去爱与美好！[打call],1764328509,477558279,0.9999819129745501,0.9999638259491002,29405475
BV1QMSjBREzr,"说真的，这个选材和文案都真的太好了
很符合现在这个ai时代
预计这个视频会有1000万播放，现在16万[给心心][大笑]",1764330362,1961736666,0.9851964416405514,0.9703928832811028,29405506
BV1QMSjBREzr,看简介就知道这期的含金量,1764328758,420231720,0.8451258994413495,0.690251798882699,29405479
BV1QMSjBREzr,冲击确实大，很多学校得设计专业都取消了，但我觉得审美是永远都不会过时的一项能力。而且就是很主观，人之所以为人才懂得什么是美。同一个手机，在我的手里拍出来就是路边一条，在我朋友手里一拍就是大片。[笑哭],1764327935,260302,0.9999597517235067,0.9999195034470134,29405465
BV1QMSjBREzr,家人们还记得少轩吗[脱单doge],1764327955,173006769,0.6324089903147244,0.26481798062944883,29405465
BV1QMSjBREzr,如果用一个字来区别人和AI，那会是什么？,1764327588,353000472,0.4646247932549671,-0.07075041349006583,29405459
BV1QMSjBREzr,真的不敢想十年后时代会是什么样子。[捂眼],1764337800,2099739,0.27935857270221354,-0.4412828545955729,29405630
BV1QMSjBREzr,之前就有人预警AI的科技树点歪了，本来ai应该用于工业生产和家居生活，各种机器人，扫地做饭家务，自动驾驶，但现在AI却点在了各种艺术语言类,1764329928,394236876,0.9414667482275344,0.8829334964550688,29405498
BV1QMSjBREzr,"Tim说：当 AI 超越人类的时候，我们留下的，就是经历。
2022 年，少轩 SRAG 在镜头里第一次看见奔跑的自己；
2023 年，升空的卫星把热乎的午餐带到乡村；
2024 年，57 第一次看到大海，深海乐队的《银河列车》告诉我们，沉默也能闪光；
2025 年的今天，这支视频把科技、人性和爱融合在一起。
也欢迎你一起把这段经历延伸下去，通过 https://b23.tv/zgA3S0Z 了解爱的分贝聋儿救助项目的持续进展，让银河列车载着更多爱，驶向那些等待声音的孩子。",1764329312,674734501,0.9999999971519835,0.999999994303967,29405488
BV1QMSjBREzr,我单方面宣布这就是影视飓风今年最棒的作品[大哭],1764329278,95988589,0.9108822340153848,0.8217644680307696,29405487
BV1QMSjBREzr,这个视频我看哭了，但AI不会，它也不会理解我为什么看哭,1764329101,351999927,0.8852231179528292,0.7704462359056583,29405485
BV1QMSjBREzr,从2022到2025，我们和 @影视飓风 一起记录了许多瞬间：少轩 SRAG 在奔跑中的笑；乡村孩子吃到热乎午餐的满足；“57”和“银河列车”背后那些沉默却闪光的故事。在今年的视频里Tim说：“当 AI 最终超越人类的时候，我们能留下的，就是经历。”影像会进步，技术会变化，但人与人之间的理解、陪伴与善意，是任何技术都无法取代的。如果你也被触动，欢迎通过 https://b23.tv/zgA3S0Z 了解视频里提到的【爱的分贝聋儿救助】公益项目。愿经历继续成为我们共同的财富，也让爱沿着银河列车的轨道，去到更多听障孩子身边！,1764327954,674734501,1.0,1.0,29405465
BV1QMSjBREzr,"想了想，边看边想的。最后没得出一个结论，或者说得出了“很难给出结论”的结论。但我还是把自己的想法整理了一下，应该可以让各位没那么焦虑，也给愿意深入思考这个问题的人一个我个人认为蛮有趣的思考角度。把这个略显抽象问题转变为了一个比较直观的，比较现实的问题。
其实这个与ai有关的问题与ai关系又不大
首先我们做出一个假设：ai已经发展到非常强大的地步，能代替社会中的一切工作。无论是科研还是艺术创作。甚至可能在一些微观层面已经达到了这个地步，但把这个范围扩展到全世界显然能让问题更有讨论价值。

第一个问题：ai完全替代了我们吗？
答案是否定的。请问在这期视频里，如果影视飓风完全由ai制作视频，这个行为对于乐队的意义一样吗？
这么问也许不够直观，那么换个问法：在你的生日，你心上人给你用3d打印了一个吊坠，与自己一刀一刀手工雕刻出一个吊坠相比，给你带来的感受一样吗？
也许借助更快捷的工具也能给你的内心带来暖意，但手工时刻下的每一刀，对于你而言都是有意义的，在你心中的份量与打印件是不同的。
一切不能唯结果论。我相信影视飓风在mv上花的每一小时，对于乐队成员都是有意义的。这种“无用功”是我认为的人人关系性中令人着迷的地方。
人与人之间的行为，有些是为了自我的表达。ai没办法替你做这件事的。因为抛开了你自己，ai做再多都不是“你”的表达。“人”永远是“人”。",1764331330,348422663,1.0,1.0,29405522
BV1QMSjBREzr,"当程序员的也有同样的感受，原本自己经过五六年的时间才慢慢精通的编程语言，花费大量时间才掌握的前后端技术，在一夜之间被AI超越。看着那些才接触代码一两个月的人就用AI做出了你学那么久才能做出的效果，心中就有一种“嫉妒”的感觉。你当然可以说那些人其实根本不懂代码，基础差，但是这又如何呢？如果你不去翻找源代码，AI写的和人写的软件、网站在用户的角度上看不出什么差距，客户可不会管编程的人基础好不好，他们只在乎效果和成本。于是那些用着AI工具的新人就这样把一个学了很久代码的人取代了。
庆幸的是，其实这个现象在当年图形化编程(低代码)工具涌现的时候已经出现过了，只不过没有那么夸张，那些图形化编程的熟手终究没有大规模的取代程序员，我希望这次也不会。",1764328771,440172178,0.9999999169504261,0.9999998339008522,29405479
BV1QMSjBREzr,"我一直认为的AI无法超越人类的一点就是情感，后来有一天，我看到一篇非常令我产生情绪的文章，正准备给作者留言写长篇大论时，我瞟到了文章的标签，“AI生成”，明明都是蓝底白字，但那四个字就是如此刺眼，那一刻我心理的情绪真的极其复杂，先是震惊，再是疑惑，最后陷入迷茫，不知所措。
我害怕有一天AI不仅替代了我们的创作，还替代了真人才能提供给你的情绪情感，那些我为其所悲的，为其所怒的，为其所乐的，全都只是大数据库拼凑出来的产物，全都是假的，那些令我感动的画面、音乐、文章，全都是假的，不存在的。
我向来都是一个思想比较开放的人，但此时此刻......我就像一个封建的守旧派。",1764336568,601086053,0.9999999999792601,0.9999999999585203,29405609
BV1QMSjBREzr,对ai的运用belike,1764328088,512808386,0.4737672181921908,-0.05246556361561838,29405468
BV1QMSjBREzr,我也常用AI处理文字，这个事完全不值当的这么感伤和恐惧，即使AI能做出最出色的银河列车又有什么关系？它会自己想去做一个银河列车吗？它会想给57做一个MV吗？它始终只是你实现梦想的工具，你为什么要嫉妒你的工具，离开你的思想和情感，它一钱不值……,1764339089,26376634,0.9999997972847796,0.9999995945695592,29405651
BV1QMSjBREzr,很感谢和影视飓风一起经历的那段奇幻之旅，这一路上我们收获的伙伴、回忆都远远超出了拍一支mv本身的意义，不管未来将会怎样变化，我们始终会怀着对音乐的那颗初心，无限进步！,1764328661,11623954,0.99999974857223,0.9999994971444599,29405477
BV1QMSjBREzr,在读研，也是这样的感觉，代码全用ai，调研也是喂ai文献，自己似乎是提示词工程师，每天研究怎么修改提示词让ai最大化理解我的意思[热],1764330538,650781375,0.8542080017332,0.7084160034664,29405508
BV1QMSjBREzr,"AI帮你节省了不少时间
但你还会有
等待几小时
拍到日出时的激动吗",1764331769,490771569,0.7660860222100667,0.5321720444201334,29405529
BV1QMSjBREzr,真的很荣幸能参与这样有意义的项目，希望这场无人机表演，能在他的生命里留下一点点光，也希望我们的无人机，能继续为世界带去爱与美好！[打call],1764328509,477558279,0.9999819129745501,0.9999638259491002,29405475
BV1QMSjBREzr,"说真的，这个选材和文案都真的太好了
很符合现在这个ai时代
预计这个视频会有1000万播放，现在16万[给心心][大笑]",1764330362,1961736666,0.9851964416405514,0.9703928832811028,29405506
BV1QMSjBREzr,看简介就知道这期的含金量,1764328758,420231720,0.8451258994413495,0.690251798882699,29405479
BV1QMSjBREzr,冲击确实大，很多学校得设计专业都取消了，但我觉得审美是永远都不会过时的一项能力。而且就是很主观，人之所以为人才懂得什么是美。同一个手机，在我的手里拍出来就是路边一条，在我朋友手里一拍就是大片。[笑哭],1764327935,260302,0.9999597517235067,0.9999195034470134,29405465
BV1QMSjBREzr,家人们还记得少轩吗[脱单doge],1764327955,173006769,0.6324089903147244,0.26481798062944883,29405465
BV1QMSjBREzr,如果用一个字来区别人和AI，那会是什么？,1764327588,353000472,0.4646247932549671,-0.07075041349006583,29405459
BV1QMSjBREzr,真的不敢想十年后时代会是什么样子。[捂眼],1764337800,2099739,0.27935857270221354,-0.4412828545955729,29405630
BV1QMSjBREzr,之前就有人预警AI的科技树点歪了，本来ai应该用于工业生产和家居生活，各种机器人，扫地做饭家务，自动驾驶，但现在AI却点在了各种艺术语言类,1764329928,394236876,0.9414667482275344,0.8829334964550688,29405498
BV1QMSjBREzr,"Tim说：当 AI 超越人类的时候，我们留下的，就是经历。
2022 年，少轩 SRAG 在镜头里第一次看见奔跑的自己；
2023 年，升空的卫星把热乎的午餐带到乡村；
2024 年，57 第一次看到大海，深海乐队的《银河列车》告诉我们，沉默也能闪光；
2025 年的今天，这支视频把科技、人性和爱融合在一起。
也欢迎你一起把这段经历延伸下去，通过 https://b23.tv/zgA3S0Z 了解爱的分贝聋儿救助项目的持续进展，让银河列车载着更多爱，驶向那些等待声音的孩子。",1764329312,674734501,0.9999999971519835,0.999999994303967,29405488
BV1QMSjBREzr,我单方面宣布这就是影视飓风今年最棒的作品[大哭],1764329278,95988589,0.9108822340153848,0.8217644680307696,29405487
BV1QMSjBREzr,这个视频我看哭了，但AI不会，它也不会理解我为什么看哭,1764329101,351999927,0.8852231179528292,0.7704462359056583,29405485
BV1QMSjBREzr,从2022到2025，我们和 @影视飓风 一起记录了许多瞬间：少轩 SRAG 在奔跑中的笑；乡村孩子吃到热乎午餐的满足；“57”和“银河列车”背后那些沉默却闪光的故事。在今年的视频里Tim说：“当 AI 最终超越人类的时候，我们能留下的，就是经历。”影像会进步，技术会变化，但人与人之间的理解、陪伴与善意，是任何技术都无法取代的。如果你也被触动，欢迎通过 https://b23.tv/zgA3S0Z 了解视频里提到的【爱的分贝聋儿救助】公益项目。愿经历继续成为我们共同的财富，也让爱沿着银河列车的轨道，去到更多听障孩子身边！,1764327954,674734501,1.0,1.0,29405465
BV1QMSjBREzr,"想了想，边看边想的。最后没得出一个结论，或者说得出了“很难给出结论”的结论。但我还是把自己的想法整理了一下，应该可以让各位没那么焦虑，也给愿意深入思考这个问题的人一个我个人认为蛮有趣的思考角度。把这个略显抽象问题转变为了一个比较直观的，比较现实的问题。
其实这个与ai有关的问题与ai关系又不大
首先我们做出一个假设：ai已经发展到非常强大的地步，能代替社会中的一切工作。无论是科研还是艺术创作。甚至可能在一些微观层面已经达到了这个地步，但把这个范围扩展到全世界显然能让问题更有讨论价值。

第一个问题：ai完全替代了我们吗？
答案是否定的。请问在这期视频里，如果影视飓风完全由ai制作视频，这个行为对于乐队的意义一样吗？
这么问也许不够直观，那么换个问法：在你的生日，你心上人给你用3d打印了一个吊坠，与自己一刀一刀手工雕刻出一个吊坠相比，给你带来的感受一样吗？
也许借助更快捷的工具也能给你的内心带来暖意，但手工时刻下的每一刀，对于你而言都是有意义的，在你心中的份量与打印件是不同的。
一切不能唯结果论。我相信影视飓风在mv上花的每一小时，对于乐队成员都是有意义的。这种“无用功”是我认为的人人关系性中令人着迷的地方。
人与人之间的行为，有些是为了自我的表达。ai没办法替你做这件事的。因为抛开了你自己，ai做再多都不是“你”的表达。“人”永远是“人”。",1764331330,348422663,1.0,1.0,29405522
BV1QMSjBREzr,"当程序员的也有同样的感受，原本自己经过五六年的时间才慢慢精通的编程语言，花费大量时间才掌握的前后端技术，在一夜之间被AI超越。看着那些才接触代码一两个月的人就用AI做出了你学那么久才能做出的效果，心中就有一种“嫉妒”的感觉。你当然可以说那些人其实根本不懂代码，基础差，但是这又如何呢？如果你不去翻找源代码，AI写的和人写的软件、网站在用户的角度上看不出什么差距，客户可不会管编程的人基础好不好，他们只在乎效果和成本。于是那些用着AI工具的新人就这样把一个学了很久代码的人取代了。
庆幸的是，其实这个现象在当年图形化编程(低代码)工具涌现的时候已经出现过了，只不过没有那么夸张，那些图形化编程的熟手终究没有大规模的取代程序员，我希望这次也不会。",1764328771,440172178,0.9999999169504261,0.9999998339008522,29405479
BV1QMSjBREzr,"我一直认为的AI无法超越人类的一点就是情感，后来有一天，我看到一篇非常令我产生情绪的文章，正准备给作者留言写长篇大论时，我瞟到了文章的标签，“AI生成”，明明都是蓝底白字，但那四个字就是如此刺眼，那一刻我心理的情绪真的极其复杂，先是震惊，再是疑惑，最后陷入迷茫，不知所措。
我害怕有一天AI不仅替代了我们的创作，还替代了真人才能提供给你的情绪情感，那些我为其所悲的，为其所怒的，为其所乐的，全都只是大数据库拼凑出来的产物，全都是假的，那些令我感动的画面、音乐、文章，全都是假的，不存在的。
我向来都是一个思想比较开放的人，但此时此刻......我就像一个封建的守旧派。",1764336568,601086053,0.9999999999792601,0.9999999999585203,29405609
BV1QMSjBREzr,对ai的运用belike,1764328088,512808386,0.4737672181921908,-0.05246556361561838,29405468
BV1QMSjBREzr,我也常用AI处理文字，这个事完全不值当的这么感伤和恐惧，即使AI能做出最出色的银河列车又有什么关系？它会自己想去做一个银河列车吗？它会想给57做一个MV吗？它始终只是你实现梦想的工具，你为什么要嫉妒你的工具，离开你的思想和情感，它一钱不值……,1764339089,26376634,0.9999997972847796,0.9999995945695592,29405651
BV1QMSjBREzr,很感谢和影视飓风一起经历的那段奇幻之旅，这一路上我们收获的伙伴、回忆都远远超出了拍一支mv本身的意义，不管未来将会怎样变化，我们始终会怀着对音乐的那颗初心，无限进步！,1764328661,11623954,0.99999974857223,0.9999994971444599,29405477
BV1QMSjBREzr,在读研，也是这样的感觉，代码全用ai，调研也是喂ai文献，自己似乎是提示词工程师，每天研究怎么修改提示词让ai最大化理解我的意思[热],1764330538,650781375,0.8542080017332,0.7084160034664,29405508
BV1QMSjBREzr,"AI帮你节省了不少时间
但你还会有
等待几小时
拍到日出时的激动吗",1764331769,490771569,0.7660860222100667,0.5321720444201334,29405529
BV1QMSjBREzr,真的很荣幸能参与这样有意义的项目，希望这场无人机表演，能在他的生命里留下一点点光，也希望我们的无人机，能继续为世界带去爱与美好！[打call],1764328509,477558279,0.9999819129745501,0.9999638259491002,29405475
BV1QMSjBREzr,"说真的，这个选材和文案都真的太好了
很符合现在这个ai时代
预计这个视频会有1000万播放，现在16万[给心心][大笑]",1764330362,1961736666,0.9851964416405514,0.9703928832811028,29405506
BV1QMSjBREzr,看简介就知道这期的含金量,1764328758,420231720,0.8451258994413495,0.690251798882699,29405479
BV1QMSjBREzr,冲击确实大，很多学校得设计专业都取消了，但我觉得审美是永远都不会过时的一项能力。而且就是很主观，人之所以为人才懂得什么是美。同一个手机，在我的手里拍出来就是路边一条，在我朋友手里一拍就是大片。[笑哭],1764327935,260302,0.9999597517235067,0.9999195034470134,29405465
BV1QMSjBREzr,家人们还记得少轩吗[脱单doge],1764327955,173006769,0.6324089903147244,0.26481798062944883,29405465
BV1QMSjBREzr,如果用一个字来区别人和AI，那会是什么？,1764327588,353000472,0.4646247932549671,-0.07075041349006583,29405459
BV1QMSjBREzr,真的不敢想十年后时代会是什么样子。[捂眼],1764337800,2099739,0.27935857270221354,-0.4412828545955729,29405630
BV1QMSjBREzr,之前就有人预警AI的科技树点歪了，本来ai应该用于工业生产和家居生活，各种机器人，扫地做饭家务，自动驾驶，但现在AI却点在了各种艺术语言类,1764329928,394236876,0.9414667482275344,0.8829334964550688,29405498
BV1QMSjBREzr,"Tim说：当 AI 超越人类的时候，我们留下的，就是经历。
2022 年，少轩 SRAG 在镜头里第一次看见奔跑的自己；
2023 年，升空的卫星把热乎的午餐带到乡村；
2024 年，57 第一次看到大海，深海乐队的《银河列车》告诉我们，沉默也能闪光；
2025 年的今天，这支视频把科技、人性和爱融合在一起。
也欢迎你一起把这段经历延伸下去，通过 https://b23.tv/zgA3S0Z 了解爱的分贝聋儿救助项目的持续进展，让银河列车载着更多爱，驶向那些等待声音的孩子。",1764329312,674734501,0.9999999971519835,0.999999994303967,29405488
BV1QMSjBREzr,我单方面宣布这就是影视飓风今年最棒的作品[大哭],1764329278,95988589,0.9108822340153848,0.8217644680307696,29405487
BV1QMSjBREzr,这个视频我看哭了，但AI不会，它也不会理解我为什么看哭,1764329101,351999927,0.8852231179528292,0.7704462359056583,29405485
BV1QMSjBREzr,从2022到2025，我们和 @影视飓风 一起记录了许多瞬间：少轩 SRAG 在奔跑中的笑；乡村孩子吃到热乎午餐的满足；“57”和“银河列车”背后那些沉默却闪光的故事。在今年的视频里Tim说：“当 AI 最终超越人类的时候，我们能留下的，就是经历。”影像会进步，技术会变化，但人与人之间的理解、陪伴与善意，是任何技术都无法取代的。如果你也被触动，欢迎通过 https://b23.tv/zgA3S0Z 了解视频里提到的【爱的分贝聋儿救助】公益项目。愿经历继续成为我们共同的财富，也让爱沿着银河列车的轨道，去到更多听障孩子身边！,1764327954,674734501,1.0,1.0,29405465
BV1QMSjBREzr,"想了想，边看边想的。最后没得出一个结论，或者说得出了“很难给出结论”的结论。但我还是把自己的想法整理了一下，应该可以让各位没那么焦虑，也给愿意深入思考这个问题的人一个我个人认为蛮有趣的思考角度。把这个略显抽象问题转变为了一个比较直观的，比较现实的问题。
其实这个与ai有关的问题与ai关系又不大
首先我们做出一个假设：ai已经发展到非常强大的地步，能代替社会中的一切工作。无论是科研还是艺术创作。甚至可能在一些微观层面已经达到了这个地步，但把这个范围扩展到全世界显然能让问题更有讨论价值。

第一个问题：ai完全替代了我们吗？
答案是否定的。请问在这期视频里，如果影视飓风完全由ai制作视频，这个行为对于乐队的意义一样吗？
这么问也许不够直观，那么换个问法：在你的生日，你心上人给你用3d打印了一个吊坠，与自己一刀一刀手工雕刻出一个吊坠相比，给你带来的感受一样吗？
也许借助更快捷的工具也能给你的内心带来暖意，但手工时刻下的每一刀，对于你而言都是有意义的，在你心中的份量与打印件是不同的。
一切不能唯结果论。我相信影视飓风在mv上花的每一小时，对于乐队成员都是有意义的。这种“无用功”是我认为的人人关系性中令人着迷的地方。
人与人之间的行为，有些是为了自我的表达。ai没办法替你做这件事的。因为抛开了你自己，ai做再多都不是“你”的表达。“人”永远是“人”。",1764331330,348422663,1.0,1.0,29405522
BV1QMSjBREzr,"当程序员的也有同样的感受，原本自己经过五六年的时间才慢慢精通的编程语言，花费大量时间才掌握的前后端技术，在一夜之间被AI超越。看着那些才接触代码一两个月的人就用AI做出了你学那么久才能做出的效果，心中就有一种“嫉妒”的感觉。你当然可以说那些人其实根本不懂代码，基础差，但是这又如何呢？如果你不去翻找源代码，AI写的和人写的软件、网站在用户的角度上看不出什么差距，客户可不会管编程的人基础好不好，他们只在乎效果和成本。于是那些用着AI工具的新人就这样把一个学了很久代码的人取代了。
庆幸的是，其实这个现象在当年图形化编程(低代码)工具涌现的时候已经出现过了，只不过没有那么夸张，那些图形化编程的熟手终究没有大规模的取代程序员，我希望这次也不会。",1764328771,440172178,0.9999999169504261,0.9999998339008522,29405479
BV1QMSjBREzr,"我一直认为的AI无法超越人类的一点就是情感，后来有一天，我看到一篇非常令我产生情绪的文章，正准备给作者留言写长篇大论时，我瞟到了文章的标签，“AI生成”，明明都是蓝底白字，但那四个字就是如此刺眼，那一刻我心理的情绪真的极其复杂，先是震惊，再是疑惑，最后陷入迷茫，不知所措。
我害怕有一天AI不仅替代了我们的创作，还替代了真人才能提供给你的情绪情感，那些我为其所悲的，为其所怒的，为其所乐的，全都只是大数据库拼凑出来的产物，全都是假的，那些令我感动的画面、音乐、文章，全都是假的，不存在的。
我向来都是一个思想比较开放的人，但此时此刻......我就像一个封建的守旧派。",1764336568,601086053,0.9999999999792601,0.9999999999585203,29405609
BV1QMSjBREzr,对ai的运用belike,1764328088,512808386,0.4737672181921908,-0.05246556361561838,29405468
BV1QMSjBREzr,我也常用AI处理文字，这个事完全不值当的这么感伤和恐惧，即使AI能做出最出色的银河列车又有什么关系？它会自己想去做一个银河列车吗？它会想给57做一个MV吗？它始终只是你实现梦想的工具，你为什么要嫉妒你的工具，离开你的思想和情感，它一钱不值……,1764339089,26376634,0.9999997972847796,0.9999995945695592,29405651
BV1QMSjBREzr,很感谢和影视飓风一起经历的那段奇幻之旅，这一路上我们收获的伙伴、回忆都远远超出了拍一支mv本身的意义，不管未来将会怎样变化，我们始终会怀着对音乐的那颗初心，无限进步！,1764328661,11623954,0.99999974857223,0.9999994971444599,29405477
BV1QMSjBREzr,在读研，也是这样的感觉，代码全用ai，调研也是喂ai文献，自己似乎是提示词工程师，每天研究怎么修改提示词让ai最大化理解我的意思[热],1764330538,650781375,0.8542080017332,0.7084160034664,29405508
BV1QMSjBREzr,"AI帮你节省了不少时间
但你还会有
等待几小时
拍到日出时的激动吗",1764331769,490771569,0.7660860222100667,0.5321720444201334,29405529
BV1QMSjBREzr,真的很荣幸能参与这样有意义的项目，希望这场无人机表演，能在他的生命里留下一点点光，也希望我们的无人机，能继续为世界带去爱与美好！[打call],1764328509,477558279,0.9999819129745501,0.9999638259491002,29405475
BV1QMSjBREzr,"说真的，这个选材和文案都真的太好了
很符合现在这个ai时代
预计这个视频会有1000万播放，现在16万[给心心][大笑]",1764330362,1961736666,0.9851964416405514,0.9703928832811028,29405506
BV1QMSjBREzr,看简介就知道这期的含金量,1764328758,420231720,0.8451258994413495,0.690251798882699,29405479
BV1QMSjBREzr,冲击确实大，很多学校得设计专业都取消了，但我觉得审美是永远都不会过时的一项能力。而且就是很主观，人之所以为人才懂得什么是美。同一个手机，在我的手里拍出来就是路边一条，在我朋友手里一拍就是大片。[笑哭],1764327935,260302,0.9999597517235067,0.9999195034470134,29405465
BV1QMSjBREzr,家人们还记得少轩吗[脱单doge],1764327955,173006769,0.6324089903147244,0.26481798062944883,29405465
BV1QMSjBREzr,如果用一个字来区别人和AI，那会是什么？,1764327588,353000472,0.4646247932549671,-0.07075041349006583,29405459
BV1QMSjBREzr,真的不敢想十年后时代会是什么样子。[捂眼],1764337800,2099739,0.27935857270221354,-0.4412828545955729,29405630
BV1QMSjBREzr,之前就有人预警AI的科技树点歪了，本来ai应该用于工业生产和家居生活，各种机器人，扫地做饭家务，自动驾驶，但现在AI却点在了各种艺术语言类,1764329928,394236876,0.9414667482275344,0.8829334964550688,29405498
BV1QMSjBREzr,"Tim说：当 AI 超越人类的时候，我们留下的，就是经历。
2022 年，少轩 SRAG 在镜头里第一次看见奔跑的自己；
2023 年，升空的卫星把热乎的午餐带到乡村；
2024 年，57 第一次看到大海，深海乐队的《银河列车》告诉我们，沉默也能闪光；
2025 年的今天，这支视频把科技、人性和爱融合在一起。
也欢迎你一起把这段经历延伸下去，通过 https://b23.tv/zgA3S0Z 了解爱的分贝聋儿救助项目的持续进展，让银河列车载着更多爱，驶向那些等待声音的孩子。",1764329312,674734501,0.9999999971519835,0.999999994303967,29405488
BV1QMSjBREzr,我单方面宣布这就是影视飓风今年最棒的作品[大哭],1764329278,95988589,0.9108822340153848,0.8217644680307696,29405487
BV1QMSjBREzr,这个视频我看哭了，但AI不会，它也不会理解我为什么看哭,1764329101,351999927,0.8852231179528292,0.7704462359056583,29405485
BV1QMSjBREzr,从2022到2025，我们和 @影视飓风 一起记录了许多瞬间：少轩 SRAG 在奔跑中的笑；乡村孩子吃到热乎午餐的满足；“57”和“银河列车”背后那些沉默却闪光的故事。在今年的视频里Tim说：“当 AI 最终超越人类的时候，我们能留下的，就是经历。”影像会进步，技术会变化，但人与人之间的理解、陪伴与善意，是任何技术都无法取代的。如果你也被触动，欢迎通过 https://b23.tv/zgA3S0Z 了解视频里提到的【爱的分贝聋儿救助】公益项目。愿经历继续成为我们共同的财富，也让爱沿着银河列车的轨道，去到更多听障孩子身边！,1764327954,674734501,1.0,1.0,29405465
BV1QMSjBREzr,"想了想，边看边想的。最后没得出一个结论，或者说得出了“很难给出结论”的结论。但我还是把自己的想法整理了一下，应该可以让各位没那么焦虑，也给愿意深入思考这个问题的人一个我个人认为蛮有趣的思考角度。把这个略显抽象问题转变为了一个比较直观的，比较现实的问题。
其实这个与ai有关的问题与ai关系又不大
首先我们做出一个假设：ai已经发展到非常强大的地步，能代替社会中的一切工作。无论是科研还是艺术创作。甚至可能在一些微观层面已经达到了这个地步，但把这个范围扩展到全世界显然能让问题更有讨论价值。

第一个问题：ai完全替代了我们吗？
答案是否定的。请问在这期视频里，如果影视飓风完全由ai制作视频，这个行为对于乐队的意义一样吗？
这么问也许不够直观，那么换个问法：在你的生日，你心上人给你用3d打印了一个吊坠，与自己一刀一刀手工雕刻出一个吊坠相比，给你带来的感受一样吗？
也许借助更快捷的工具也能给你的内心带来暖意，但手工时刻下的每一刀，对于你而言都是有意义的，在你心中的份量与打印件是不同的。
一切不能唯结果论。我相信影视飓风在mv上花的每一小时，对于乐队成员都是有意义的。这种“无用功”是我认为的人人关系性中令人着迷的地方。
人与人之间的行为，有些是为了自我的表达。ai没办法替你做这件事的。因为抛开了你自己，ai做再多都不是“你”的表达。“人”永远是“人”。",1764331330,348422663,1.0,1.0,29405522
BV1QMSjBREzr,"当程序员的也有同样的感受，原本自己经过五六年的时间才慢慢精通的编程语言，花费大量时间才掌握的前后端技术，在一夜之间被AI超越。看着那些才接触代码一两个月的人就用AI做出了你学那么久才能做出的效果，心中就有一种“嫉妒”的感觉。你当然可以说那些人其实根本不懂代码，基础差，但是这又如何呢？如果你不去翻找源代码，AI写的和人写的软件、网站在用户的角度上看不出什么差距，客户可不会管编程的人基础好不好，他们只在乎效果和成本。于是那些用着AI工具的新人就这样把一个学了很久代码的人取代了。
庆幸的是，其实这个现象在当年图形化编程(低代码)工具涌现的时候已经出现过了，只不过没有那么夸张，那些图形化编程的熟手终究没有大规模的取代程序员，我希望这次也不会。",1764328771,440172178,0.9999999169504261,0.9999998339008522,29405479
BV1QMSjBREzr,"我一直认为的AI无法超越人类的一点就是情感，后来有一天，我看到一篇非常令我产生情绪的文章，正准备给作者留言写长篇大论时，我瞟到了文章的标签，“AI生成”，明明都是蓝底白字，但那四个字就是如此刺眼，那一刻我心理的情绪真的极其复杂，先是震惊，再是疑惑，最后陷入迷茫，不知所措。
我害怕有一天AI不仅替代了我们的创作，还替代了真人才能提供给你的情绪情感，那些我为其所悲的，为其所怒的，为其所乐的，全都只是大数据库拼凑出来的产物，全都是假的，那些令我感动的画面、音乐、文章，全都是假的，不存在的。
我向来都是一个思想比较开放的人，但此时此刻......我就像一个封建的守旧派。",1764336568,601086053,0.9999999999792601,0.9999999999585203,29405609
BV1QMSjBREzr,对ai的运用belike,1764328088,512808386,0.4737672181921908,-0.05246556361561838,29405468
BV1QMSjBREzr,我也常用AI处理文字，这个事完全不值当的这么感伤和恐惧，即使AI能做出最出色的银河列车又有什么关系？它会自己想去做一个银河列车吗？它会想给57做一个MV吗？它始终只是你实现梦想的工具，你为什么要嫉妒你的工具，离开你的思想和情感，它一钱不值……,1764339089,26376634,0.9999997972847796,0.9999995945695592,29405651
BV1QMSjBREzr,很感谢和影视飓风一起经历的那段奇幻之旅，这一路上我们收获的伙伴、回忆都远远超出了拍一支mv本身的意义，不管未来将会怎样变化，我们始终会怀着对音乐的那颗初心，无限进步！,1764328661,11623954,0.99999974857223,0.9999994971444599,29405477
BV1QMSjBREzr,在读研，也是这样的感觉，代码全用ai，调研也是喂ai文献，自己似乎是提示词工程师，每天研究怎么修改提示词让ai最大化理解我的意思[热],1764330538,650781375,0.8542080017332,0.7084160034664,29405508
BV1QMSjBREzr,"AI帮你节省了不少时间
但你还会有
等待几小时
拍到日出时的激动吗",1764331769,490771569,0.7660860222100667,0.5321720444201334,29405529
BV1QMSjBREzr,真的很荣幸能参与这样有意义的项目，希望这场无人机表演，能在他的生命里留下一点点光，也希望我们的无人机，能继续为世界带去爱与美好！[打call],1764328509,477558279,0.9999819129745501,0.9999638259491002,29405475
BV1QMSjBREzr,"说真的，这个选材和文案都真的太好了
很符合现在这个ai时代
预计这个视频会有1000万播放，现在16万[给心心][大笑]",1764330362,1961736666,0.9851964416405514,0.9703928832811028,29405506
BV1QMSjBREzr,看简介就知道这期的含金量,1764328758,420231720,0.8451258994413495,0.690251798882699,29405479
BV1QMSjBREzr,冲击确实大，很多学校得设计专业都取消了，但我觉得审美是永远都不会过时的一项能力。而且就是很主观，人之所以为人才懂得什么是美。同一个手机，在我的手里拍出来就是路边一条，在我朋友手里一拍就是大片。[笑哭],1764327935,260302,0.9999597517235067,0.9999195034470134,29405465
BV1QMSjBREzr,家人们还记得少轩吗[脱单doge],1764327955,173006769,0.6324089903147244,0.26481798062944883,29405465
BV1QMSjBREzr,如果用一个字来区别人和AI，那会是什么？,1764327588,353000472,0.4646247932549671,-0.07075041349006583,29405459
BV1QMSjBREzr,真的不敢想十年后时代会是什么样子。[捂眼],1764337800,2099739,0.27935857270221354,-0.4412828545955729,29405630
BV1QMSjBREzr,之前就有人预警AI的科技树点歪了，本来ai应该用于工业生产和家居生活，各种机器人，扫地做饭家务，自动驾驶，但现在AI却点在了各种艺术语言类,1764329928,394236876,0.9414667482275344,0.8829334964550688,29405498
BV1QMSjBREzr,"Tim说：当 AI 超越人类的时候，我们留下的，就是经历。
2022 年，少轩 SRAG 在镜头里第一次看见奔跑的自己；
2023 年，升空的卫星把热乎的午餐带到乡村；
2024 年，57 第一次看到大海，深海乐队的《银河列车》告诉我们，沉默也能闪光；
2025 年的今天，这支视频把科技、人性和爱融合在一起。
也欢迎你一起把这段经历延伸下去，通过 https://b23.tv/zgA3S0Z 了解爱的分贝聋儿救助项目的持续进展，让银河列车载着更多爱，驶向那些等待声音的孩子。",1764329312,674734501,0.9999999971519835,0.999999994303967,29405488
BV1QMSjBREzr,我单方面宣布这就是影视飓风今年最棒的作品[大哭],1764329278,95988589,0.9108822340153848,0.8217644680307696,29405487
BV1QMSjBREzr,这个视频我看哭了，但AI不会，它也不会理解我为什么看哭,1764329101,351999927,0.8852231179528292,0.7704462359056583,29405485
BV1QMSjBREzr,从2022到2025，我们和 @影视飓风 一起记录了许多瞬间：少轩 SRAG 在奔跑中的笑；乡村孩子吃到热乎午餐的满足；“57”和“银河列车”背后那些沉默却闪光的故事。在今年的视频里Tim说：“当 AI 最终超越人类的时候，我们能留下的，就是经历。”影像会进步，技术会变化，但人与人之间的理解、陪伴与善意，是任何技术都无法取代的。如果你也被触动，欢迎通过 https://b23.tv/zgA3S0Z 了解视频里提到的【爱的分贝聋儿救助】公益项目。愿经历继续成为我们共同的财富，也让爱沿着银河列车的轨道，去到更多听障孩子身边！,1764327954,674734501,1.0,1.0,29405465
BV1QMSjBREzr,"想了想，边看边想的。最后没得出一个结论，或者说得出了“很难给出结论”的结论。但我还是把自己的想法整理了一下，应该可以让各位没那么焦虑，也给愿意深入思考这个问题的人一个我个人认为蛮有趣的思考角度。把这个略显抽象问题转变为了一个比较直观的，比较现实的问题。
其实这个与ai有关的问题与ai关系又不大
首先我们做出一个假设：ai已经发展到非常强大的地步，能代替社会中的一切工作。无论是科研还是艺术创作。甚至可能在一些微观层面已经达到了这个地步，但把这个范围扩展到全世界显然能让问题更有讨论价值。

第一个问题：ai完全替代了我们吗？
答案是否定的。请问在这期视频里，如果影视飓风完全由ai制作视频，这个行为对于乐队的意义一样吗？
这么问也许不够直观，那么换个问法：在你的生日，你心上人给你用3d打印了一个吊坠，与自己一刀一刀手工雕刻出一个吊坠相比，给你带来的感受一样吗？
也许借助更快捷的工具也能给你的内心带来暖意，但手工时刻下的每一刀，对于你而言都是有意义的，在你心中的份量与打印件是不同的。
一切不能唯结果论。我相信影视飓风在mv上花的每一小时，对于乐队成员都是有意义的。这种“无用功”是我认为的人人关系性中令人着迷的地方。
人与人之间的行为，有些是为了自我的表达。ai没办法替你做这件事的。因为抛开了你自己，ai做再多都不是“你”的表达。“人”永远是“人”。",1764331330,348422663,1.0,1.0,29405522
BV1QMSjBREzr,"当程序员的也有同样的感受，原本自己经过五六年的时间才慢慢精通的编程语言，花费大量时间才掌握的前后端技术，在一夜之间被AI超越。看着那些才接触代码一两个月的人就用AI做出了你学那么久才能做出的效果，心中就有一种“嫉妒”的感觉。你当然可以说那些人其实根本不懂代码，基础差，但是这又如何呢？如果你不去翻找源代码，AI写的和人写的软件、网站在用户的角度上看不出什么差距，客户可不会管编程的人基础好不好，他们只在乎效果和成本。于是那些用着AI工具的新人就这样把一个学了很久代码的人取代了。
庆幸的是，其实这个现象在当年图形化编程(低代码)工具涌现的时候已经出现过了，只不过没有那么夸张，那些图形化编程的熟手终究没有大规模的取代程序员，我希望这次也不会。",1764328771,440172178,0.9999999169504261,0.9999998339008522,29405479
BV1QMSjBREzr,"我一直认为的AI无法超越人类的一点就是情感，后来有一天，我看到一篇非常令我产生情绪的文章，正准备给作者留言写长篇大论时，我瞟到了文章的标签，“AI生成”，明明都是蓝底白字，但那四个字就是如此刺眼，那一刻我心理的情绪真的极其复杂，先是震惊，再是疑惑，最后陷入迷茫，不知所措。
我害怕有一天AI不仅替代了我们的创作，还替代了真人才能提供给你的情绪情感，那些我为其所悲的，为其所怒的，为其所乐的，全都只是大数据库拼凑出来的产物，全都是假的，那些令我感动的画面、音乐、文章，全都是假的，不存在的。
我向来都是一个思想比较开放的人，但此时此刻......我就像一个封建的守旧派。",1764336568,601086053,0.9999999999792601,0.9999999999585203,29405609
BV1QMSjBREzr,对ai的运用belike,1764328088,512808386,0.4737672181921908,-0.05246556361561838,29405468
BV1QMSjBREzr,我也常用AI处理文字，这个事完全不值当的这么感伤和恐惧，即使AI能做出最出色的银河列车又有什么关系？它会自己想去做一个银河列车吗？它会想给57做一个MV吗？它始终只是你实现梦想的工具，你为什么要嫉妒你的工具，离开你的思想和情感，它一钱不值……,1764339089,26376634,0.9999997972847796,0.9999995945695592,29405651
BV1QMSjBREzr,很感谢和影视飓风一起经历的那段奇幻之旅，这一路上我们收获的伙伴、回忆都远远超出了拍一支mv本身的意义，不管未来将会怎样变化，我们始终会怀着对音乐的那颗初心，无限进步！,1764328661,11623954,0.99999974857223,0.9999994971444599,29405477
BV1QMSjBREzr,在读研，也是这样的感觉，代码全用ai，调研也是喂ai文献，自己似乎是提示词工程师，每天研究怎么修改提示词让ai最大化理解我的意思[热],1764330538,650781375,0.8542080017332,0.7084160034664,29405508
BV1QMSjBREzr,"AI帮你节省了不少时间
但你还会有
等待几小时
拍到日出时的激动吗",1764331769,490771569,0.7660860222100667,0.5321720444201334,29405529
BV1QMSjBREzr,真的很荣幸能参与这样有意义的项目，希望这场无人机表演，能在他的生命里留下一点点光，也希望我们的无人机，能继续为世界带去爱与美好！[打call],1764328509,477558279,0.9999819129745501,0.9999638259491002,29405475
BV1QMSjBREzr,"说真的，这个选材和文案都真的太好了
很符合现在这个ai时代
预计这个视频会有1000万播放，现在16万[给心心][大笑]",1764330362,1961736666,0.9851964416405514,0.9703928832811028,29405506
BV1QMSjBREzr,看简介就知道这期的含金量,1764328758,420231720,0.8451258994413495,0.690251798882699,29405479
BV1QMSjBREzr,冲击确实大，很多学校得设计专业都取消了，但我觉得审美是永远都不会过时的一项能力。而且就是很主观，人之所以为人才懂得什么是美。同一个手机，在我的手里拍出来就是路边一条，在我朋友手里一拍就是大片。[笑哭],1764327935,260302,0.9999597517235067,0.9999195034470134,29405465
BV1QMSjBREzr,家人们还记得少轩吗[脱单doge],1764327955,173006769,0.6324089903147244,0.26481798062944883,29405465
BV1QMSjBREzr,如果用一个字来区别人和AI，那会是什么？,1764327588,353000472,0.4646247932549671,-0.07075041349006583,29405459
BV1QMSjBREzr,真的不敢想十年后时代会是什么样子。[捂眼],1764337800,2099739,0.27935857270221354,-0.4412828545955729,29405630
BV1QMSjBREzr,之前就有人预警AI的科技树点歪了，本来ai应该用于工业生产和家居生活，各种机器人，扫地做饭家务，自动驾驶，但现在AI却点在了各种艺术语言类,1764329928,394236876,0.9414667482275344,0.8829334964550688,29405498
BV1QMSjBREzr,"Tim说：当 AI 超越人类的时候，我们留下的，就是经历。
2022 年，少轩 SRAG 在镜头里第一次看见奔跑的自己；
2023 年，升空的卫星把热乎的午餐带到乡村；
2024 年，57 第一次看到大海，深海乐队的《银河列车》告诉我们，沉默也能闪光；
2025 年的今天，这支视频把科技、人性和爱融合在一起。
也欢迎你一起把这段经历延伸下去，通过 https://b23.tv/zgA3S0Z 了解爱的分贝聋儿救助项目的持续进展，让银河列车载着更多爱，驶向那些等待声音的孩子。",1764329312,674734501,0.9999999971519835,0.999999994303967,29405488
BV1QMSjBREzr,我单方面宣布这就是影视飓风今年最棒的作品[大哭],1764329278,95988589,0.9108822340153848,0.8217644680307696,29405487
BV1QMSjBREzr,这个视频我看哭了，但AI不会，它也不会理解我为什么看哭,1764329101,351999927,0.8852231179528292,0.7704462359056583,29405485
BV1QMSjBREzr,从2022到2025，我们和 @影视飓风 一起记录了许多瞬间：少轩 SRAG 在奔跑中的笑；乡村孩子吃到热乎午餐的满足；“57”和“银河列车”背后那些沉默却闪光的故事。在今年的视频里Tim说：“当 AI 最终超越人类的时候，我们能留下的，就是经历。”影像会进步，技术会变化，但人与人之间的理解、陪伴与善意，是任何技术都无法取代的。如果你也被触动，欢迎通过 https://b23.tv/zgA3S0Z 了解视频里提到的【爱的分贝聋儿救助】公益项目。愿经历继续成为我们共同的财富，也让爱沿着银河列车的轨道，去到更多听障孩子身边！,1764327954,674734501,1.0,1.0,29405465
BV1QMSjBREzr,"想了想，边看边想的。最后没得出一个结论，或者说得出了“很难给出结论”的结论。但我还是把自己的想法整理了一下，应该可以让各位没那么焦虑，也给愿意深入思考这个问题的人一个我个人认为蛮有趣的思考角度。把这个略显抽象问题转变为了一个比较直观的，比较现实的问题。
其实这个与ai有关的问题与ai关系又不大
首先我们做出一个假设：ai已经发展到非常强大的地步，能代替社会中的一切工作。无论是科研还是艺术创作。甚至可能在一些微观层面已经达到了这个地步，但把这个范围扩展到全世界显然能让问题更有讨论价值。

第一个问题：ai完全替代了我们吗？
答案是否定的。请问在这期视频里，如果影视飓风完全由ai制作视频，这个行为对于乐队的意义一样吗？
这么问也许不够直观，那么换个问法：在你的生日，你心上人给你用3d打印了一个吊坠，与自己一刀一刀手工雕刻出一个吊坠相比，给你带来的感受一样吗？
也许借助更快捷的工具也能给你的内心带来暖意，但手工时刻下的每一刀，对于你而言都是有意义的，在你心中的份量与打印件是不同的。
一切不能唯结果论。我相信影视飓风在mv上花的每一小时，对于乐队成员都是有意义的。这种“无用功”是我认为的人人关系性中令人着迷的地方。
人与人之间的行为，有些是为了自我的表达。ai没办法替你做这件事的。因为抛开了你自己，ai做再多都不是“你”的表达。“人”永远是“人”。",1764331330,348422663,1.0,1.0,29405522
BV1QMSjBREzr,"当程序员的也有同样的感受，原本自己经过五六年的时间才慢慢精通的编程语言，花费大量时间才掌握的前后端技术，在一夜之间被AI超越。看着那些才接触代码一两个月的人就用AI做出了你学那么久才能做出的效果，心中就有一种“嫉妒”的感觉。你当然可以说那些人其实根本不懂代码，基础差，但是这又如何呢？如果你不去翻找源代码，AI写的和人写的软件、网站在用户的角度上看不出什么差距，客户可不会管编程的人基础好不好，他们只在乎效果和成本。于是那些用着AI工具的新人就这样把一个学了很久代码的人取代了。
庆幸的是，其实这个现象在当年图形化编程(低代码)工具涌现的时候已经出现过了，只不过没有那么夸张，那些图形化编程的熟手终究没有大规模的取代程序员，我希望这次也不会。",1764328771,440172178,0.9999999169504261,0.9999998339008522,29405479
BV1QMSjBREzr,"我一直认为的AI无法超越人类的一点就是情感，后来有一天，我看到一篇非常令我产生情绪的文章，正准备给作者留言写长篇大论时，我瞟到了文章的标签，“AI生成”，明明都是蓝底白字，但那四个字就是如此刺眼，那一刻我心理的情绪真的极其复杂，先是震惊，再是疑惑，最后陷入迷茫，不知所措。
我害怕有一天AI不仅替代了我们的创作，还替代了真人才能提供给你的情绪情感，那些我为其所悲的，为其所怒的，为其所乐的，全都只是大数据库拼凑出来的产物，全都是假的，那些令我感动的画面、音乐、文章，全都是假的，不存在的。
我向来都是一个思想比较开放的人，但此时此刻......我就像一个封建的守旧派。",1764336568,601086053,0.9999999999792601,0.9999999999585203,29405609
BV1QMSjBREzr,对ai的运用belike,1764328088,512808386,0.4737672181921908,-0.05246556361561838,29405468
BV1QMSjBREzr,我也常用AI处理文字，这个事完全不值当的这么感伤和恐惧，即使AI能做出最出色的银河列车又有什么关系？它会自己想去做一个银河列车吗？它会想给57做一个MV吗？它始终只是你实现梦想的工具，你为什么要嫉妒你的工具，离开你的思想和情感，它一钱不值……,1764339089,26376634,0.9999997972847796,0.9999995945695592,29405651
BV1QMSjBREzr,很感谢和影视飓风一起经历的那段奇幻之旅，这一路上我们收获的伙伴、回忆都远远超出了拍一支mv本身的意义，不管未来将会怎样变化，我们始终会怀着对音乐的那颗初心，无限进步！,1764328661,11623954,0.99999974857223,0.9999994971444599,29405477
BV1QMSjBREzr,在读研，也是这样的感觉，代码全用ai，调研也是喂ai文献，自己似乎是提示词工程师，每天研究怎么修改提示词让ai最大化理解我的意思[热],1764330538,650781375,0.8542080017332,0.7084160034664,29405508
BV1QMSjBREzr,"AI帮你节省了不少时间
但你还会有
等待几小时
拍到日出时的激动吗",1764331769,490771569,0.7660860222100667,0.5321720444201334,29405529
BV1QMSjBREzr,真的很荣幸能参与这样有意义的项目，希望这场无人机表演，能在他的生命里留下一点点光，也希望我们的无人机，能继续为世界带去爱与美好！[打call],1764328509,477558279,0.9999819129745501,0.9999638259491002,29405475
BV1QMSjBREzr,"说真的，这个选材和文案都真的太好了
很符合现在这个ai时代
预计这个视频会有1000万播放，现在16万[给心心][大笑]",1764330362,1961736666,0.9851964416405514,0.9703928832811028,29405506
BV1QMSjBREzr,看简介就知道这期的含金量,1764328758,420231720,0.8451258994413495,0.690251798882699,29405479
BV1QMSjBREzr,冲击确实大，很多学校得设计专业都取消了，但我觉得审美是永远都不会过时的一项能力。而且就是很主观，人之所以为人才懂得什么是美。同一个手机，在我的手里拍出来就是路边一条，在我朋友手里一拍就是大片。[笑哭],1764327935,260302,0.9999597517235067,0.9999195034470134,29405465
BV1QMSjBREzr,家人们还记得少轩吗[脱单doge],1764327955,173006769,0.6324089903147244,0.26481798062944883,29405465
BV1QMSjBREzr,如果用一个字来区别人和AI，那会是什么？,1764327588,353000472,0.4646247932549671,-0.07075041349006583,29405459
BV1QMSjBREzr,真的不敢想十年后时代会是什么样子。[捂眼],1764337800,2099739,0.27935857270221354,-0.4412828545955729,29405630
BV1QMSjBREzr,之前就有人预警AI的科技树点歪了，本来ai应该用于工业生产和家居生活，各种机器人，扫地做饭家务，自动驾驶，但现在AI却点在了各种艺术语言类,1764329928,394236876,0.9414667482275344,0.8829334964550688,29405498
BV1QMSjBREzr,"Tim说：当 AI 超越人类的时候，我们留下的，就是经历。
2022 年，少轩 SRAG 在镜头里第一次看见奔跑的自己；
2023 年，升空的卫星把热乎的午餐带到乡村；
2024 年，57 第一次看到大海，深海乐队的《银河列车》告诉我们，沉默也能闪光；
2025 年的今天，这支视频把科技、人性和爱融合在一起。
也欢迎你一起把这段经历延伸下去，通过 https://b23.tv/zgA3S0Z 了解爱的分贝聋儿救助项目的持续进展，让银河列车载着更多爱，驶向那些等待声音的孩子。",1764329312,674734501,0.9999999971519835,0.999999994303967,29405488
BV1QMSjBREzr,我单方面宣布这就是影视飓风今年最棒的作品[大哭],1764329278,95988589,0.9108822340153848,0.8217644680307696,29405487
BV1QMSjBREzr,这个视频我看哭了，但AI不会，它也不会理解我为什么看哭,1764329101,351999927,0.8852231179528292,0.7704462359056583,29405485
BV1QMSjBREzr,从2022到2025，我们和 @影视飓风 一起记录了许多瞬间：少轩 SRAG 在奔跑中的笑；乡村孩子吃到热乎午餐的满足；“57”和“银河列车”背后那些沉默却闪光的故事。在今年的视频里Tim说：“当 AI 最终超越人类的时候，我们能留下的，就是经历。”影像会进步，技术会变化，但人与人之间的理解、陪伴与善意，是任何技术都无法取代的。如果你也被触动，欢迎通过 https://b23.tv/zgA3S0Z 了解视频里提到的【爱的分贝聋儿救助】公益项目。愿经历继续成为我们共同的财富，也让爱沿着银河列车的轨道，去到更多听障孩子身边！,1764327954,674734501,1.0,1.0,29405465
BV1QMSjBREzr,"想了想，边看边想的。最后没得出一个结论，或者说得出了“很难给出结论”的结论。但我还是把自己的想法整理了一下，应该可以让各位没那么焦虑，也给愿意深入思考这个问题的人一个我个人认为蛮有趣的思考角度。把这个略显抽象问题转变为了一个比较直观的，比较现实的问题。
其实这个与ai有关的问题与ai关系又不大
首先我们做出一个假设：ai已经发展到非常强大的地步，能代替社会中的一切工作。无论是科研还是艺术创作。甚至可能在一些微观层面已经达到了这个地步，但把这个范围扩展到全世界显然能让问题更有讨论价值。

第一个问题：ai完全替代了我们吗？
答案是否定的。请问在这期视频里，如果影视飓风完全由ai制作视频，这个行为对于乐队的意义一样吗？
这么问也许不够直观，那么换个问法：在你的生日，你心上人给你用3d打印了一个吊坠，与自己一刀一刀手工雕刻出一个吊坠相比，给你带来的感受一样吗？
也许借助更快捷的工具也能给你的内心带来暖意，但手工时刻下的每一刀，对于你而言都是有意义的，在你心中的份量与打印件是不同的。
一切不能唯结果论。我相信影视飓风在mv上花的每一小时，对于乐队成员都是有意义的。这种“无用功”是我认为的人人关系性中令人着迷的地方。
人与人之间的行为，有些是为了自我的表达。ai没办法替你做这件事的。因为抛开了你自己，ai做再多都不是“你”的表达。“人”永远是“人”。",1764331330,348422663,1.0,1.0,29405522
BV1QMSjBREzr,"当程序员的也有同样的感受，原本自己经过五六年的时间才慢慢精通的编程语言，花费大量时间才掌握的前后端技术，在一夜之间被AI超越。看着那些才接触代码一两个月的人就用AI做出了你学那么久才能做出的效果，心中就有一种“嫉妒”的感觉。你当然可以说那些人其实根本不懂代码，基础差，但是这又如何呢？如果你不去翻找源代码，AI写的和人写的软件、网站在用户的角度上看不出什么差距，客户可不会管编程的人基础好不好，他们只在乎效果和成本。于是那些用着AI工具的新人就这样把一个学了很久代码的人取代了。
庆幸的是，其实这个现象在当年图形化编程(低代码)工具涌现的时候已经出现过了，只不过没有那么夸张，那些图形化编程的熟手终究没有大规模的取代程序员，我希望这次也不会。",1764328771,440172178,0.9999999169504261,0.9999998339008522,29405479
BV1QMSjBREzr,"我一直认为的AI无法超越人类的一点就是情感，后来有一天，我看到一篇非常令我产生情绪的文章，正准备给作者留言写长篇大论时，我瞟到了文章的标签，“AI生成”，明明都是蓝底白字，但那四个字就是如此刺眼，那一刻我心理的情绪真的极其复杂，先是震惊，再是疑惑，最后陷入迷茫，不知所措。
我害怕有一天AI不仅替代了我们的创作，还替代了真人才能提供给你的情绪情感，那些我为其所悲的，为其所怒的，为其所乐的，全都只是大数据库拼凑出来的产物，全都是假的，那些令我感动的画面、音乐、文章，全都是假的，不存在的。
我向来都是一个思想比较开放的人，但此时此刻......我就像一个封建的守旧派。",1764336568,601086053,0.9999999999792601,0.9999999999585203,29405609
BV1QMSjBREzr,对ai的运用belike,1764328088,512808386,0.4737672181921908,-0.05246556361561838,29405468
BV1QMSjBREzr,我也常用AI处理文字，这个事完全不值当的这么感伤和恐惧，即使AI能做出最出色的银河列车又有什么关系？它会自己想去做一个银河列车吗？它会想给57做一个MV吗？它始终只是你实现梦想的工具，你为什么要嫉妒你的工具，离开你的思想和情感，它一钱不值……,1764339089,26376634,0.9999997972847796,0.9999995945695592,29405651
BV1QMSjBREzr,很感谢和影视飓风一起经历的那段奇幻之旅，这一路上我们收获的伙伴、回忆都远远超出了拍一支mv本身的意义，不管未来将会怎样变化，我们始终会怀着对音乐的那颗初心，无限进步！,1764328661,11623954,0.99999974857223,0.9999994971444599,29405477
BV1QMSjBREzr,在读研，也是这样的感觉，代码全用ai，调研也是喂ai文献，自己似乎是提示词工程师，每天研究怎么修改提示词让ai最大化理解我的意思[热],1764330538,650781375,0.8542080017332,0.7084160034664,29405508
BV1QMSjBREzr,"AI帮你节省了不少时间
但你还会有
等待几小时
拍到日出时的激动吗",1764331769,490771569,0.7660860222100667,0.5321720444201334,29405529
BV1QMSjBREzr,真的很荣幸能参与这样有意义的项目，希望这场无人机表演，能在他的生命里留下一点点光，也希望我们的无人机，能继续为世界带去爱与美好！[打call],1764328509,477558279,0.9999819129745501,0.9999638259491002,29405475
BV1QMSjBREzr,"说真的，这个选材和文案都真的太好了
很符合现在这个ai时代
预计这个视频会有1000万播放，现在16万[给心心][大笑]",1764330362,1961736666,0.9851964416405514,0.9703928832811028,29405506
BV1QMSjBREzr,看简介就知道这期的含金量,1764328758,420231720,0.8451258994413495,0.690251798882699,29405479
BV1QMSjBREzr,冲击确实大，很多学校得设计专业都取消了，但我觉得审美是永远都不会过时的一项能力。而且就是很主观，人之所以为人才懂得什么是美。同一个手机，在我的手里拍出来就是路边一条，在我朋友手里一拍就是大片。[笑哭],1764327935,260302,0.9999597517235067,0.9999195034470134,29405465
BV1QMSjBREzr,家人们还记得少轩吗[脱单doge],1764327955,173006769,0.6324089903147244,0.26481798062944883,29405465
BV1QMSjBREzr,如果用一个字来区别人和AI，那会是什么？,1764327588,353000472,0.4646247932549671,-0.07075041349006583,29405459
BV1QMSjBREzr,真的不敢想十年后时代会是什么样子。[捂眼],1764337800,2099739,0.27935857270221354,-0.4412828545955729,29405630
BV1QMSjBREzr,之前就有人预警AI的科技树点歪了，本来ai应该用于工业生产和家居生活，各种机器人，扫地做饭家务，自动驾驶，但现在AI却点在了各种艺术语言类,1764329928,394236876,0.9414667482275344,0.8829334964550688,29405498
BV1QMSjBREzr,"Tim说：当 AI 超越人类的时候，我们留下的，就是经历。
2022 年，少轩 SRAG 在镜头里第一次看见奔跑的自己；
2023 年，升空的卫星把热乎的午餐带到乡村；
2024 年，57 第一次看到大海，深海乐队的《银河列车》告诉我们，沉默也能闪光；
2025 年的今天，这支视频把科技、人性和爱融合在一起。
也欢迎你一起把这段经历延伸下去，通过 https://b23.tv/zgA3S0Z 了解爱的分贝聋儿救助项目的持续进展，让银河列车载着更多爱，驶向那些等待声音的孩子。",1764329312,674734501,0.9999999971519835,0.999999994303967,29405488
BV1QMSjBREzr,我单方面宣布这就是影视飓风今年最棒的作品[大哭],1764329278,95988589,0.9108822340153848,0.8217644680307696,29405487
BV1QMSjBREzr,这个视频我看哭了，但AI不会，它也不会理解我为什么看哭,1764329101,351999927,0.8852231179528292,0.7704462359056583,29405485
BV1QMSjBREzr,从2022到2025，我们和 @影视飓风 一起记录了许多瞬间：少轩 SRAG 在奔跑中的笑；乡村孩子吃到热乎午餐的满足；“57”和“银河列车”背后那些沉默却闪光的故事。在今年的视频里Tim说：“当 AI 最终超越人类的时候，我们能留下的，就是经历。”影像会进步，技术会变化，但人与人之间的理解、陪伴与善意，是任何技术都无法取代的。如果你也被触动，欢迎通过 https://b23.tv/zgA3S0Z 了解视频里提到的【爱的分贝聋儿救助】公益项目。愿经历继续成为我们共同的财富，也让爱沿着银河列车的轨道，去到更多听障孩子身边！,1764327954,674734501,1.0,1.0,29405465
BV1QMSjBREzr,"想了想，边看边想的。最后没得出一个结论，或者说得出了“很难给出结论”的结论。但我还是把自己的想法整理了一下，应该可以让各位没那么焦虑，也给愿意深入思考这个问题的人一个我个人认为蛮有趣的思考角度。把这个略显抽象问题转变为了一个比较直观的，比较现实的问题。
其实这个与ai有关的问题与ai关系又不大
首先我们做出一个假设：ai已经发展到非常强大的地步，能代替社会中的一切工作。无论是科研还是艺术创作。甚至可能在一些微观层面已经达到了这个地步，但把这个范围扩展到全世界显然能让问题更有讨论价值。

第一个问题：ai完全替代了我们吗？
答案是否定的。请问在这期视频里，如果影视飓风完全由ai制作视频，这个行为对于乐队的意义一样吗？
这么问也许不够直观，那么换个问法：在你的生日，你心上人给你用3d打印了一个吊坠，与自己一刀一刀手工雕刻出一个吊坠相比，给你带来的感受一样吗？
也许借助更快捷的工具也能给你的内心带来暖意，但手工时刻下的每一刀，对于你而言都是有意义的，在你心中的份量与打印件是不同的。
一切不能唯结果论。我相信影视飓风在mv上花的每一小时，对于乐队成员都是有意义的。这种“无用功”是我认为的人人关系性中令人着迷的地方。
人与人之间的行为，有些是为了自我的表达。ai没办法替你做这件事的。因为抛开了你自己，ai做再多都不是“你”的表达。“人”永远是“人”。",1764331330,348422663,1.0,1.0,29405522
BV1QMSjBREzr,"当程序员的也有同样的感受，原本自己经过五六年的时间才慢慢精通的编程语言，花费大量时间才掌握的前后端技术，在一夜之间被AI超越。看着那些才接触代码一两个月的人就用AI做出了你学那么久才能做出的效果，心中就有一种“嫉妒”的感觉。你当然可以说那些人其实根本不懂代码，基础差，但是这又如何呢？如果你不去翻找源代码，AI写的和人写的软件、网站在用户的角度上看不出什么差距，客户可不会管编程的人基础好不好，他们只在乎效果和成本。于是那些用着AI工具的新人就这样把一个学了很久代码的人取代了。
庆幸的是，其实这个现象在当年图形化编程(低代码)工具涌现的时候已经出现过了，只不过没有那么夸张，那些图形化编程的熟手终究没有大规模的取代程序员，我希望这次也不会。",1764328771,440172178,0.9999999169504261,0.9999998339008522,29405479
BV1uDCrBkEiw,我想听2018年那一场的语音[汤圆],1763435566,390304528,0.7476016378762622,0.49520327575252443,29390592
BV1uDCrBkEiw,解说其实挺难的，不光要有游戏理解，还要有控场能力。不是说游戏打的好就能上，之前客串过大学社团农药比赛解说，上去三分钟说不出话来，后背一身汗。,1763438853,52061015,0.1350433457324185,-0.729913308535163,29390647
BV1uDCrBkEiw,这是tim在滔搏打职业怒喷三六九的时候,1763440539,18176097,0.08080923626723613,-0.8383815274655277,29390675
BV1uDCrBkEiw,怪不得guma离队了，原来是签了李四维！[doge],1763436331,291122483,0.1132952642615016,-0.7734094714769968,29390605
BV1uDCrBkEiw,我给Tim检的票！！谁懂刷脸机上出现tim的震撼[给心心],1763439573,482131936,0.32212161761483216,-0.3557567647703357,29390659
BV1uDCrBkEiw,在现场！[给心心][给心心],1763463255,410505182,0.6199320980399382,0.2398641960798764,29391054
BV1uDCrBkEiw,T1.李四维正在连接,1763436029,1767958584,0.2094067466760151,-0.5811865066479698,29390600
BV1uDCrBkEiw,有机会明年来纽约看看会有什么新发现！,1763438584,33075498,0.9538266045885555,0.907653209177111,29390643
BV1uDCrBkEiw,Tim不是以前在滔搏打过比赛吗？职业名好像叫卡萨。[doge][doge][doge],1763453980,1266248183,0.7539382503294738,0.5078765006589476,29390899
BV1uDCrBkEiw,那个时候都普通耳机（）,1763442555,19860,0.3190237030414056,-0.3619525939171888,29390709
BV1uDCrBkEiw,其实很早就觉得像了[doge_金箍]似是故人来,1763476424,244258989,0.6663798283897552,0.33275965677951036,29391273
BV1uDCrBkEiw,"初中s1内测玩家来了[星星眼]还没弃坑
和我一起入坑的朋友现在都有孙女了[喜极而泣][喜极而泣][喜极而泣]",1763434907,12040857,0.01580040714198594,-0.9683991857160281,29390581
BV1uDCrBkEiw,我只好奇什么饮料那么好喝，飞神每次都要喝完再走,1763453425,27349247,0.10126372432533215,-0.7974725513493357,29390890
BV1uDCrBkEiw,耳机里听的是韩语[汤圆],1763435402,398860003,0.24202201876436735,-0.5159559624712653,29390590
BV1uDCrBkEiw,姑妈离队的原因找到了！[doge][doge][doge],1763436127,32040585,0.41310020859025365,-0.1737995828194927,29390602
BV1uDCrBkEiw,Gumayusi离队的原因找到了,1763435744,47992475,0.4387747079973019,-0.12245058400539621,29390595
BV1uDCrBkEiw,这个粉红噪音真的可以抵消激烈比赛环境下数万观众的爆发声量吗[思考]感觉开头选手耳机的声音并不全啊,1763446805,52617292,0.9619588261525199,0.9239176523050399,29390780
BV1uDCrBkEiw,"虽然不是同一时间
但也不是同一地点
但是干的是一样的活儿
音频、通话系统工程师[星星眼]",1763457745,25726264,0.04167791414001265,-0.9166441717199747,29390962
BV1uDCrBkEiw,一人血书去cs major现场,1763435169,1231337069,0.22277510295277259,-0.5544497940944548,29390586
BV1uDCrBkEiw,也算业内人了，这个通话设备贵其实也并不是说有多高的科技含量，单纯就是市场太小，没有办法摊薄成本导致单价飙升,1763536184,108555672,0.2738806046327449,-0.45223879073451023,29392269
BV1uDCrBkEiw,我想听2018年那一场的语音[汤圆],1763435566,390304528,0.7476016378762622,0.49520327575252443,29390592
BV1uDCrBkEiw,解说其实挺难的，不光要有游戏理解，还要有控场能力。不是说游戏打的好就能上，之前客串过大学社团农药比赛解说，上去三分钟说不出话来，后背一身汗。,1763438853,52061015,0.1350433457324185,-0.729913308535163,29390647
BV1uDCrBkEiw,这是tim在滔搏打职业怒喷三六九的时候,1763440539,18176097,0.08080923626723613,-0.8383815274655277,29390675
BV1uDCrBkEiw,怪不得guma离队了，原来是签了李四维！[doge],1763436331,291122483,0.1132952642615016,-0.7734094714769968,29390605
BV1uDCrBkEiw,我给Tim检的票！！谁懂刷脸机上出现tim的震撼[给心心],1763439573,482131936,0.32212161761483216,-0.3557567647703357,29390659
BV1uDCrBkEiw,在现场！[给心心][给心心],1763463255,410505182,0.6199320980399382,0.2398641960798764,29391054
BV1uDCrBkEiw,T1.李四维正在连接,1763436029,1767958584,0.2094067466760151,-0.5811865066479698,29390600
BV1uDCrBkEiw,有机会明年来纽约看看会有什么新发现！,1763438584,33075498,0.9538266045885555,0.907653209177111,29390643
BV1uDCrBkEiw,Tim不是以前在滔搏打过比赛吗？职业名好像叫卡萨。[doge][doge][doge],1763453980,1266248183,0.7539382503294738,0.5078765006589476,29390899
BV1uDCrBkEiw,那个时候都普通耳机（）,1763442555,19860,0.3190237030414056,-0.3619525939171888,29390709
BV1uDCrBkEiw,其实很早就觉得像了[doge_金箍]似是故人来,1763476424,244258989,0.6663798283897552,0.33275965677951036,29391273
BV1uDCrBkEiw,"初中s1内测玩家来了[星星眼]还没弃坑
和我一起入坑的朋友现在都有孙女了[喜极而泣][喜极而泣][喜极而泣]",1763434907,12040857,0.01580040714198594,-0.9683991857160281,29390581
BV1uDCrBkEiw,我只好奇什么饮料那么好喝，飞神每次都要喝完再走,1763453425,27349247,0.10126372432533215,-0.7974725513493357,29390890
BV1uDCrBkEiw,耳机里听的是韩语[汤圆],1763435402,398860003,0.24202201876436735,-0.5159559624712653,29390590
BV1uDCrBkEiw,姑妈离队的原因找到了！[doge][doge][doge],1763436127,32040585,0.41310020859025365,-0.1737995828194927,29390602
BV1uDCrBkEiw,Gumayusi离队的原因找到了,1763435744,47992475,0.4387747079973019,-0.12245058400539621,29390595
BV1uDCrBkEiw,这个粉红噪音真的可以抵消激烈比赛环境下数万观众的爆发声量吗[思考]感觉开头选手耳机的声音并不全啊,1763446805,52617292,0.9619588261525199,0.9239176523050399,29390780
BV1uDCrBkEiw,"虽然不是同一时间
但也不是同一地点
但是干的是一样的活儿
音频、通话系统工程师[星星眼]",1763457745,25726264,0.04167791414001265,-0.9166441717199747,29390962
BV1uDCrBkEiw,一人血书去cs major现场,1763435169,1231337069,0.22277510295277259,-0.5544497940944548,29390586
BV1uDCrBkEiw,也算业内人了，这个通话设备贵其实也并不是说有多高的科技含量，单纯就是市场太小，没有办法摊薄成本导致单价飙升,1763536184,108555672,0.2738806046327449,-0.45223879073451023,29392269
BV1uDCrBkEiw,我想听2018年那一场的语音[汤圆],1763435566,390304528,0.7476016378762622,0.49520327575252443,29390592
BV1uDCrBkEiw,解说其实挺难的，不光要有游戏理解，还要有控场能力。不是说游戏打的好就能上，之前客串过大学社团农药比赛解说，上去三分钟说不出话来，后背一身汗。,1763438853,52061015,0.1350433457324185,-0.729913308535163,29390647
BV1uDCrBkEiw,这是tim在滔搏打职业怒喷三六九的时候,1763440539,18176097,0.08080923626723613,-0.8383815274655277,29390675
BV1uDCrBkEiw,怪不得guma离队了，原来是签了李四维！[doge],1763436331,291122483,0.1132952642615016,-0.7734094714769968,29390605
BV1uDCrBkEiw,我给Tim检的票！！谁懂刷脸机上出现tim的震撼[给心心],1763439573,482131936,0.32212161761483216,-0.3557567647703357,29390659
BV1uDCrBkEiw,在现场！[给心心][给心心],1763463255,410505182,0.6199320980399382,0.2398641960798764,29391054
BV1uDCrBkEiw,T1.李四维正在连接,1763436029,1767958584,0.2094067466760151,-0.5811865066479698,29390600
BV1uDCrBkEiw,有机会明年来纽约看看会有什么新发现！,1763438584,33075498,0.9538266045885555,0.907653209177111,29390643
BV1uDCrBkEiw,Tim不是以前在滔搏打过比赛吗？职业名好像叫卡萨。[doge][doge][doge],1763453980,1266248183,0.7539382503294738,0.5078765006589476,29390899
BV1uDCrBkEiw,那个时候都普通耳机（）,1763442555,19860,0.3190237030414056,-0.3619525939171888,29390709
BV1uDCrBkEiw,其实很早就觉得像了[doge_金箍]似是故人来,1763476424,244258989,0.6663798283897552,0.33275965677951036,29391273
BV1uDCrBkEiw,"初中s1内测玩家来了[星星眼]还没弃坑
和我一起入坑的朋友现在都有孙女了[喜极而泣][喜极而泣][喜极而泣]",1763434907,12040857,0.01580040714198594,-0.9683991857160281,29390581
BV1uDCrBkEiw,我只好奇什么饮料那么好喝，飞神每次都要喝完再走,1763453425,27349247,0.10126372432533215,-0.7974725513493357,29390890
BV1uDCrBkEiw,耳机里听的是韩语[汤圆],1763435402,398860003,0.24202201876436735,-0.5159559624712653,29390590
BV1uDCrBkEiw,姑妈离队的原因找到了！[doge][doge][doge],1763436127,32040585,0.41310020859025365,-0.1737995828194927,29390602
BV1uDCrBkEiw,Gumayusi离队的原因找到了,1763435744,47992475,0.4387747079973019,-0.12245058400539621,29390595
BV1uDCrBkEiw,这个粉红噪音真的可以抵消激烈比赛环境下数万观众的爆发声量吗[思考]感觉开头选手耳机的声音并不全啊,1763446805,52617292,0.9619588261525199,0.9239176523050399,29390780
BV1uDCrBkEiw,"虽然不是同一时间
但也不是同一地点
但是干的是一样的活儿
音频、通话系统工程师[星星眼]",1763457745,25726264,0.04167791414001265,-0.9166441717199747,29390962
BV1uDCrBkEiw,一人血书去cs major现场,1763435169,1231337069,0.22277510295277259,-0.5544497940944548,29390586
BV1uDCrBkEiw,也算业内人了，这个通话设备贵其实也并不是说有多高的科技含量，单纯就是市场太小，没有办法摊薄成本导致单价飙升,1763536184,108555672,0.2738806046327449,-0.45223879073451023,29392269
BV1uDCrBkEiw,我想听2018年那一场的语音[汤圆],1763435566,390304528,0.7476016378762622,0.49520327575252443,29390592
BV1uDCrBkEiw,解说其实挺难的，不光要有游戏理解，还要有控场能力。不是说游戏打的好就能上，之前客串过大学社团农药比赛解说，上去三分钟说不出话来，后背一身汗。,1763438853,52061015,0.1350433457324185,-0.729913308535163,29390647
BV1uDCrBkEiw,这是tim在滔搏打职业怒喷三六九的时候,1763440539,18176097,0.08080923626723613,-0.8383815274655277,29390675
BV1uDCrBkEiw,怪不得guma离队了，原来是签了李四维！[doge],1763436331,291122483,0.1132952642615016,-0.7734094714769968,29390605
BV1uDCrBkEiw,我给Tim检的票！！谁懂刷脸机上出现tim的震撼[给心心],1763439573,482131936,0.32212161761483216,-0.3557567647703357,29390659
BV1uDCrBkEiw,在现场！[给心心][给心心],1763463255,410505182,0.6199320980399382,0.2398641960798764,29391054
BV1uDCrBkEiw,T1.李四维正在连接,1763436029,1767958584,0.2094067466760151,-0.5811865066479698,29390600
BV1uDCrBkEiw,有机会明年来纽约看看会有什么新发现！,1763438584,33075498,0.9538266045885555,0.907653209177111,29390643
BV1uDCrBkEiw,Tim不是以前在滔搏打过比赛吗？职业名好像叫卡萨。[doge][doge][doge],1763453980,1266248183,0.7539382503294738,0.5078765006589476,29390899
BV1uDCrBkEiw,那个时候都普通耳机（）,1763442555,19860,0.3190237030414056,-0.3619525939171888,29390709
BV1uDCrBkEiw,其实很早就觉得像了[doge_金箍]似是故人来,1763476424,244258989,0.6663798283897552,0.33275965677951036,29391273
BV1uDCrBkEiw,"初中s1内测玩家来了[星星眼]还没弃坑
和我一起入坑的朋友现在都有孙女了[喜极而泣][喜极而泣][喜极而泣]",1763434907,12040857,0.01580040714198594,-0.9683991857160281,29390581
BV1uDCrBkEiw,我只好奇什么饮料那么好喝，飞神每次都要喝完再走,1763453425,27349247,0.10126372432533215,-0.7974725513493357,29390890
BV1uDCrBkEiw,耳机里听的是韩语[汤圆],1763435402,398860003,0.24202201876436735,-0.5159559624712653,29390590
BV1uDCrBkEiw,姑妈离队的原因找到了！[doge][doge][doge],1763436127,32040585,0.41310020859025365,-0.1737995828194927,29390602
BV1uDCrBkEiw,Gumayusi离队的原因找到了,1763435744,47992475,0.4387747079973019,-0.12245058400539621,29390595
BV1uDCrBkEiw,这个粉红噪音真的可以抵消激烈比赛环境下数万观众的爆发声量吗[思考]感觉开头选手耳机的声音并不全啊,1763446805,52617292,0.9619588261525199,0.9239176523050399,29390780
BV1uDCrBkEiw,"虽然不是同一时间
但也不是同一地点
但是干的是一样的活儿
音频、通话系统工程师[星星眼]",1763457745,25726264,0.04167791414001265,-0.9166441717199747,29390962
BV1uDCrBkEiw,一人血书去cs major现场,1763435169,1231337069,0.22277510295277259,-0.5544497940944548,29390586
BV1uDCrBkEiw,也算业内人了，这个通话设备贵其实也并不是说有多高的科技含量，单纯就是市场太小，没有办法摊薄成本导致单价飙升,1763536184,108555672,0.2738806046327449,-0.45223879073451023,29392269
BV1uDCrBkEiw,我想听2018年那一场的语音[汤圆],1763435566,390304528,0.7476016378762622,0.49520327575252443,29390592
BV1uDCrBkEiw,解说其实挺难的，不光要有游戏理解，还要有控场能力。不是说游戏打的好就能上，之前客串过大学社团农药比赛解说，上去三分钟说不出话来，后背一身汗。,1763438853,52061015,0.1350433457324185,-0.729913308535163,29390647
BV1uDCrBkEiw,这是tim在滔搏打职业怒喷三六九的时候,1763440539,18176097,0.08080923626723613,-0.8383815274655277,29390675
BV1uDCrBkEiw,怪不得guma离队了，原来是签了李四维！[doge],1763436331,291122483,0.1132952642615016,-0.7734094714769968,29390605
BV1uDCrBkEiw,我给Tim检的票！！谁懂刷脸机上出现tim的震撼[给心心],1763439573,482131936,0.32212161761483216,-0.3557567647703357,29390659
BV1uDCrBkEiw,在现场！[给心心][给心心],1763463255,410505182,0.6199320980399382,0.2398641960798764,29391054
BV1uDCrBkEiw,T1.李四维正在连接,1763436029,1767958584,0.2094067466760151,-0.5811865066479698,29390600
BV1uDCrBkEiw,有机会明年来纽约看看会有什么新发现！,1763438584,33075498,0.9538266045885555,0.907653209177111,29390643
BV1uDCrBkEiw,Tim不是以前在滔搏打过比赛吗？职业名好像叫卡萨。[doge][doge][doge],1763453980,1266248183,0.7539382503294738,0.5078765006589476,29390899
BV1uDCrBkEiw,那个时候都普通耳机（）,1763442555,19860,0.3190237030414056,-0.3619525939171888,29390709
BV1uDCrBkEiw,其实很早就觉得像了[doge_金箍]似是故人来,1763476424,244258989,0.6663798283897552,0.33275965677951036,29391273
BV1uDCrBkEiw,"初中s1内测玩家来了[星星眼]还没弃坑
和我一起入坑的朋友现在都有孙女了[喜极而泣][喜极而泣][喜极而泣]",1763434907,12040857,0.01580040714198594,-0.9683991857160281,29390581
BV1uDCrBkEiw,我只好奇什么饮料那么好喝，飞神每次都要喝完再走,1763453425,27349247,0.10126372432533215,-0.7974725513493357,29390890
BV1uDCrBkEiw,耳机里听的是韩语[汤圆],1763435402,398860003,0.24202201876436735,-0.5159559624712653,29390590
BV1uDCrBkEiw,姑妈离队的原因找到了！[doge][doge][doge],1763436127,32040585,0.41310020859025365,-0.1737995828194927,29390602
BV1uDCrBkEiw,Gumayusi离队的原因找到了,1763435744,47992475,0.4387747079973019,-0.12245058400539621,29390595
BV1uDCrBkEiw,这个粉红噪音真的可以抵消激烈比赛环境下数万观众的爆发声量吗[思考]感觉开头选手耳机的声音并不全啊,1763446805,52617292,0.9619588261525199,0.9239176523050399,29390780
BV1uDCrBkEiw,"虽然不是同一时间
但也不是同一地点
但是干的是一样的活儿
音频、通话系统工程师[星星眼]",1763457745,25726264,0.04167791414001265,-0.9166441717199747,29390962
BV1uDCrBkEiw,一人血书去cs major现场,1763435169,1231337069,0.22277510295277259,-0.5544497940944548,29390586
BV1uDCrBkEiw,也算业内人了，这个通话设备贵其实也并不是说有多高的科技含量，单纯就是市场太小，没有办法摊薄成本导致单价飙升,1763536184,108555672,0.2738806046327449,-0.45223879073451023,29392269
BV1uDCrBkEiw,我想听2018年那一场的语音[汤圆],1763435566,390304528,0.7476016378762622,0.49520327575252443,29390592
BV1uDCrBkEiw,解说其实挺难的，不光要有游戏理解，还要有控场能力。不是说游戏打的好就能上，之前客串过大学社团农药比赛解说，上去三分钟说不出话来，后背一身汗。,1763438853,52061015,0.1350433457324185,-0.729913308535163,29390647
BV1uDCrBkEiw,这是tim在滔搏打职业怒喷三六九的时候,1763440539,18176097,0.08080923626723613,-0.8383815274655277,29390675
BV1uDCrBkEiw,怪不得guma离队了，原来是签了李四维！[doge],1763436331,291122483,0.1132952642615016,-0.7734094714769968,29390605
BV1uDCrBkEiw,我给Tim检的票！！谁懂刷脸机上出现tim的震撼[给心心],1763439573,482131936,0.32212161761483216,-0.3557567647703357,29390659
BV1uDCrBkEiw,在现场！[给心心][给心心],1763463255,410505182,0.6199320980399382,0.2398641960798764,29391054
BV1uDCrBkEiw,T1.李四维正在连接,1763436029,1767958584,0.2094067466760151,-0.5811865066479698,29390600
BV1uDCrBkEiw,有机会明年来纽约看看会有什么新发现！,1763438584,33075498,0.9538266045885555,0.907653209177111,29390643
BV1uDCrBkEiw,Tim不是以前在滔搏打过比赛吗？职业名好像叫卡萨。[doge][doge][doge],1763453980,1266248183,0.7539382503294738,0.5078765006589476,29390899
BV1uDCrBkEiw,那个时候都普通耳机（）,1763442555,19860,0.3190237030414056,-0.3619525939171888,29390709
BV1uDCrBkEiw,其实很早就觉得像了[doge_金箍]似是故人来,1763476424,244258989,0.6663798283897552,0.33275965677951036,29391273
BV1uDCrBkEiw,"初中s1内测玩家来了[星星眼]还没弃坑
和我一起入坑的朋友现在都有孙女了[喜极而泣][喜极而泣][喜极而泣]",1763434907,12040857,0.01580040714198594,-0.9683991857160281,29390581
BV1uDCrBkEiw,我只好奇什么饮料那么好喝，飞神每次都要喝完再走,1763453425,27349247,0.10126372432533215,-0.7974725513493357,29390890
BV1uDCrBkEiw,耳机里听的是韩语[汤圆],1763435402,398860003,0.24202201876436735,-0.5159559624712653,29390590
BV1uDCrBkEiw,姑妈离队的原因找到了！[doge][doge][doge],1763436127,32040585,0.41310020859025365,-0.1737995828194927,29390602
BV1uDCrBkEiw,Gumayusi离队的原因找到了,1763435744,47992475,0.4387747079973019,-0.12245058400539621,29390595
BV1uDCrBkEiw,这个粉红噪音真的可以抵消激烈比赛环境下数万观众的爆发声量吗[思考]感觉开头选手耳机的声音并不全啊,1763446805,52617292,0.9619588261525199,0.9239176523050399,29390780
BV1uDCrBkEiw,"虽然不是同一时间
但也不是同一地点
但是干的是一样的活儿
音频、通话系统工程师[星星眼]",1763457745,25726264,0.04167791414001265,-0.9166441717199747,29390962
BV1uDCrBkEiw,一人血书去cs major现场,1763435169,1231337069,0.22277510295277259,-0.5544497940944548,29390586
BV1uDCrBkEiw,也算业内人了，这个通话设备贵其实也并不是说有多高的科技含量，单纯就是市场太小，没有办法摊薄成本导致单价飙升,1763536184,108555672,0.2738806046327449,-0.45223879073451023,29392269
BV1uDCrBkEiw,我想听2018年那一场的语音[汤圆],1763435566,390304528,0.7476016378762622,0.49520327575252443,29390592
BV1uDCrBkEiw,解说其实挺难的，不光要有游戏理解，还要有控场能力。不是说游戏打的好就能上，之前客串过大学社团农药比赛解说，上去三分钟说不出话来，后背一身汗。,1763438853,52061015,0.1350433457324185,-0.729913308535163,29390647
BV1uDCrBkEiw,这是tim在滔搏打职业怒喷三六九的时候,1763440539,18176097,0.08080923626723613,-0.8383815274655277,29390675
BV1uDCrBkEiw,怪不得guma离队了，原来是签了李四维！[doge],1763436331,291122483,0.1132952642615016,-0.7734094714769968,29390605
BV1uDCrBkEiw,我给Tim检的票！！谁懂刷脸机上出现tim的震撼[给心心],1763439573,482131936,0.32212161761483216,-0.3557567647703357,29390659
BV1uDCrBkEiw,在现场！[给心心][给心心],1763463255,410505182,0.6199320980399382,0.2398641960798764,29391054
BV1uDCrBkEiw,T1.李四维正在连接,1763436029,1767958584,0.2094067466760151,-0.5811865066479698,29390600
BV1uDCrBkEiw,有机会明年来纽约看看会有什么新发现！,1763438584,33075498,0.9538266045885555,0.907653209177111,29390643
BV1uDCrBkEiw,Tim不是以前在滔搏打过比赛吗？职业名好像叫卡萨。[doge][doge][doge],1763453980,1266248183,0.7539382503294738,0.5078765006589476,29390899
BV1uDCrBkEiw,那个时候都普通耳机（）,1763442555,19860,0.3190237030414056,-0.3619525939171888,29390709
BV1uDCrBkEiw,其实很早就觉得像了[doge_金箍]似是故人来,1763476424,244258989,0.6663798283897552,0.33275965677951036,29391273
BV1uDCrBkEiw,"初中s1内测玩家来了[星星眼]还没弃坑
和我一起入坑的朋友现在都有孙女了[喜极而泣][喜极而泣][喜极而泣]",1763434907,12040857,0.01580040714198594,-0.9683991857160281,29390581
BV1uDCrBkEiw,我只好奇什么饮料那么好喝，飞神每次都要喝完再走,1763453425,27349247,0.10126372432533215,-0.7974725513493357,29390890
BV1uDCrBkEiw,耳机里听的是韩语[汤圆],1763435402,398860003,0.24202201876436735,-0.5159559624712653,29390590
BV1uDCrBkEiw,姑妈离队的原因找到了！[doge][doge][doge],1763436127,32040585,0.41310020859025365,-0.1737995828194927,29390602
BV1uDCrBkEiw,Gumayusi离队的原因找到了,1763435744,47992475,0.4387747079973019,-0.12245058400539621,29390595
BV1uDCrBkEiw,这个粉红噪音真的可以抵消激烈比赛环境下数万观众的爆发声量吗[思考]感觉开头选手耳机的声音并不全啊,1763446805,52617292,0.9619588261525199,0.9239176523050399,29390780
BV1uDCrBkEiw,"虽然不是同一时间
但也不是同一地点
但是干的是一样的活儿
音频、通话系统工程师[星星眼]",1763457745,25726264,0.04167791414001265,-0.9166441717199747,29390962
BV1uDCrBkEiw,一人血书去cs major现场,1763435169,1231337069,0.22277510295277259,-0.5544497940944548,29390586
BV1uDCrBkEiw,也算业内人了，这个通话设备贵其实也并不是说有多高的科技含量，单纯就是市场太小，没有办法摊薄成本导致单价飙升,1763536184,108555672,0.2738806046327449,-0.45223879073451023,29392269
BV1uDCrBkEiw,我想听2018年那一场的语音[汤圆],1763435566,390304528,0.7476016378762622,0.49520327575252443,29390592
BV1uDCrBkEiw,解说其实挺难的，不光要有游戏理解，还要有控场能力。不是说游戏打的好就能上，之前客串过大学社团农药比赛解说，上去三分钟说不出话来，后背一身汗。,1763438853,52061015,0.1350433457324185,-0.729913308535163,29390647
BV1uDCrBkEiw,这是tim在滔搏打职业怒喷三六九的时候,1763440539,18176097,0.08080923626723613,-0.8383815274655277,29390675
BV1uDCrBkEiw,怪不得guma离队了，原来是签了李四维！[doge],1763436331,291122483,0.1132952642615016,-0.7734094714769968,29390605
BV1uDCrBkEiw,我给Tim检的票！！谁懂刷脸机上出现tim的震撼[给心心],1763439573,482131936,0.32212161761483216,-0.3557567647703357,29390659
BV1uDCrBkEiw,在现场！[给心心][给心心],1763463255,410505182,0.6199320980399382,0.2398641960798764,29391054
BV1uDCrBkEiw,T1.李四维正在连接,1763436029,1767958584,0.2094067466760151,-0.5811865066479698,29390600
BV1uDCrBkEiw,有机会明年来纽约看看会有什么新发现！,1763438584,33075498,0.9538266045885555,0.907653209177111,29390643
BV1uDCrBkEiw,Tim不是以前在滔搏打过比赛吗？职业名好像叫卡萨。[doge][doge][doge],1763453980,1266248183,0.7539382503294738,0.5078765006589476,29390899
BV1uDCrBkEiw,那个时候都普通耳机（）,1763442555,19860,0.3190237030414056,-0.3619525939171888,29390709
BV1uDCrBkEiw,其实很早就觉得像了[doge_金箍]似是故人来,1763476424,244258989,0.6663798283897552,0.33275965677951036,29391273
BV1uDCrBkEiw,"初中s1内测玩家来了[星星眼]还没弃坑
和我一起入坑的朋友现在都有孙女了[喜极而泣][喜极而泣][喜极而泣]",1763434907,12040857,0.01580040714198594,-0.9683991857160281,29390581
BV1uDCrBkEiw,我只好奇什么饮料那么好喝，飞神每次都要喝完再走,1763453425,27349247,0.10126372432533215,-0.7974725513493357,29390890
BV1uDCrBkEiw,耳机里听的是韩语[汤圆],1763435402,398860003,0.24202201876436735,-0.5159559624712653,29390590
BV1uDCrBkEiw,姑妈离队的原因找到了！[doge][doge][doge],1763436127,32040585,0.41310020859025365,-0.1737995828194927,29390602
BV1uDCrBkEiw,Gumayusi离队的原因找到了,1763435744,47992475,0.4387747079973019,-0.12245058400539621,29390595
BV1uDCrBkEiw,这个粉红噪音真的可以抵消激烈比赛环境下数万观众的爆发声量吗[思考]感觉开头选手耳机的声音并不全啊,1763446805,52617292,0.9619588261525199,0.9239176523050399,29390780
BV1uDCrBkEiw,"虽然不是同一时间
但也不是同一地点
但是干的是一样的活儿
音频、通话系统工程师[星星眼]",1763457745,25726264,0.04167791414001265,-0.9166441717199747,29390962
BV1uDCrBkEiw,一人血书去cs major现场,1763435169,1231337069,0.22277510295277259,-0.5544497940944548,29390586
BV1uDCrBkEiw,也算业内人了，这个通话设备贵其实也并不是说有多高的科技含量，单纯就是市场太小，没有办法摊薄成本导致单价飙升,1763536184,108555672,0.2738806046327449,-0.45223879073451023,29392269
BV1uDCrBkEiw,我想听2018年那一场的语音[汤圆],1763435566,390304528,0.7476016378762622,0.49520327575252443,29390592
BV1uDCrBkEiw,解说其实挺难的，不光要有游戏理解，还要有控场能力。不是说游戏打的好就能上，之前客串过大学社团农药比赛解说，上去三分钟说不出话来，后背一身汗。,1763438853,52061015,0.1350433457324185,-0.729913308535163,29390647
BV1uDCrBkEiw,这是tim在滔搏打职业怒喷三六九的时候,1763440539,18176097,0.08080923626723613,-0.8383815274655277,29390675
BV1uDCrBkEiw,怪不得guma离队了，原来是签了李四维！[doge],1763436331,291122483,0.1132952642615016,-0.7734094714769968,29390605
BV1uDCrBkEiw,我给Tim检的票！！谁懂刷脸机上出现tim的震撼[给心心],1763439573,482131936,0.32212161761483216,-0.3557567647703357,29390659
BV1uDCrBkEiw,在现场！[给心心][给心心],1763463255,410505182,0.6199320980399382,0.2398641960798764,29391054
BV1uDCrBkEiw,T1.李四维正在连接,1763436029,1767958584,0.2094067466760151,-0.5811865066479698,29390600
BV1uDCrBkEiw,有机会明年来纽约看看会有什么新发现！,1763438584,33075498,0.9538266045885555,0.907653209177111,29390643
BV1uDCrBkEiw,Tim不是以前在滔搏打过比赛吗？职业名好像叫卡萨。[doge][doge][doge],1763453980,1266248183,0.7539382503294738,0.5078765006589476,29390899
BV1uDCrBkEiw,那个时候都普通耳机（）,1763442555,19860,0.3190237030414056,-0.3619525939171888,29390709
BV1uDCrBkEiw,其实很早就觉得像了[doge_金箍]似是故人来,1763476424,244258989,0.6663798283897552,0.33275965677951036,29391273
BV1uDCrBkEiw,"初中s1内测玩家来了[星星眼]还没弃坑
和我一起入坑的朋友现在都有孙女了[喜极而泣][喜极而泣][喜极而泣]",1763434907,12040857,0.01580040714198594,-0.9683991857160281,29390581
BV1uDCrBkEiw,我只好奇什么饮料那么好喝，飞神每次都要喝完再走,1763453425,27349247,0.10126372432533215,-0.7974725513493357,29390890
BV1uDCrBkEiw,耳机里听的是韩语[汤圆],1763435402,398860003,0.24202201876436735,-0.5159559624712653,29390590
BV1uDCrBkEiw,姑妈离队的原因找到了！[doge][doge][doge],1763436127,32040585,0.41310020859025365,-0.1737995828194927,29390602
BV1uDCrBkEiw,Gumayusi离队的原因找到了,1763435744,47992475,0.4387747079973019,-0.12245058400539621,29390595
BV1uDCrBkEiw,这个粉红噪音真的可以抵消激烈比赛环境下数万观众的爆发声量吗[思考]感觉开头选手耳机的声音并不全啊,1763446805,52617292,0.9619588261525199,0.9239176523050399,29390780
BV1uDCrBkEiw,"虽然不是同一时间
但也不是同一地点
但是干的是一样的活儿
音频、通话系统工程师[星星眼]",1763457745,25726264,0.04167791414001265,-0.9166441717199747,29390962
BV1uDCrBkEiw,一人血书去cs major现场,1763435169,1231337069,0.22277510295277259,-0.5544497940944548,29390586
BV1uDCrBkEiw,也算业内人了，这个通话设备贵其实也并不是说有多高的科技含量，单纯就是市场太小，没有办法摊薄成本导致单价飙升,1763536184,108555672,0.2738806046327449,-0.45223879073451023,29392269
BV1uDCrBkEiw,我想听2018年那一场的语音[汤圆],1763435566,390304528,0.7476016378762622,0.49520327575252443,29390592
BV1uDCrBkEiw,解说其实挺难的，不光要有游戏理解，还要有控场能力。不是说游戏打的好就能上，之前客串过大学社团农药比赛解说，上去三分钟说不出话来，后背一身汗。,1763438853,52061015,0.1350433457324185,-0.729913308535163,29390647
BV1uDCrBkEiw,这是tim在滔搏打职业怒喷三六九的时候,1763440539,18176097,0.08080923626723613,-0.8383815274655277,29390675
BV1uDCrBkEiw,怪不得guma离队了，原来是签了李四维！[doge],1763436331,291122483,0.1132952642615016,-0.7734094714769968,29390605
BV1uDCrBkEiw,我给Tim检的票！！谁懂刷脸机上出现tim的震撼[给心心],1763439573,482131936,0.32212161761483216,-0.3557567647703357,29390659
BV1uDCrBkEiw,在现场！[给心心][给心心],1763463255,410505182,0.6199320980399382,0.2398641960798764,29391054
BV1uDCrBkEiw,T1.李四维正在连接,1763436029,1767958584,0.2094067466760151,-0.5811865066479698,29390600
BV1uDCrBkEiw,有机会明年来纽约看看会有什么新发现！,1763438584,33075498,0.9538266045885555,0.907653209177111,29390643
BV1uDCrBkEiw,Tim不是以前在滔搏打过比赛吗？职业名好像叫卡萨。[doge][doge][doge],1763453980,1266248183,0.7539382503294738,0.5078765006589476,29390899
BV1uDCrBkEiw,那个时候都普通耳机（）,1763442555,19860,0.3190237030414056,-0.3619525939171888,29390709
BV1uDCrBkEiw,其实很早就觉得像了[doge_金箍]似是故人来,1763476424,244258989,0.6663798283897552,0.33275965677951036,29391273
BV1uDCrBkEiw,"初中s1内测玩家来了[星星眼]还没弃坑
和我一起入坑的朋友现在都有孙女了[喜极而泣][喜极而泣][喜极而泣]",1763434907,12040857,0.01580040714198594,-0.9683991857160281,29390581
BV1uDCrBkEiw,我只好奇什么饮料那么好喝，飞神每次都要喝完再走,1763453425,27349247,0.10126372432533215,-0.7974725513493357,29390890
BV1uDCrBkEiw,耳机里听的是韩语[汤圆],1763435402,398860003,0.24202201876436735,-0.5159559624712653,29390590
BV1uDCrBkEiw,姑妈离队的原因找到了！[doge][doge][doge],1763436127,32040585,0.41310020859025365,-0.1737995828194927,29390602
BV1uDCrBkEiw,Gumayusi离队的原因找到了,1763435744,47992475,0.4387747079973019,-0.12245058400539621,29390595
BV1uDCrBkEiw,这个粉红噪音真的可以抵消激烈比赛环境下数万观众的爆发声量吗[思考]感觉开头选手耳机的声音并不全啊,1763446805,52617292,0.9619588261525199,0.9239176523050399,29390780
BV1uDCrBkEiw,"虽然不是同一时间
但也不是同一地点
但是干的是一样的活儿
音频、通话系统工程师[星星眼]",1763457745,25726264,0.04167791414001265,-0.9166441717199747,29390962
BV1uDCrBkEiw,一人血书去cs major现场,1763435169,1231337069,0.22277510295277259,-0.5544497940944548,29390586
BV1uDCrBkEiw,也算业内人了，这个通话设备贵其实也并不是说有多高的科技含量，单纯就是市场太小，没有办法摊薄成本导致单价飙升,1763536184,108555672,0.2738806046327449,-0.45223879073451023,29392269
BV16YC3BrEDz,做一期数据和流量分析一下这种切片的现象，解构它[嗑瓜子][嗑瓜子][嗑瓜子],1763140384,10995481,0.001527723555038607,-0.9969445528899228,29385673
BV16YC3BrEDz,我觉得可以尝试一下做这样的选题，就是给公司每人一段10s左右视频然后拼接出一段有观点有输出的视频，然后再对比原视频，这比较考验人的想象能力和创造能力了[喜极而泣],1763141610,88126618,0.9946082272639815,0.9892164545279629,29385693
BV16YC3BrEDz,"《断章取义》
取自《不要断章取义》
经典咏流传[doge]",1763140967,65534344,0.9646957977065495,0.9293915954130989,29385682
BV16YC3BrEDz,"谁知道十几年前明星经常写博文各种分享自己理解和日常，真分享，不是现在发个精修图营业的那种，那时候真满满的活人感
       但后来网络越来越极化之后，现在公众人物基本就不怎么发言了，帐号变成了一个纯商业运营的状态，因为不管说啥都能找到角度骂。tim做到这种体量还能做到一定的活人感，真的很难得了",1763141205,678445077,0.9999906217356523,0.9999812434713047,29385686
BV16YC3BrEDz,"我从头到尾关注了这件事。
在我看来，Tim在整件事里的态度真的很坦诚，也很负责。他没有回避争议，也没有去制造额外的剧情，而是把事情本身讲得很清楚，这其实很不容易。作为创作者，这种坦诚与担当，我是很尊重的。影视飓风这么多年经历过不少被误解、被恶意剪辑的情况，那些事情我也记得。很多时候，创作者只是想尝试新的表达方式，但观众对身份、语境、呈现方式的感受也会产生差异，这次的讨论或许就是这种差异被放大之后的冲击。
我希望大家在讨论的时候能多一点耐心、少一点情绪化的猜测。继续期待影视飓风的作品，也希望这次风波能带来更健康、更真诚的沟通！",1763140532,516582750,0.9999999999999967,0.9999999999999933,29385675
BV16YC3BrEDz,这个视频澄清的条理清晰真的太赞了！！（科学！合理！站在一个中立的角度去分析！）应该让大多数人学习一下[脸红],1763140643,445928173,0.9998320542694971,0.9996641085389941,29385677
BV16YC3BrEDz,我想起之前看到的一个评论蛮有道理的，大意是为什么B站上就没看到太多这样的言论，因为B站的人看到之后都会直接在B站找到原视频看完，但是其他地方的不会，只会看了切片之后盲目输出情绪，不去了解来龙去脉,1763139986,16781060,0.9912287708238997,0.9824575416477994,29385666
BV16YC3BrEDz,"tim一定要注意休息啊[打call]
身体才是革命的本钱[给心心]",1763139809,1177834844,0.9814005291048681,0.9628010582097362,29385663
BV16YC3BrEDz,还好我是先看到的官方辟谣视频，还没有看到过sb营销号，感觉b站比其他几个平台会好很多[笑哭],1763140481,2064010876,0.9987637420651142,0.9975274841302284,29385674
BV16YC3BrEDz,Tim待人真的很好[委屈]我在英雄联盟s15决赛场馆遇到了影视飓风 当时太激动了 一直在和我朋友叫 tim听到我在喊影视飓风 还朝我微笑打招呼了[给心心]真的很温柔,1763141184,3546697883978196,0.9974145269963185,0.994829053992637,29385686
BV16YC3BrEDz,"没啥好说的，体量大了各种各样的事情都会出现，平常心看待！
好坏都会过去！",1763139893,474378544,0.9504744606134354,0.9009489212268709,29385664
BV16YC3BrEDz,我真的以前从来没评论过，昨天看了1400万这个问答做的越来越好了，很好笑，tim不要被网上的声音影响,1763140924,666691099,0.11528137834802765,-0.7694372433039447,29385682
BV16YC3BrEDz,还是影视飓风流量太大了，互联网会无限放大某个锚点，很多都是两头堵，做好自己就行，加油tim，加油影视飓风！！！[打call]不要太过在意别的那些无良媒体营销号~,1763140308,259830657,0.42836126706820443,-0.14327746586359114,29385671
BV16YC3BrEDz,真的可以相信tim的待人，有幸参加过24年的开放日，tim几乎就是被全场一百个人（当然包括我）逮着合影，真的是一点都没有表现出不耐烦。反正如果是我我可能会直接撤了就[笑哭],1763140777,347345888,0.5215944610497011,0.04318892209940217,29385679
BV16YC3BrEDz,Tim站在自媒体角度的分析确实专业，现在就是个流量为王的时代，尤其是有了AIGC这种工具，生产内容的速度相比以前是指数级增长，大量垃圾信息会把观众（包括自媒体本身）淹没，让身处其中的人头晕目眩无法辨别真相，而很多人也不在意真相。,1763140186,4505957,0.9999997209844785,0.9999994419689571,29385669
BV16YC3BrEDz,确实是教科书级别的回应了,1763141333,914133,0.7912411764920632,0.5824823529841263,29385688
BV16YC3BrEDz,大多数人在网上，都是严以待人，宽以律己,1763140583,298683288,0.44188605506090517,-0.11622788987818966,29385676
BV16YC3BrEDz,划重点：有申请拍摄许可，上镜的都是已知且愿意进行拍摄的大爷大妈[tv_冷漠],1763140484,9026784,0.33781342279800264,-0.3243731544039947,29385674
BV16YC3BrEDz,"長期追影視颶風的朋友們，都清楚Tim的為人處事和思維方式都超正面、有溫度。
畢竟那些為了流量剪輯的營銷號，二創都是為了話題胡編亂改原本的表達。
所以，Tim真的不用被這件事影響，繼續做你自己，帶給我們更多的正能量和進步吧！我們都會一直支持你的，期待你繼續分享更多精彩的影片！",1763144640,431704301,2.610819307413692e-07,-0.9999994778361385,29385744
BV16YC3BrEDz,"希望 也相信 这些词条 不会影响到Tim。
互联网营销号在制造话题这方面真的很让人窒息，词条轰炸 然后再引爆，这和养蛊有什么区别",1763143210,12222258,0.920386338636316,0.840772677272632,29385720
BV16YC3BrEDz,做一期数据和流量分析一下这种切片的现象，解构它[嗑瓜子][嗑瓜子][嗑瓜子],1763140384,10995481,0.001527723555038607,-0.9969445528899228,29385673
BV16YC3BrEDz,我觉得可以尝试一下做这样的选题，就是给公司每人一段10s左右视频然后拼接出一段有观点有输出的视频，然后再对比原视频，这比较考验人的想象能力和创造能力了[喜极而泣],1763141610,88126618,0.9946082272639815,0.9892164545279629,29385693
BV16YC3BrEDz,"《断章取义》
取自《不要断章取义》
经典咏流传[doge]",1763140967,65534344,0.9646957977065495,0.9293915954130989,29385682
BV16YC3BrEDz,"谁知道十几年前明星经常写博文各种分享自己理解和日常，真分享，不是现在发个精修图营业的那种，那时候真满满的活人感
       但后来网络越来越极化之后，现在公众人物基本就不怎么发言了，帐号变成了一个纯商业运营的状态，因为不管说啥都能找到角度骂。tim做到这种体量还能做到一定的活人感，真的很难得了",1763141205,678445077,0.9999906217356523,0.9999812434713047,29385686
BV16YC3BrEDz,"我从头到尾关注了这件事。
在我看来，Tim在整件事里的态度真的很坦诚，也很负责。他没有回避争议，也没有去制造额外的剧情，而是把事情本身讲得很清楚，这其实很不容易。作为创作者，这种坦诚与担当，我是很尊重的。影视飓风这么多年经历过不少被误解、被恶意剪辑的情况，那些事情我也记得。很多时候，创作者只是想尝试新的表达方式，但观众对身份、语境、呈现方式的感受也会产生差异，这次的讨论或许就是这种差异被放大之后的冲击。
我希望大家在讨论的时候能多一点耐心、少一点情绪化的猜测。继续期待影视飓风的作品，也希望这次风波能带来更健康、更真诚的沟通！",1763140532,516582750,0.9999999999999967,0.9999999999999933,29385675
BV16YC3BrEDz,这个视频澄清的条理清晰真的太赞了！！（科学！合理！站在一个中立的角度去分析！）应该让大多数人学习一下[脸红],1763140643,445928173,0.9998320542694971,0.9996641085389941,29385677
BV16YC3BrEDz,我想起之前看到的一个评论蛮有道理的，大意是为什么B站上就没看到太多这样的言论，因为B站的人看到之后都会直接在B站找到原视频看完，但是其他地方的不会，只会看了切片之后盲目输出情绪，不去了解来龙去脉,1763139986,16781060,0.9912287708238997,0.9824575416477994,29385666
BV16YC3BrEDz,"tim一定要注意休息啊[打call]
身体才是革命的本钱[给心心]",1763139809,1177834844,0.9814005291048681,0.9628010582097362,29385663
BV16YC3BrEDz,还好我是先看到的官方辟谣视频，还没有看到过sb营销号，感觉b站比其他几个平台会好很多[笑哭],1763140481,2064010876,0.9987637420651142,0.9975274841302284,29385674
BV16YC3BrEDz,Tim待人真的很好[委屈]我在英雄联盟s15决赛场馆遇到了影视飓风 当时太激动了 一直在和我朋友叫 tim听到我在喊影视飓风 还朝我微笑打招呼了[给心心]真的很温柔,1763141184,3546697883978196,0.9974145269963185,0.994829053992637,29385686
BV16YC3BrEDz,"没啥好说的，体量大了各种各样的事情都会出现，平常心看待！
好坏都会过去！",1763139893,474378544,0.9504744606134354,0.9009489212268709,29385664
BV16YC3BrEDz,我真的以前从来没评论过，昨天看了1400万这个问答做的越来越好了，很好笑，tim不要被网上的声音影响,1763140924,666691099,0.11528137834802765,-0.7694372433039447,29385682
BV16YC3BrEDz,还是影视飓风流量太大了，互联网会无限放大某个锚点，很多都是两头堵，做好自己就行，加油tim，加油影视飓风！！！[打call]不要太过在意别的那些无良媒体营销号~,1763140308,259830657,0.42836126706820443,-0.14327746586359114,29385671
BV16YC3BrEDz,真的可以相信tim的待人，有幸参加过24年的开放日，tim几乎就是被全场一百个人（当然包括我）逮着合影，真的是一点都没有表现出不耐烦。反正如果是我我可能会直接撤了就[笑哭],1763140777,347345888,0.5215944610497011,0.04318892209940217,29385679
BV16YC3BrEDz,Tim站在自媒体角度的分析确实专业，现在就是个流量为王的时代，尤其是有了AIGC这种工具，生产内容的速度相比以前是指数级增长，大量垃圾信息会把观众（包括自媒体本身）淹没，让身处其中的人头晕目眩无法辨别真相，而很多人也不在意真相。,1763140186,4505957,0.9999997209844785,0.9999994419689571,29385669
BV16YC3BrEDz,确实是教科书级别的回应了,1763141333,914133,0.7912411764920632,0.5824823529841263,29385688
BV16YC3BrEDz,大多数人在网上，都是严以待人，宽以律己,1763140583,298683288,0.44188605506090517,-0.11622788987818966,29385676
BV16YC3BrEDz,划重点：有申请拍摄许可，上镜的都是已知且愿意进行拍摄的大爷大妈[tv_冷漠],1763140484,9026784,0.33781342279800264,-0.3243731544039947,29385674
BV16YC3BrEDz,"長期追影視颶風的朋友們，都清楚Tim的為人處事和思維方式都超正面、有溫度。
畢竟那些為了流量剪輯的營銷號，二創都是為了話題胡編亂改原本的表達。
所以，Tim真的不用被這件事影響，繼續做你自己，帶給我們更多的正能量和進步吧！我們都會一直支持你的，期待你繼續分享更多精彩的影片！",1763144640,431704301,2.610819307413692e-07,-0.9999994778361385,29385744
BV16YC3BrEDz,"希望 也相信 这些词条 不会影响到Tim。
互联网营销号在制造话题这方面真的很让人窒息，词条轰炸 然后再引爆，这和养蛊有什么区别",1763143210,12222258,0.920386338636316,0.840772677272632,29385720
BV16YC3BrEDz,做一期数据和流量分析一下这种切片的现象，解构它[嗑瓜子][嗑瓜子][嗑瓜子],1763140384,10995481,0.001527723555038607,-0.9969445528899228,29385673
BV16YC3BrEDz,我觉得可以尝试一下做这样的选题，就是给公司每人一段10s左右视频然后拼接出一段有观点有输出的视频，然后再对比原视频，这比较考验人的想象能力和创造能力了[喜极而泣],1763141610,88126618,0.9946082272639815,0.9892164545279629,29385693
BV16YC3BrEDz,"《断章取义》
取自《不要断章取义》
经典咏流传[doge]",1763140967,65534344,0.9646957977065495,0.9293915954130989,29385682
BV16YC3BrEDz,"谁知道十几年前明星经常写博文各种分享自己理解和日常，真分享，不是现在发个精修图营业的那种，那时候真满满的活人感
       但后来网络越来越极化之后，现在公众人物基本就不怎么发言了，帐号变成了一个纯商业运营的状态，因为不管说啥都能找到角度骂。tim做到这种体量还能做到一定的活人感，真的很难得了",1763141205,678445077,0.9999906217356523,0.9999812434713047,29385686
BV16YC3BrEDz,"我从头到尾关注了这件事。
在我看来，Tim在整件事里的态度真的很坦诚，也很负责。他没有回避争议，也没有去制造额外的剧情，而是把事情本身讲得很清楚，这其实很不容易。作为创作者，这种坦诚与担当，我是很尊重的。影视飓风这么多年经历过不少被误解、被恶意剪辑的情况，那些事情我也记得。很多时候，创作者只是想尝试新的表达方式，但观众对身份、语境、呈现方式的感受也会产生差异，这次的讨论或许就是这种差异被放大之后的冲击。
我希望大家在讨论的时候能多一点耐心、少一点情绪化的猜测。继续期待影视飓风的作品，也希望这次风波能带来更健康、更真诚的沟通！",1763140532,516582750,0.9999999999999967,0.9999999999999933,29385675
BV16YC3BrEDz,这个视频澄清的条理清晰真的太赞了！！（科学！合理！站在一个中立的角度去分析！）应该让大多数人学习一下[脸红],1763140643,445928173,0.9998320542694971,0.9996641085389941,29385677
BV16YC3BrEDz,我想起之前看到的一个评论蛮有道理的，大意是为什么B站上就没看到太多这样的言论，因为B站的人看到之后都会直接在B站找到原视频看完，但是其他地方的不会，只会看了切片之后盲目输出情绪，不去了解来龙去脉,1763139986,16781060,0.9912287708238997,0.9824575416477994,29385666
BV16YC3BrEDz,"tim一定要注意休息啊[打call]
身体才是革命的本钱[给心心]",1763139809,1177834844,0.9814005291048681,0.9628010582097362,29385663
BV16YC3BrEDz,还好我是先看到的官方辟谣视频，还没有看到过sb营销号，感觉b站比其他几个平台会好很多[笑哭],1763140481,2064010876,0.9987637420651142,0.9975274841302284,29385674
BV16YC3BrEDz,Tim待人真的很好[委屈]我在英雄联盟s15决赛场馆遇到了影视飓风 当时太激动了 一直在和我朋友叫 tim听到我在喊影视飓风 还朝我微笑打招呼了[给心心]真的很温柔,1763141184,3546697883978196,0.9974145269963185,0.994829053992637,29385686
BV16YC3BrEDz,"没啥好说的，体量大了各种各样的事情都会出现，平常心看待！
好坏都会过去！",1763139893,474378544,0.9504744606134354,0.9009489212268709,29385664
BV16YC3BrEDz,我真的以前从来没评论过，昨天看了1400万这个问答做的越来越好了，很好笑，tim不要被网上的声音影响,1763140924,666691099,0.11528137834802765,-0.7694372433039447,29385682
BV16YC3BrEDz,还是影视飓风流量太大了，互联网会无限放大某个锚点，很多都是两头堵，做好自己就行，加油tim，加油影视飓风！！！[打call]不要太过在意别的那些无良媒体营销号~,1763140308,259830657,0.42836126706820443,-0.14327746586359114,29385671
BV16YC3BrEDz,真的可以相信tim的待人，有幸参加过24年的开放日，tim几乎就是被全场一百个人（当然包括我）逮着合影，真的是一点都没有表现出不耐烦。反正如果是我我可能会直接撤了就[笑哭],1763140777,347345888,0.5215944610497011,0.04318892209940217,29385679
BV16YC3BrEDz,Tim站在自媒体角度的分析确实专业，现在就是个流量为王的时代，尤其是有了AIGC这种工具，生产内容的速度相比以前是指数级增长，大量垃圾信息会把观众（包括自媒体本身）淹没，让身处其中的人头晕目眩无法辨别真相，而很多人也不在意真相。,1763140186,4505957,0.9999997209844785,0.9999994419689571,29385669
BV16YC3BrEDz,确实是教科书级别的回应了,1763141333,914133,0.7912411764920632,0.5824823529841263,29385688
BV16YC3BrEDz,大多数人在网上，都是严以待人，宽以律己,1763140583,298683288,0.44188605506090517,-0.11622788987818966,29385676
BV16YC3BrEDz,划重点：有申请拍摄许可，上镜的都是已知且愿意进行拍摄的大爷大妈[tv_冷漠],1763140484,9026784,0.33781342279800264,-0.3243731544039947,29385674
BV16YC3BrEDz,"長期追影視颶風的朋友們，都清楚Tim的為人處事和思維方式都超正面、有溫度。
畢竟那些為了流量剪輯的營銷號，二創都是為了話題胡編亂改原本的表達。
所以，Tim真的不用被這件事影響，繼續做你自己，帶給我們更多的正能量和進步吧！我們都會一直支持你的，期待你繼續分享更多精彩的影片！",1763144640,431704301,2.610819307413692e-07,-0.9999994778361385,29385744
BV16YC3BrEDz,"希望 也相信 这些词条 不会影响到Tim。
互联网营销号在制造话题这方面真的很让人窒息，词条轰炸 然后再引爆，这和养蛊有什么区别",1763143210,12222258,0.920386338636316,0.840772677272632,29385720
BV16YC3BrEDz,做一期数据和流量分析一下这种切片的现象，解构它[嗑瓜子][嗑瓜子][嗑瓜子],1763140384,10995481,0.001527723555038607,-0.9969445528899228,29385673
BV16YC3BrEDz,我觉得可以尝试一下做这样的选题，就是给公司每人一段10s左右视频然后拼接出一段有观点有输出的视频，然后再对比原视频，这比较考验人的想象能力和创造能力了[喜极而泣],1763141610,88126618,0.9946082272639815,0.9892164545279629,29385693
BV16YC3BrEDz,"《断章取义》
取自《不要断章取义》
经典咏流传[doge]",1763140967,65534344,0.9646957977065495,0.9293915954130989,29385682
BV16YC3BrEDz,"谁知道十几年前明星经常写博文各种分享自己理解和日常，真分享，不是现在发个精修图营业的那种，那时候真满满的活人感
       但后来网络越来越极化之后，现在公众人物基本就不怎么发言了，帐号变成了一个纯商业运营的状态，因为不管说啥都能找到角度骂。tim做到这种体量还能做到一定的活人感，真的很难得了",1763141205,678445077,0.9999906217356523,0.9999812434713047,29385686
BV16YC3BrEDz,"我从头到尾关注了这件事。
在我看来，Tim在整件事里的态度真的很坦诚，也很负责。他没有回避争议，也没有去制造额外的剧情，而是把事情本身讲得很清楚，这其实很不容易。作为创作者，这种坦诚与担当，我是很尊重的。影视飓风这么多年经历过不少被误解、被恶意剪辑的情况，那些事情我也记得。很多时候，创作者只是想尝试新的表达方式，但观众对身份、语境、呈现方式的感受也会产生差异，这次的讨论或许就是这种差异被放大之后的冲击。
我希望大家在讨论的时候能多一点耐心、少一点情绪化的猜测。继续期待影视飓风的作品，也希望这次风波能带来更健康、更真诚的沟通！",1763140532,516582750,0.9999999999999967,0.9999999999999933,29385675
BV16YC3BrEDz,这个视频澄清的条理清晰真的太赞了！！（科学！合理！站在一个中立的角度去分析！）应该让大多数人学习一下[脸红],1763140643,445928173,0.9998320542694971,0.9996641085389941,29385677
BV16YC3BrEDz,我想起之前看到的一个评论蛮有道理的，大意是为什么B站上就没看到太多这样的言论，因为B站的人看到之后都会直接在B站找到原视频看完，但是其他地方的不会，只会看了切片之后盲目输出情绪，不去了解来龙去脉,1763139986,16781060,0.9912287708238997,0.9824575416477994,29385666
BV16YC3BrEDz,"tim一定要注意休息啊[打call]
身体才是革命的本钱[给心心]",1763139809,1177834844,0.9814005291048681,0.9628010582097362,29385663
BV16YC3BrEDz,还好我是先看到的官方辟谣视频，还没有看到过sb营销号，感觉b站比其他几个平台会好很多[笑哭],1763140481,2064010876,0.9987637420651142,0.9975274841302284,29385674
BV16YC3BrEDz,Tim待人真的很好[委屈]我在英雄联盟s15决赛场馆遇到了影视飓风 当时太激动了 一直在和我朋友叫 tim听到我在喊影视飓风 还朝我微笑打招呼了[给心心]真的很温柔,1763141184,3546697883978196,0.9974145269963185,0.994829053992637,29385686
BV16YC3BrEDz,"没啥好说的，体量大了各种各样的事情都会出现，平常心看待！
好坏都会过去！",1763139893,474378544,0.9504744606134354,0.9009489212268709,29385664
BV16YC3BrEDz,我真的以前从来没评论过，昨天看了1400万这个问答做的越来越好了，很好笑，tim不要被网上的声音影响,1763140924,666691099,0.11528137834802765,-0.7694372433039447,29385682
BV16YC3BrEDz,还是影视飓风流量太大了，互联网会无限放大某个锚点，很多都是两头堵，做好自己就行，加油tim，加油影视飓风！！！[打call]不要太过在意别的那些无良媒体营销号~,1763140308,259830657,0.42836126706820443,-0.14327746586359114,29385671
BV16YC3BrEDz,真的可以相信tim的待人，有幸参加过24年的开放日，tim几乎就是被全场一百个人（当然包括我）逮着合影，真的是一点都没有表现出不耐烦。反正如果是我我可能会直接撤了就[笑哭],1763140777,347345888,0.5215944610497011,0.04318892209940217,29385679
BV16YC3BrEDz,Tim站在自媒体角度的分析确实专业，现在就是个流量为王的时代，尤其是有了AIGC这种工具，生产内容的速度相比以前是指数级增长，大量垃圾信息会把观众（包括自媒体本身）淹没，让身处其中的人头晕目眩无法辨别真相，而很多人也不在意真相。,1763140186,4505957,0.9999997209844785,0.9999994419689571,29385669
BV16YC3BrEDz,确实是教科书级别的回应了,1763141333,914133,0.7912411764920632,0.5824823529841263,29385688
BV16YC3BrEDz,大多数人在网上，都是严以待人，宽以律己,1763140583,298683288,0.44188605506090517,-0.11622788987818966,29385676
BV16YC3BrEDz,划重点：有申请拍摄许可，上镜的都是已知且愿意进行拍摄的大爷大妈[tv_冷漠],1763140484,9026784,0.33781342279800264,-0.3243731544039947,29385674
BV16YC3BrEDz,"長期追影視颶風的朋友們，都清楚Tim的為人處事和思維方式都超正面、有溫度。
畢竟那些為了流量剪輯的營銷號，二創都是為了話題胡編亂改原本的表達。
所以，Tim真的不用被這件事影響，繼續做你自己，帶給我們更多的正能量和進步吧！我們都會一直支持你的，期待你繼續分享更多精彩的影片！",1763144640,431704301,2.610819307413692e-07,-0.9999994778361385,29385744
BV16YC3BrEDz,"希望 也相信 这些词条 不会影响到Tim。
互联网营销号在制造话题这方面真的很让人窒息，词条轰炸 然后再引爆，这和养蛊有什么区别",1763143210,12222258,0.920386338636316,0.840772677272632,29385720
BV16YC3BrEDz,做一期数据和流量分析一下这种切片的现象，解构它[嗑瓜子][嗑瓜子][嗑瓜子],1763140384,10995481,0.001527723555038607,-0.9969445528899228,29385673
BV16YC3BrEDz,我觉得可以尝试一下做这样的选题，就是给公司每人一段10s左右视频然后拼接出一段有观点有输出的视频，然后再对比原视频，这比较考验人的想象能力和创造能力了[喜极而泣],1763141610,88126618,0.9946082272639815,0.9892164545279629,29385693
BV16YC3BrEDz,"《断章取义》
取自《不要断章取义》
经典咏流传[doge]",1763140967,65534344,0.9646957977065495,0.9293915954130989,29385682
BV16YC3BrEDz,"谁知道十几年前明星经常写博文各种分享自己理解和日常，真分享，不是现在发个精修图营业的那种，那时候真满满的活人感
       但后来网络越来越极化之后，现在公众人物基本就不怎么发言了，帐号变成了一个纯商业运营的状态，因为不管说啥都能找到角度骂。tim做到这种体量还能做到一定的活人感，真的很难得了",1763141205,678445077,0.9999906217356523,0.9999812434713047,29385686
BV16YC3BrEDz,"我从头到尾关注了这件事。
在我看来，Tim在整件事里的态度真的很坦诚，也很负责。他没有回避争议，也没有去制造额外的剧情，而是把事情本身讲得很清楚，这其实很不容易。作为创作者，这种坦诚与担当，我是很尊重的。影视飓风这么多年经历过不少被误解、被恶意剪辑的情况，那些事情我也记得。很多时候，创作者只是想尝试新的表达方式，但观众对身份、语境、呈现方式的感受也会产生差异，这次的讨论或许就是这种差异被放大之后的冲击。
我希望大家在讨论的时候能多一点耐心、少一点情绪化的猜测。继续期待影视飓风的作品，也希望这次风波能带来更健康、更真诚的沟通！",1763140532,516582750,0.9999999999999967,0.9999999999999933,29385675
BV16YC3BrEDz,这个视频澄清的条理清晰真的太赞了！！（科学！合理！站在一个中立的角度去分析！）应该让大多数人学习一下[脸红],1763140643,445928173,0.9998320542694971,0.9996641085389941,29385677
BV16YC3BrEDz,我想起之前看到的一个评论蛮有道理的，大意是为什么B站上就没看到太多这样的言论，因为B站的人看到之后都会直接在B站找到原视频看完，但是其他地方的不会，只会看了切片之后盲目输出情绪，不去了解来龙去脉,1763139986,16781060,0.9912287708238997,0.9824575416477994,29385666
BV16YC3BrEDz,"tim一定要注意休息啊[打call]
身体才是革命的本钱[给心心]",1763139809,1177834844,0.9814005291048681,0.9628010582097362,29385663
BV16YC3BrEDz,还好我是先看到的官方辟谣视频，还没有看到过sb营销号，感觉b站比其他几个平台会好很多[笑哭],1763140481,2064010876,0.9987637420651142,0.9975274841302284,29385674
BV16YC3BrEDz,Tim待人真的很好[委屈]我在英雄联盟s15决赛场馆遇到了影视飓风 当时太激动了 一直在和我朋友叫 tim听到我在喊影视飓风 还朝我微笑打招呼了[给心心]真的很温柔,1763141184,3546697883978196,0.9974145269963185,0.994829053992637,29385686
BV16YC3BrEDz,"没啥好说的，体量大了各种各样的事情都会出现，平常心看待！
好坏都会过去！",1763139893,474378544,0.9504744606134354,0.9009489212268709,29385664
BV16YC3BrEDz,我真的以前从来没评论过，昨天看了1400万这个问答做的越来越好了，很好笑，tim不要被网上的声音影响,1763140924,666691099,0.11528137834802765,-0.7694372433039447,29385682
BV16YC3BrEDz,还是影视飓风流量太大了，互联网会无限放大某个锚点，很多都是两头堵，做好自己就行，加油tim，加油影视飓风！！！[打call]不要太过在意别的那些无良媒体营销号~,1763140308,259830657,0.42836126706820443,-0.14327746586359114,29385671
BV16YC3BrEDz,真的可以相信tim的待人，有幸参加过24年的开放日，tim几乎就是被全场一百个人（当然包括我）逮着合影，真的是一点都没有表现出不耐烦。反正如果是我我可能会直接撤了就[笑哭],1763140777,347345888,0.5215944610497011,0.04318892209940217,29385679
BV16YC3BrEDz,Tim站在自媒体角度的分析确实专业，现在就是个流量为王的时代，尤其是有了AIGC这种工具，生产内容的速度相比以前是指数级增长，大量垃圾信息会把观众（包括自媒体本身）淹没，让身处其中的人头晕目眩无法辨别真相，而很多人也不在意真相。,1763140186,4505957,0.9999997209844785,0.9999994419689571,29385669
BV16YC3BrEDz,确实是教科书级别的回应了,1763141333,914133,0.7912411764920632,0.5824823529841263,29385688
BV16YC3BrEDz,大多数人在网上，都是严以待人，宽以律己,1763140583,298683288,0.44188605506090517,-0.11622788987818966,29385676
BV16YC3BrEDz,划重点：有申请拍摄许可，上镜的都是已知且愿意进行拍摄的大爷大妈[tv_冷漠],1763140484,9026784,0.33781342279800264,-0.3243731544039947,29385674
BV16YC3BrEDz,"長期追影視颶風的朋友們，都清楚Tim的為人處事和思維方式都超正面、有溫度。
畢竟那些為了流量剪輯的營銷號，二創都是為了話題胡編亂改原本的表達。
所以，Tim真的不用被這件事影響，繼續做你自己，帶給我們更多的正能量和進步吧！我們都會一直支持你的，期待你繼續分享更多精彩的影片！",1763144640,431704301,2.610819307413692e-07,-0.9999994778361385,29385744
BV16YC3BrEDz,"希望 也相信 这些词条 不会影响到Tim。
互联网营销号在制造话题这方面真的很让人窒息，词条轰炸 然后再引爆，这和养蛊有什么区别",1763143210,12222258,0.920386338636316,0.840772677272632,29385720
BV16YC3BrEDz,做一期数据和流量分析一下这种切片的现象，解构它[嗑瓜子][嗑瓜子][嗑瓜子],1763140384,10995481,0.001527723555038607,-0.9969445528899228,29385673
BV16YC3BrEDz,我觉得可以尝试一下做这样的选题，就是给公司每人一段10s左右视频然后拼接出一段有观点有输出的视频，然后再对比原视频，这比较考验人的想象能力和创造能力了[喜极而泣],1763141610,88126618,0.9946082272639815,0.9892164545279629,29385693
BV16YC3BrEDz,"《断章取义》
取自《不要断章取义》
经典咏流传[doge]",1763140967,65534344,0.9646957977065495,0.9293915954130989,29385682
BV16YC3BrEDz,"谁知道十几年前明星经常写博文各种分享自己理解和日常，真分享，不是现在发个精修图营业的那种，那时候真满满的活人感
       但后来网络越来越极化之后，现在公众人物基本就不怎么发言了，帐号变成了一个纯商业运营的状态，因为不管说啥都能找到角度骂。tim做到这种体量还能做到一定的活人感，真的很难得了",1763141205,678445077,0.9999906217356523,0.9999812434713047,29385686
BV16YC3BrEDz,"我从头到尾关注了这件事。
在我看来，Tim在整件事里的态度真的很坦诚，也很负责。他没有回避争议，也没有去制造额外的剧情，而是把事情本身讲得很清楚，这其实很不容易。作为创作者，这种坦诚与担当，我是很尊重的。影视飓风这么多年经历过不少被误解、被恶意剪辑的情况，那些事情我也记得。很多时候，创作者只是想尝试新的表达方式，但观众对身份、语境、呈现方式的感受也会产生差异，这次的讨论或许就是这种差异被放大之后的冲击。
我希望大家在讨论的时候能多一点耐心、少一点情绪化的猜测。继续期待影视飓风的作品，也希望这次风波能带来更健康、更真诚的沟通！",1763140532,516582750,0.9999999999999967,0.9999999999999933,29385675
BV16YC3BrEDz,这个视频澄清的条理清晰真的太赞了！！（科学！合理！站在一个中立的角度去分析！）应该让大多数人学习一下[脸红],1763140643,445928173,0.9998320542694971,0.9996641085389941,29385677
BV16YC3BrEDz,我想起之前看到的一个评论蛮有道理的，大意是为什么B站上就没看到太多这样的言论，因为B站的人看到之后都会直接在B站找到原视频看完，但是其他地方的不会，只会看了切片之后盲目输出情绪，不去了解来龙去脉,1763139986,16781060,0.9912287708238997,0.9824575416477994,29385666
BV16YC3BrEDz,"tim一定要注意休息啊[打call]
身体才是革命的本钱[给心心]",1763139809,1177834844,0.9814005291048681,0.9628010582097362,29385663
BV16YC3BrEDz,还好我是先看到的官方辟谣视频，还没有看到过sb营销号，感觉b站比其他几个平台会好很多[笑哭],1763140481,2064010876,0.9987637420651142,0.9975274841302284,29385674
BV16YC3BrEDz,Tim待人真的很好[委屈]我在英雄联盟s15决赛场馆遇到了影视飓风 当时太激动了 一直在和我朋友叫 tim听到我在喊影视飓风 还朝我微笑打招呼了[给心心]真的很温柔,1763141184,3546697883978196,0.9974145269963185,0.994829053992637,29385686
BV16YC3BrEDz,"没啥好说的，体量大了各种各样的事情都会出现，平常心看待！
好坏都会过去！",1763139893,474378544,0.9504744606134354,0.9009489212268709,29385664
BV16YC3BrEDz,我真的以前从来没评论过，昨天看了1400万这个问答做的越来越好了，很好笑，tim不要被网上的声音影响,1763140924,666691099,0.11528137834802765,-0.7694372433039447,29385682
BV16YC3BrEDz,还是影视飓风流量太大了，互联网会无限放大某个锚点，很多都是两头堵，做好自己就行，加油tim，加油影视飓风！！！[打call]不要太过在意别的那些无良媒体营销号~,1763140308,259830657,0.42836126706820443,-0.14327746586359114,29385671
BV16YC3BrEDz,真的可以相信tim的待人，有幸参加过24年的开放日，tim几乎就是被全场一百个人（当然包括我）逮着合影，真的是一点都没有表现出不耐烦。反正如果是我我可能会直接撤了就[笑哭],1763140777,347345888,0.5215944610497011,0.04318892209940217,29385679
BV16YC3BrEDz,Tim站在自媒体角度的分析确实专业，现在就是个流量为王的时代，尤其是有了AIGC这种工具，生产内容的速度相比以前是指数级增长，大量垃圾信息会把观众（包括自媒体本身）淹没，让身处其中的人头晕目眩无法辨别真相，而很多人也不在意真相。,1763140186,4505957,0.9999997209844785,0.9999994419689571,29385669
BV16YC3BrEDz,确实是教科书级别的回应了,1763141333,914133,0.7912411764920632,0.5824823529841263,29385688
BV16YC3BrEDz,大多数人在网上，都是严以待人，宽以律己,1763140583,298683288,0.44188605506090517,-0.11622788987818966,29385676
BV16YC3BrEDz,划重点：有申请拍摄许可，上镜的都是已知且愿意进行拍摄的大爷大妈[tv_冷漠],1763140484,9026784,0.33781342279800264,-0.3243731544039947,29385674
BV16YC3BrEDz,"長期追影視颶風的朋友們，都清楚Tim的為人處事和思維方式都超正面、有溫度。
畢竟那些為了流量剪輯的營銷號，二創都是為了話題胡編亂改原本的表達。
所以，Tim真的不用被這件事影響，繼續做你自己，帶給我們更多的正能量和進步吧！我們都會一直支持你的，期待你繼續分享更多精彩的影片！",1763144640,431704301,2.610819307413692e-07,-0.9999994778361385,29385744
BV16YC3BrEDz,"希望 也相信 这些词条 不会影响到Tim。
互联网营销号在制造话题这方面真的很让人窒息，词条轰炸 然后再引爆，这和养蛊有什么区别",1763143210,12222258,0.920386338636316,0.840772677272632,29385720
BV16YC3BrEDz,做一期数据和流量分析一下这种切片的现象，解构它[嗑瓜子][嗑瓜子][嗑瓜子],1763140384,10995481,0.001527723555038607,-0.9969445528899228,29385673
BV16YC3BrEDz,我觉得可以尝试一下做这样的选题，就是给公司每人一段10s左右视频然后拼接出一段有观点有输出的视频，然后再对比原视频，这比较考验人的想象能力和创造能力了[喜极而泣],1763141610,88126618,0.9946082272639815,0.9892164545279629,29385693
BV16YC3BrEDz,"《断章取义》
取自《不要断章取义》
经典咏流传[doge]",1763140967,65534344,0.9646957977065495,0.9293915954130989,29385682
BV16YC3BrEDz,"谁知道十几年前明星经常写博文各种分享自己理解和日常，真分享，不是现在发个精修图营业的那种，那时候真满满的活人感
       但后来网络越来越极化之后，现在公众人物基本就不怎么发言了，帐号变成了一个纯商业运营的状态，因为不管说啥都能找到角度骂。tim做到这种体量还能做到一定的活人感，真的很难得了",1763141205,678445077,0.9999906217356523,0.9999812434713047,29385686
BV16YC3BrEDz,"我从头到尾关注了这件事。
在我看来，Tim在整件事里的态度真的很坦诚，也很负责。他没有回避争议，也没有去制造额外的剧情，而是把事情本身讲得很清楚，这其实很不容易。作为创作者，这种坦诚与担当，我是很尊重的。影视飓风这么多年经历过不少被误解、被恶意剪辑的情况，那些事情我也记得。很多时候，创作者只是想尝试新的表达方式，但观众对身份、语境、呈现方式的感受也会产生差异，这次的讨论或许就是这种差异被放大之后的冲击。
我希望大家在讨论的时候能多一点耐心、少一点情绪化的猜测。继续期待影视飓风的作品，也希望这次风波能带来更健康、更真诚的沟通！",1763140532,516582750,0.9999999999999967,0.9999999999999933,29385675
BV16YC3BrEDz,这个视频澄清的条理清晰真的太赞了！！（科学！合理！站在一个中立的角度去分析！）应该让大多数人学习一下[脸红],1763140643,445928173,0.9998320542694971,0.9996641085389941,29385677
BV16YC3BrEDz,我想起之前看到的一个评论蛮有道理的，大意是为什么B站上就没看到太多这样的言论，因为B站的人看到之后都会直接在B站找到原视频看完，但是其他地方的不会，只会看了切片之后盲目输出情绪，不去了解来龙去脉,1763139986,16781060,0.9912287708238997,0.9824575416477994,29385666
BV16YC3BrEDz,"tim一定要注意休息啊[打call]
身体才是革命的本钱[给心心]",1763139809,1177834844,0.9814005291048681,0.9628010582097362,29385663
BV16YC3BrEDz,还好我是先看到的官方辟谣视频，还没有看到过sb营销号，感觉b站比其他几个平台会好很多[笑哭],1763140481,2064010876,0.9987637420651142,0.9975274841302284,29385674
BV16YC3BrEDz,Tim待人真的很好[委屈]我在英雄联盟s15决赛场馆遇到了影视飓风 当时太激动了 一直在和我朋友叫 tim听到我在喊影视飓风 还朝我微笑打招呼了[给心心]真的很温柔,1763141184,3546697883978196,0.9974145269963185,0.994829053992637,29385686
BV16YC3BrEDz,"没啥好说的，体量大了各种各样的事情都会出现，平常心看待！
好坏都会过去！",1763139893,474378544,0.9504744606134354,0.9009489212268709,29385664
BV16YC3BrEDz,我真的以前从来没评论过，昨天看了1400万这个问答做的越来越好了，很好笑，tim不要被网上的声音影响,1763140924,666691099,0.11528137834802765,-0.7694372433039447,29385682
BV16YC3BrEDz,还是影视飓风流量太大了，互联网会无限放大某个锚点，很多都是两头堵，做好自己就行，加油tim，加油影视飓风！！！[打call]不要太过在意别的那些无良媒体营销号~,1763140308,259830657,0.42836126706820443,-0.14327746586359114,29385671
BV16YC3BrEDz,真的可以相信tim的待人，有幸参加过24年的开放日，tim几乎就是被全场一百个人（当然包括我）逮着合影，真的是一点都没有表现出不耐烦。反正如果是我我可能会直接撤了就[笑哭],1763140777,347345888,0.5215944610497011,0.04318892209940217,29385679
BV16YC3BrEDz,Tim站在自媒体角度的分析确实专业，现在就是个流量为王的时代，尤其是有了AIGC这种工具，生产内容的速度相比以前是指数级增长，大量垃圾信息会把观众（包括自媒体本身）淹没，让身处其中的人头晕目眩无法辨别真相，而很多人也不在意真相。,1763140186,4505957,0.9999997209844785,0.9999994419689571,29385669
BV16YC3BrEDz,确实是教科书级别的回应了,1763141333,914133,0.7912411764920632,0.5824823529841263,29385688
BV16YC3BrEDz,大多数人在网上，都是严以待人，宽以律己,1763140583,298683288,0.44188605506090517,-0.11622788987818966,29385676
BV16YC3BrEDz,划重点：有申请拍摄许可，上镜的都是已知且愿意进行拍摄的大爷大妈[tv_冷漠],1763140484,9026784,0.33781342279800264,-0.3243731544039947,29385674
BV16YC3BrEDz,"長期追影視颶風的朋友們，都清楚Tim的為人處事和思維方式都超正面、有溫度。
畢竟那些為了流量剪輯的營銷號，二創都是為了話題胡編亂改原本的表達。
所以，Tim真的不用被這件事影響，繼續做你自己，帶給我們更多的正能量和進步吧！我們都會一直支持你的，期待你繼續分享更多精彩的影片！",1763144640,431704301,2.610819307413692e-07,-0.9999994778361385,29385744
BV16YC3BrEDz,"希望 也相信 这些词条 不会影响到Tim。
互联网营销号在制造话题这方面真的很让人窒息，词条轰炸 然后再引爆，这和养蛊有什么区别",1763143210,12222258,0.920386338636316,0.840772677272632,29385720
BV16YC3BrEDz,做一期数据和流量分析一下这种切片的现象，解构它[嗑瓜子][嗑瓜子][嗑瓜子],1763140384,10995481,0.001527723555038607,-0.9969445528899228,29385673
BV16YC3BrEDz,我觉得可以尝试一下做这样的选题，就是给公司每人一段10s左右视频然后拼接出一段有观点有输出的视频，然后再对比原视频，这比较考验人的想象能力和创造能力了[喜极而泣],1763141610,88126618,0.9946082272639815,0.9892164545279629,29385693
BV16YC3BrEDz,"《断章取义》
取自《不要断章取义》
经典咏流传[doge]",1763140967,65534344,0.9646957977065495,0.9293915954130989,29385682
BV16YC3BrEDz,"谁知道十几年前明星经常写博文各种分享自己理解和日常，真分享，不是现在发个精修图营业的那种，那时候真满满的活人感
       但后来网络越来越极化之后，现在公众人物基本就不怎么发言了，帐号变成了一个纯商业运营的状态，因为不管说啥都能找到角度骂。tim做到这种体量还能做到一定的活人感，真的很难得了",1763141205,678445077,0.9999906217356523,0.9999812434713047,29385686
BV16YC3BrEDz,"我从头到尾关注了这件事。
在我看来，Tim在整件事里的态度真的很坦诚，也很负责。他没有回避争议，也没有去制造额外的剧情，而是把事情本身讲得很清楚，这其实很不容易。作为创作者，这种坦诚与担当，我是很尊重的。影视飓风这么多年经历过不少被误解、被恶意剪辑的情况，那些事情我也记得。很多时候，创作者只是想尝试新的表达方式，但观众对身份、语境、呈现方式的感受也会产生差异，这次的讨论或许就是这种差异被放大之后的冲击。
我希望大家在讨论的时候能多一点耐心、少一点情绪化的猜测。继续期待影视飓风的作品，也希望这次风波能带来更健康、更真诚的沟通！",1763140532,516582750,0.9999999999999967,0.9999999999999933,29385675
BV16YC3BrEDz,这个视频澄清的条理清晰真的太赞了！！（科学！合理！站在一个中立的角度去分析！）应该让大多数人学习一下[脸红],1763140643,445928173,0.9998320542694971,0.9996641085389941,29385677
BV16YC3BrEDz,我想起之前看到的一个评论蛮有道理的，大意是为什么B站上就没看到太多这样的言论，因为B站的人看到之后都会直接在B站找到原视频看完，但是其他地方的不会，只会看了切片之后盲目输出情绪，不去了解来龙去脉,1763139986,16781060,0.9912287708238997,0.9824575416477994,29385666
BV16YC3BrEDz,"tim一定要注意休息啊[打call]
身体才是革命的本钱[给心心]",1763139809,1177834844,0.9814005291048681,0.9628010582097362,29385663
BV16YC3BrEDz,还好我是先看到的官方辟谣视频，还没有看到过sb营销号，感觉b站比其他几个平台会好很多[笑哭],1763140481,2064010876,0.9987637420651142,0.9975274841302284,29385674
BV16YC3BrEDz,Tim待人真的很好[委屈]我在英雄联盟s15决赛场馆遇到了影视飓风 当时太激动了 一直在和我朋友叫 tim听到我在喊影视飓风 还朝我微笑打招呼了[给心心]真的很温柔,1763141184,3546697883978196,0.9974145269963185,0.994829053992637,29385686
BV16YC3BrEDz,"没啥好说的，体量大了各种各样的事情都会出现，平常心看待！
好坏都会过去！",1763139893,474378544,0.9504744606134354,0.9009489212268709,29385664
BV16YC3BrEDz,我真的以前从来没评论过，昨天看了1400万这个问答做的越来越好了，很好笑，tim不要被网上的声音影响,1763140924,666691099,0.11528137834802765,-0.7694372433039447,29385682
BV16YC3BrEDz,还是影视飓风流量太大了，互联网会无限放大某个锚点，很多都是两头堵，做好自己就行，加油tim，加油影视飓风！！！[打call]不要太过在意别的那些无良媒体营销号~,1763140308,259830657,0.42836126706820443,-0.14327746586359114,29385671
BV16YC3BrEDz,真的可以相信tim的待人，有幸参加过24年的开放日，tim几乎就是被全场一百个人（当然包括我）逮着合影，真的是一点都没有表现出不耐烦。反正如果是我我可能会直接撤了就[笑哭],1763140777,347345888,0.5215944610497011,0.04318892209940217,29385679
BV16YC3BrEDz,Tim站在自媒体角度的分析确实专业，现在就是个流量为王的时代，尤其是有了AIGC这种工具，生产内容的速度相比以前是指数级增长，大量垃圾信息会把观众（包括自媒体本身）淹没，让身处其中的人头晕目眩无法辨别真相，而很多人也不在意真相。,1763140186,4505957,0.9999997209844785,0.9999994419689571,29385669
BV16YC3BrEDz,确实是教科书级别的回应了,1763141333,914133,0.7912411764920632,0.5824823529841263,29385688
BV16YC3BrEDz,大多数人在网上，都是严以待人，宽以律己,1763140583,298683288,0.44188605506090517,-0.11622788987818966,29385676
BV16YC3BrEDz,划重点：有申请拍摄许可，上镜的都是已知且愿意进行拍摄的大爷大妈[tv_冷漠],1763140484,9026784,0.33781342279800264,-0.3243731544039947,29385674
BV16YC3BrEDz,"長期追影視颶風的朋友們，都清楚Tim的為人處事和思維方式都超正面、有溫度。
畢竟那些為了流量剪輯的營銷號，二創都是為了話題胡編亂改原本的表達。
所以，Tim真的不用被這件事影響，繼續做你自己，帶給我們更多的正能量和進步吧！我們都會一直支持你的，期待你繼續分享更多精彩的影片！",1763144640,431704301,2.610819307413692e-07,-0.9999994778361385,29385744
BV16YC3BrEDz,"希望 也相信 这些词条 不会影响到Tim。
互联网营销号在制造话题这方面真的很让人窒息，词条轰炸 然后再引爆，这和养蛊有什么区别",1763143210,12222258,0.920386338636316,0.840772677272632,29385720
BV16YC3BrEDz,做一期数据和流量分析一下这种切片的现象，解构它[嗑瓜子][嗑瓜子][嗑瓜子],1763140384,10995481,0.001527723555038607,-0.9969445528899228,29385673
BV16YC3BrEDz,我觉得可以尝试一下做这样的选题，就是给公司每人一段10s左右视频然后拼接出一段有观点有输出的视频，然后再对比原视频，这比较考验人的想象能力和创造能力了[喜极而泣],1763141610,88126618,0.9946082272639815,0.9892164545279629,29385693
BV16YC3BrEDz,"《断章取义》
取自《不要断章取义》
经典咏流传[doge]",1763140967,65534344,0.9646957977065495,0.9293915954130989,29385682
BV16YC3BrEDz,"谁知道十几年前明星经常写博文各种分享自己理解和日常，真分享，不是现在发个精修图营业的那种，那时候真满满的活人感
       但后来网络越来越极化之后，现在公众人物基本就不怎么发言了，帐号变成了一个纯商业运营的状态，因为不管说啥都能找到角度骂。tim做到这种体量还能做到一定的活人感，真的很难得了",1763141205,678445077,0.9999906217356523,0.9999812434713047,29385686
BV16YC3BrEDz,"我从头到尾关注了这件事。
在我看来，Tim在整件事里的态度真的很坦诚，也很负责。他没有回避争议，也没有去制造额外的剧情，而是把事情本身讲得很清楚，这其实很不容易。作为创作者，这种坦诚与担当，我是很尊重的。影视飓风这么多年经历过不少被误解、被恶意剪辑的情况，那些事情我也记得。很多时候，创作者只是想尝试新的表达方式，但观众对身份、语境、呈现方式的感受也会产生差异，这次的讨论或许就是这种差异被放大之后的冲击。
我希望大家在讨论的时候能多一点耐心、少一点情绪化的猜测。继续期待影视飓风的作品，也希望这次风波能带来更健康、更真诚的沟通！",1763140532,516582750,0.9999999999999967,0.9999999999999933,29385675
BV16YC3BrEDz,这个视频澄清的条理清晰真的太赞了！！（科学！合理！站在一个中立的角度去分析！）应该让大多数人学习一下[脸红],1763140643,445928173,0.9998320542694971,0.9996641085389941,29385677
BV16YC3BrEDz,我想起之前看到的一个评论蛮有道理的，大意是为什么B站上就没看到太多这样的言论，因为B站的人看到之后都会直接在B站找到原视频看完，但是其他地方的不会，只会看了切片之后盲目输出情绪，不去了解来龙去脉,1763139986,16781060,0.9912287708238997,0.9824575416477994,29385666
BV16YC3BrEDz,"tim一定要注意休息啊[打call]
身体才是革命的本钱[给心心]",1763139809,1177834844,0.9814005291048681,0.9628010582097362,29385663
BV16YC3BrEDz,还好我是先看到的官方辟谣视频，还没有看到过sb营销号，感觉b站比其他几个平台会好很多[笑哭],1763140481,2064010876,0.9987637420651142,0.9975274841302284,29385674
BV16YC3BrEDz,Tim待人真的很好[委屈]我在英雄联盟s15决赛场馆遇到了影视飓风 当时太激动了 一直在和我朋友叫 tim听到我在喊影视飓风 还朝我微笑打招呼了[给心心]真的很温柔,1763141184,3546697883978196,0.9974145269963185,0.994829053992637,29385686
BV16YC3BrEDz,"没啥好说的，体量大了各种各样的事情都会出现，平常心看待！
好坏都会过去！",1763139893,474378544,0.9504744606134354,0.9009489212268709,29385664
BV16YC3BrEDz,我真的以前从来没评论过，昨天看了1400万这个问答做的越来越好了，很好笑，tim不要被网上的声音影响,1763140924,666691099,0.11528137834802765,-0.7694372433039447,29385682
BV16YC3BrEDz,还是影视飓风流量太大了，互联网会无限放大某个锚点，很多都是两头堵，做好自己就行，加油tim，加油影视飓风！！！[打call]不要太过在意别的那些无良媒体营销号~,1763140308,259830657,0.42836126706820443,-0.14327746586359114,29385671
BV16YC3BrEDz,真的可以相信tim的待人，有幸参加过24年的开放日，tim几乎就是被全场一百个人（当然包括我）逮着合影，真的是一点都没有表现出不耐烦。反正如果是我我可能会直接撤了就[笑哭],1763140777,347345888,0.5215944610497011,0.04318892209940217,29385679
BV16YC3BrEDz,Tim站在自媒体角度的分析确实专业，现在就是个流量为王的时代，尤其是有了AIGC这种工具，生产内容的速度相比以前是指数级增长，大量垃圾信息会把观众（包括自媒体本身）淹没，让身处其中的人头晕目眩无法辨别真相，而很多人也不在意真相。,1763140186,4505957,0.9999997209844785,0.9999994419689571,29385669
BV16YC3BrEDz,确实是教科书级别的回应了,1763141333,914133,0.7912411764920632,0.5824823529841263,29385688
BV16YC3BrEDz,大多数人在网上，都是严以待人，宽以律己,1763140583,298683288,0.44188605506090517,-0.11622788987818966,29385676
BV16YC3BrEDz,划重点：有申请拍摄许可，上镜的都是已知且愿意进行拍摄的大爷大妈[tv_冷漠],1763140484,9026784,0.33781342279800264,-0.3243731544039947,29385674
BV16YC3BrEDz,"長期追影視颶風的朋友們，都清楚Tim的為人處事和思維方式都超正面、有溫度。
畢竟那些為了流量剪輯的營銷號，二創都是為了話題胡編亂改原本的表達。
所以，Tim真的不用被這件事影響，繼續做你自己，帶給我們更多的正能量和進步吧！我們都會一直支持你的，期待你繼續分享更多精彩的影片！",1763144640,431704301,2.610819307413692e-07,-0.9999994778361385,29385744
BV16YC3BrEDz,"希望 也相信 这些词条 不会影响到Tim。
互联网营销号在制造话题这方面真的很让人窒息，词条轰炸 然后再引爆，这和养蛊有什么区别",1763143210,12222258,0.920386338636316,0.840772677272632,29385720
BV16YC3BrEDz,做一期数据和流量分析一下这种切片的现象，解构它[嗑瓜子][嗑瓜子][嗑瓜子],1763140384,10995481,0.001527723555038607,-0.9969445528899228,29385673
BV16YC3BrEDz,我觉得可以尝试一下做这样的选题，就是给公司每人一段10s左右视频然后拼接出一段有观点有输出的视频，然后再对比原视频，这比较考验人的想象能力和创造能力了[喜极而泣],1763141610,88126618,0.9946082272639815,0.9892164545279629,29385693
BV16YC3BrEDz,"《断章取义》
取自《不要断章取义》
经典咏流传[doge]",1763140967,65534344,0.9646957977065495,0.9293915954130989,29385682
BV16YC3BrEDz,"谁知道十几年前明星经常写博文各种分享自己理解和日常，真分享，不是现在发个精修图营业的那种，那时候真满满的活人感
       但后来网络越来越极化之后，现在公众人物基本就不怎么发言了，帐号变成了一个纯商业运营的状态，因为不管说啥都能找到角度骂。tim做到这种体量还能做到一定的活人感，真的很难得了",1763141205,678445077,0.9999906217356523,0.9999812434713047,29385686
BV16YC3BrEDz,"我从头到尾关注了这件事。
在我看来，Tim在整件事里的态度真的很坦诚，也很负责。他没有回避争议，也没有去制造额外的剧情，而是把事情本身讲得很清楚，这其实很不容易。作为创作者，这种坦诚与担当，我是很尊重的。影视飓风这么多年经历过不少被误解、被恶意剪辑的情况，那些事情我也记得。很多时候，创作者只是想尝试新的表达方式，但观众对身份、语境、呈现方式的感受也会产生差异，这次的讨论或许就是这种差异被放大之后的冲击。
我希望大家在讨论的时候能多一点耐心、少一点情绪化的猜测。继续期待影视飓风的作品，也希望这次风波能带来更健康、更真诚的沟通！",1763140532,516582750,0.9999999999999967,0.9999999999999933,29385675
BV16YC3BrEDz,这个视频澄清的条理清晰真的太赞了！！（科学！合理！站在一个中立的角度去分析！）应该让大多数人学习一下[脸红],1763140643,445928173,0.9998320542694971,0.9996641085389941,29385677
BV16YC3BrEDz,我想起之前看到的一个评论蛮有道理的，大意是为什么B站上就没看到太多这样的言论，因为B站的人看到之后都会直接在B站找到原视频看完，但是其他地方的不会，只会看了切片之后盲目输出情绪，不去了解来龙去脉,1763139986,16781060,0.9912287708238997,0.9824575416477994,29385666
BV16YC3BrEDz,"tim一定要注意休息啊[打call]
身体才是革命的本钱[给心心]",1763139809,1177834844,0.9814005291048681,0.9628010582097362,29385663
BV16YC3BrEDz,还好我是先看到的官方辟谣视频，还没有看到过sb营销号，感觉b站比其他几个平台会好很多[笑哭],1763140481,2064010876,0.9987637420651142,0.9975274841302284,29385674
BV16YC3BrEDz,Tim待人真的很好[委屈]我在英雄联盟s15决赛场馆遇到了影视飓风 当时太激动了 一直在和我朋友叫 tim听到我在喊影视飓风 还朝我微笑打招呼了[给心心]真的很温柔,1763141184,3546697883978196,0.9974145269963185,0.994829053992637,29385686
BV16YC3BrEDz,"没啥好说的，体量大了各种各样的事情都会出现，平常心看待！
好坏都会过去！",1763139893,474378544,0.9504744606134354,0.9009489212268709,29385664
BV16YC3BrEDz,我真的以前从来没评论过，昨天看了1400万这个问答做的越来越好了，很好笑，tim不要被网上的声音影响,1763140924,666691099,0.11528137834802765,-0.7694372433039447,29385682
BV16YC3BrEDz,还是影视飓风流量太大了，互联网会无限放大某个锚点，很多都是两头堵，做好自己就行，加油tim，加油影视飓风！！！[打call]不要太过在意别的那些无良媒体营销号~,1763140308,259830657,0.42836126706820443,-0.14327746586359114,29385671
BV16YC3BrEDz,真的可以相信tim的待人，有幸参加过24年的开放日，tim几乎就是被全场一百个人（当然包括我）逮着合影，真的是一点都没有表现出不耐烦。反正如果是我我可能会直接撤了就[笑哭],1763140777,347345888,0.5215944610497011,0.04318892209940217,29385679
BV16YC3BrEDz,Tim站在自媒体角度的分析确实专业，现在就是个流量为王的时代，尤其是有了AIGC这种工具，生产内容的速度相比以前是指数级增长，大量垃圾信息会把观众（包括自媒体本身）淹没，让身处其中的人头晕目眩无法辨别真相，而很多人也不在意真相。,1763140186,4505957,0.9999997209844785,0.9999994419689571,29385669
BV16YC3BrEDz,确实是教科书级别的回应了,1763141333,914133,0.7912411764920632,0.5824823529841263,29385688
BV16YC3BrEDz,大多数人在网上，都是严以待人，宽以律己,1763140583,298683288,0.44188605506090517,-0.11622788987818966,29385676
BV16YC3BrEDz,划重点：有申请拍摄许可，上镜的都是已知且愿意进行拍摄的大爷大妈[tv_冷漠],1763140484,9026784,0.33781342279800264,-0.3243731544039947,29385674
BV16YC3BrEDz,"長期追影視颶風的朋友們，都清楚Tim的為人處事和思維方式都超正面、有溫度。
畢竟那些為了流量剪輯的營銷號，二創都是為了話題胡編亂改原本的表達。
所以，Tim真的不用被這件事影響，繼續做你自己，帶給我們更多的正能量和進步吧！我們都會一直支持你的，期待你繼續分享更多精彩的影片！",1763144640,431704301,2.610819307413692e-07,-0.9999994778361385,29385744
BV16YC3BrEDz,"希望 也相信 这些词条 不会影响到Tim。
互联网营销号在制造话题这方面真的很让人窒息，词条轰炸 然后再引爆，这和养蛊有什么区别",1763143210,12222258,0.920386338636316,0.840772677272632,29385720
BV1yQCxBREZP,儿子想要配一套PS5好久了，本来差点答应了，无奈大疆今天发布，对不起了好儿子，爸爸真的很需要这台第6代Action，明天回来路上给你带盒蜡笔。,1763036107,234073770,0.9377381117916964,0.8754762235833928,29383935
BV1yQCxBREZP,"osmo360两块cmos卖1900
action6一块cmos卖3000
论大疆神奇的定价体系[滑稽]",1763036031,4466169,0.8091586908503385,0.6183173817006771,29383933
BV1yQCxBREZP,action9出来了家人们[doge],1763035678,615456,0.44767845850986676,-0.10464308298026648,29383927
BV1yQCxBREZP,我来了！感谢 Tim 为我们带来如此深度和硬核的评测内容[支持]可变光圈、电影级画质呈现、超强防抖和超长续航...这代升级真的猛，期待你们使用 Action 6 创作更多惊艳大片！[呲牙],1763035485,1111924041,0.9999991496729245,0.9999982993458489,29383924
BV1yQCxBREZP,A6的画质跟a5的没差多少， A5跟a4没差多少，所以a4跟a6也没差多少，关键是这个价格很难让人不心动。[嘟嘟],1763040859,1503560317,0.01861350317797894,-0.9627729936440421,29384014
BV1yQCxBREZP,同志们，现在怎么买，是抄底5Pro，还是狠心上6。还是等6打折。我目前钱没啥问题，但是想要个性价比最好的,1763037206,628681365,0.04768730496074147,-0.904625390078517,29383953
BV1yQCxBREZP,省流：action6 2998，action5pro1848，相比之下action5pro简直香疯了,1763037718,7857786,0.20390111985839732,-0.5921977602832054,29383961
BV1yQCxBREZP,Action 6 带着可变光圈和 1/1.1 英寸方形传感器来啦！答应我，这次一定[蹲蹲],1763035711,232472043,0.05758184670080324,-0.8848363065983935,29383928
BV1yQCxBREZP,不是...2998你认真的吗DJI？[思考],1763035322,1422842,0.8329698555311323,0.6659397110622647,29383922
BV1yQCxBREZP,视频看完了，我依然认为运动相机要可变光圈没有用,1763036677,381549902,0.4867423412488717,-0.026515317502256552,29383944
BV1yQCxBREZP,那么问题来了，这个可变光圈在骑行其他极限运动的场景下损坏的几率有多高？抗震到了什么程度？只坏了可变光圈有什么影响以及是否会保修？,1763045538,13751965,0.005485019252277734,-0.9890299614954445,29384092
BV1yQCxBREZP,"我目前有action3，给个升级建议，但是我个人更想买微单，这运动相机我不知道要不要升级

我去和朋友的action4对比了一下，3的直出好像更加好看一些，颜色鲜艳一些，4就比较寡淡，对比现实也是3好看一些更接近一些",1763041970,505674625,0.8999118937227226,0.7998237874454452,29384032
BV1yQCxBREZP,这个和影石的ACEpro2 二选一选哪个,1763035928,45073545,0.5707931776893589,0.14158635537871778,29383932
BV1yQCxBREZP,3400买action5pro全能套冤种在此[脸红],1763035697,246470936,0.8258609840469873,0.6517219680939745,29383928
BV1yQCxBREZP,是时候该买便宜的ac5pro了[doge_金箍],1763035311,52262326,0.7185379233316439,0.4370758466632878,29383921
BV1yQCxBREZP,我亲爱的action4，我是不会抛弃你的，陪你一辈子[大哭][大哭][大哭],1763035315,3546912602982411,0.996582203384521,0.9931644067690419,29383921
BV1yQCxBREZP,[doge][doge]看来是时候入手5 Pro了,1763036886,420231720,0.8295881071646312,0.6591762143292623,29383948
BV1yQCxBREZP,说句实在话，很多人看到别人买相机自己也想跟风买，实际是羡慕别人相机里自由且有钱的生活，而不是单纯有个相机拍自己社畜的一天和周末在家躺平，最后相机成功吃灰挂小黄鱼[笑哭]建议理性购买相机类产品，毕竟如果你没有专门的拍摄需求或者发vlog业余时间去当博主，建议还是用手机拍摄比较好，毕竟如果你手机都能拍出很好的构图和运镜，买相机才会给你锦上添花,1763046743,2361310,0.9999999963072397,0.9999999926144794,29384112
BV1yQCxBREZP,我前天买的action 5 pro，到手还没72小时[微笑][微笑][微笑][微笑],1763036542,3493132282890930,0.9641250911263514,0.9282501822527027,29383942
BV1yQCxBREZP,看完测评，感觉Action 6的升级点都更偏向专业或极限运动用户。对于普通用户，这些提升的感知力其实不强。反观影石的ACE Pro 2，虽然是一年前的机型，但其核心卖点是徕卡色彩、8K裁剪、翻转屏等对于日常记录和旅行拍摄来说，依然是实打实的痛点解决方案,1764404630,1669306427,0.9988555963306217,0.9977111926612434,29406743
BV1yQCxBREZP,儿子想要配一套PS5好久了，本来差点答应了，无奈大疆今天发布，对不起了好儿子，爸爸真的很需要这台第6代Action，明天回来路上给你带盒蜡笔。,1763036107,234073770,0.9377381117916964,0.8754762235833928,29383935
BV1yQCxBREZP,"osmo360两块cmos卖1900
action6一块cmos卖3000
论大疆神奇的定价体系[滑稽]",1763036031,4466169,0.8091586908503385,0.6183173817006771,29383933
BV1yQCxBREZP,action9出来了家人们[doge],1763035678,615456,0.44767845850986676,-0.10464308298026648,29383927
BV1yQCxBREZP,我来了！感谢 Tim 为我们带来如此深度和硬核的评测内容[支持]可变光圈、电影级画质呈现、超强防抖和超长续航...这代升级真的猛，期待你们使用 Action 6 创作更多惊艳大片！[呲牙],1763035485,1111924041,0.9999991496729245,0.9999982993458489,29383924
BV1yQCxBREZP,A6的画质跟a5的没差多少， A5跟a4没差多少，所以a4跟a6也没差多少，关键是这个价格很难让人不心动。[嘟嘟],1763040859,1503560317,0.01861350317797894,-0.9627729936440421,29384014
BV1yQCxBREZP,同志们，现在怎么买，是抄底5Pro，还是狠心上6。还是等6打折。我目前钱没啥问题，但是想要个性价比最好的,1763037206,628681365,0.04768730496074147,-0.904625390078517,29383953
BV1yQCxBREZP,省流：action6 2998，action5pro1848，相比之下action5pro简直香疯了,1763037718,7857786,0.20390111985839732,-0.5921977602832054,29383961
BV1yQCxBREZP,Action 6 带着可变光圈和 1/1.1 英寸方形传感器来啦！答应我，这次一定[蹲蹲],1763035711,232472043,0.05758184670080324,-0.8848363065983935,29383928
BV1yQCxBREZP,不是...2998你认真的吗DJI？[思考],1763035322,1422842,0.8329698555311323,0.6659397110622647,29383922
BV1yQCxBREZP,视频看完了，我依然认为运动相机要可变光圈没有用,1763036677,381549902,0.4867423412488717,-0.026515317502256552,29383944
BV1yQCxBREZP,那么问题来了，这个可变光圈在骑行其他极限运动的场景下损坏的几率有多高？抗震到了什么程度？只坏了可变光圈有什么影响以及是否会保修？,1763045538,13751965,0.005485019252277734,-0.9890299614954445,29384092
BV1yQCxBREZP,"我目前有action3，给个升级建议，但是我个人更想买微单，这运动相机我不知道要不要升级

我去和朋友的action4对比了一下，3的直出好像更加好看一些，颜色鲜艳一些，4就比较寡淡，对比现实也是3好看一些更接近一些",1763041970,505674625,0.8999118937227226,0.7998237874454452,29384032
BV1yQCxBREZP,这个和影石的ACEpro2 二选一选哪个,1763035928,45073545,0.5707931776893589,0.14158635537871778,29383932
BV1yQCxBREZP,3400买action5pro全能套冤种在此[脸红],1763035697,246470936,0.8258609840469873,0.6517219680939745,29383928
BV1yQCxBREZP,是时候该买便宜的ac5pro了[doge_金箍],1763035311,52262326,0.7185379233316439,0.4370758466632878,29383921
BV1yQCxBREZP,我亲爱的action4，我是不会抛弃你的，陪你一辈子[大哭][大哭][大哭],1763035315,3546912602982411,0.996582203384521,0.9931644067690419,29383921
BV1yQCxBREZP,[doge][doge]看来是时候入手5 Pro了,1763036886,420231720,0.8295881071646312,0.6591762143292623,29383948
BV1yQCxBREZP,说句实在话，很多人看到别人买相机自己也想跟风买，实际是羡慕别人相机里自由且有钱的生活，而不是单纯有个相机拍自己社畜的一天和周末在家躺平，最后相机成功吃灰挂小黄鱼[笑哭]建议理性购买相机类产品，毕竟如果你没有专门的拍摄需求或者发vlog业余时间去当博主，建议还是用手机拍摄比较好，毕竟如果你手机都能拍出很好的构图和运镜，买相机才会给你锦上添花,1763046743,2361310,0.9999999963072397,0.9999999926144794,29384112
BV1yQCxBREZP,我前天买的action 5 pro，到手还没72小时[微笑][微笑][微笑][微笑],1763036542,3493132282890930,0.9641250911263514,0.9282501822527027,29383942
BV1yQCxBREZP,看完测评，感觉Action 6的升级点都更偏向专业或极限运动用户。对于普通用户，这些提升的感知力其实不强。反观影石的ACE Pro 2，虽然是一年前的机型，但其核心卖点是徕卡色彩、8K裁剪、翻转屏等对于日常记录和旅行拍摄来说，依然是实打实的痛点解决方案,1764404630,1669306427,0.9988555963306217,0.9977111926612434,29406743
BV1TZk2BEEdz,很明显有人要搞死影视飓风啊,1763041748,9322113,0.013941660636509923,-0.9721166787269802,29384029
BV1TZk2BEEdz,第一次在QA的时候粉丝没有增加100w以上[doge],1762916580,628199107,0.5741028240675418,0.14820564813508352,29381943
BV1TZk2BEEdz,tim这个事就完全反应出了一个问题，中文互联网完了，啥事都能上纲上线,1763105620,59630079,0.9553045121589062,0.9106090243178124,29385093
BV1TZk2BEEdz,tim相亲这个视频，占这期视频的十分之一都不到，一分来钟给大伙整个活的内容，你非要上升到“消费苦难”，是不是内容都不看完就开始自己反思上了。远看明星古力娜扎黄子韬，近看本站的boy九龄，也去过相亲角，做了你们所说的“扮猪吃老虎”怎么就能被原谅了？你自己一辈子都不可能去的相亲角怎么自己开始维护了,1763053892,37098340,0.9989352735600111,0.9978705471200222,29384231
BV1TZk2BEEdz,支持影视飓风告倒红星新闻，我一定要看到这个的后续！！！！[奋斗],1763046828,303913574,0.8684592350351541,0.7369184700703082,29384113
BV1TZk2BEEdz,"回应这条Q&A：炒作
不回应Q&A：傲慢
往实际方向写：装x
往保守方向写：虚伪
正经搞：压抑
纯整活：捣乱

🎩工厂这一块[吃瓜]",1763109840,241252615,0.005689312290453552,-0.9886213754190929,29385164
BV1TZk2BEEdz,顶我上去，红星新闻，当年刘学州事件里边不分青红皂白，听刘学洲父母的一面之词，恶意造谣抹黑一个孩子，大搞春秋笔法，结果最后导致刘学洲承受不住网暴跳楼自杀，这个事我记忆犹新……..,1763167483,394525114,0.9999999776526978,0.9999999553053955,29386124
BV1TZk2BEEdz,"不是，这网络环境真让人无语，相亲那里本就图一乐，用来搞笑的。我想着tim都把离异写进去了，是拿着自己的痛处在自嘲，还有点心疼。
看完视频没觉得任何问题，怎么第二天起来出来这么多带节奏的妖魔鬼怪，明显是有媒体别有用心，看到上面红星新闻那层评论大概明白了。
怎么会有这么多没脑子的人这么容易被带节奏洗脑？以后卖你们保健品",1763085395,650063649,0.9434038977435448,0.8868077954870897,29384756
BV1TZk2BEEdz,就这么一小段就被骂成这样？？？[热词系列_啊?],1763169875,9538686,0.7706991113094193,0.5413982226188385,29386164
BV1TZk2BEEdz,1500wQA：起诉一回营销号[doge],1763161970,5958319,0.16862801630069335,-0.6627439673986133,29386032
BV1TZk2BEEdz,我也来教营销号怎么做↓,1763317197,13065764,0.3627075957841501,-0.27458480843169975,29388619
BV1TZk2BEEdz,怪不得我一直觉得tim这么眼熟，原来他是我的小学同学，我们一直叫他外号潘天鸟来着[惊讶][惊讶][惊讶],1762918698,261192601,0.9987353141079024,0.9974706282158048,29381978
BV1TZk2BEEdz,起初，人们都以为这只是一个普通的评论...[笑哭],1763168284,639334788,0.9676497456079536,0.9352994912159072,29386138
BV1TZk2BEEdz,[doge_金箍][doge_金箍][doge_金箍],1763429840,16149711,0.8033696567488217,0.6067393134976433,29390497
BV1TZk2BEEdz,其实我没太搞懂相亲角的争议到底在哪里？这不是一个很搞笑，很稀松平常的一个视频吗？在上升什么呢？,1763143419,40665898,0.1931623178209203,-0.6136753643581594,29385723
BV1TZk2BEEdz,评论区找到的,1763218860,3494373459233265,0.33013687011580317,-0.33972625976839366,29386981
BV1TZk2BEEdz,没留联系方式[暖暖十周年_哈哈哈]不然要被私信爆了,1762917067,157627989,0.9975780310085645,0.9951560620171289,29381951
BV1TZk2BEEdz,谁编辑的百度百科[笑哭],1763021913,442971876,0.9890871499104519,0.9781742998209038,29383698
BV1TZk2BEEdz,猜猜我在Edge主页上看到了什么[抠鼻],1763187450,392703798,0.04612139431819784,-0.9077572113636043,29386457
BV1TZk2BEEdz,正常人看到这乐呵一下就过去了，有些别有用心的人不好说[嘘声],1763047941,603295302,0.23435879518842562,-0.5312824096231488,29384132
BV1TZk2BEEdz,很明显有人要搞死影视飓风啊,1763041748,9322113,0.013941660636509923,-0.9721166787269802,29384029
BV1TZk2BEEdz,第一次在QA的时候粉丝没有增加100w以上[doge],1762916580,628199107,0.5741028240675418,0.14820564813508352,29381943
BV1TZk2BEEdz,tim这个事就完全反应出了一个问题，中文互联网完了，啥事都能上纲上线,1763105620,59630079,0.9553045121589062,0.9106090243178124,29385093
BV1TZk2BEEdz,tim相亲这个视频，占这期视频的十分之一都不到，一分来钟给大伙整个活的内容，你非要上升到“消费苦难”，是不是内容都不看完就开始自己反思上了。远看明星古力娜扎黄子韬，近看本站的boy九龄，也去过相亲角，做了你们所说的“扮猪吃老虎”怎么就能被原谅了？你自己一辈子都不可能去的相亲角怎么自己开始维护了,1763053892,37098340,0.9989352735600111,0.9978705471200222,29384231
BV1TZk2BEEdz,支持影视飓风告倒红星新闻，我一定要看到这个的后续！！！！[奋斗],1763046828,303913574,0.8684592350351541,0.7369184700703082,29384113
BV1TZk2BEEdz,"回应这条Q&A：炒作
不回应Q&A：傲慢
往实际方向写：装x
往保守方向写：虚伪
正经搞：压抑
纯整活：捣乱

🎩工厂这一块[吃瓜]",1763109840,241252615,0.005689312290453552,-0.9886213754190929,29385164
BV1TZk2BEEdz,顶我上去，红星新闻，当年刘学州事件里边不分青红皂白，听刘学洲父母的一面之词，恶意造谣抹黑一个孩子，大搞春秋笔法，结果最后导致刘学洲承受不住网暴跳楼自杀，这个事我记忆犹新……..,1763167483,394525114,0.9999999776526978,0.9999999553053955,29386124
BV1TZk2BEEdz,"不是，这网络环境真让人无语，相亲那里本就图一乐，用来搞笑的。我想着tim都把离异写进去了，是拿着自己的痛处在自嘲，还有点心疼。
看完视频没觉得任何问题，怎么第二天起来出来这么多带节奏的妖魔鬼怪，明显是有媒体别有用心，看到上面红星新闻那层评论大概明白了。
怎么会有这么多没脑子的人这么容易被带节奏洗脑？以后卖你们保健品",1763085395,650063649,0.9434038977435448,0.8868077954870897,29384756
BV1TZk2BEEdz,就这么一小段就被骂成这样？？？[热词系列_啊?],1763169875,9538686,0.7706991113094193,0.5413982226188385,29386164
BV1TZk2BEEdz,1500wQA：起诉一回营销号[doge],1763161970,5958319,0.16862801630069335,-0.6627439673986133,29386032
BV1TZk2BEEdz,我也来教营销号怎么做↓,1763317197,13065764,0.3627075957841501,-0.27458480843169975,29388619
BV1TZk2BEEdz,怪不得我一直觉得tim这么眼熟，原来他是我的小学同学，我们一直叫他外号潘天鸟来着[惊讶][惊讶][惊讶],1762918698,261192601,0.9987353141079024,0.9974706282158048,29381978
BV1TZk2BEEdz,起初，人们都以为这只是一个普通的评论...[笑哭],1763168284,639334788,0.9676497456079536,0.9352994912159072,29386138
BV1TZk2BEEdz,[doge_金箍][doge_金箍][doge_金箍],1763429840,16149711,0.8033696567488217,0.6067393134976433,29390497
BV1TZk2BEEdz,其实我没太搞懂相亲角的争议到底在哪里？这不是一个很搞笑，很稀松平常的一个视频吗？在上升什么呢？,1763143419,40665898,0.1931623178209203,-0.6136753643581594,29385723
BV1TZk2BEEdz,评论区找到的,1763218860,3494373459233265,0.33013687011580317,-0.33972625976839366,29386981
BV1TZk2BEEdz,没留联系方式[暖暖十周年_哈哈哈]不然要被私信爆了,1762917067,157627989,0.9975780310085645,0.9951560620171289,29381951
BV1TZk2BEEdz,谁编辑的百度百科[笑哭],1763021913,442971876,0.9890871499104519,0.9781742998209038,29383698
BV1TZk2BEEdz,猜猜我在Edge主页上看到了什么[抠鼻],1763187450,392703798,0.04612139431819784,-0.9077572113636043,29386457
BV1TZk2BEEdz,正常人看到这乐呵一下就过去了，有些别有用心的人不好说[嘘声],1763047941,603295302,0.23435879518842562,-0.5312824096231488,29384132
BV1TZk2BEEdz,很明显有人要搞死影视飓风啊,1763041748,9322113,0.013941660636509923,-0.9721166787269802,29384029
BV1TZk2BEEdz,第一次在QA的时候粉丝没有增加100w以上[doge],1762916580,628199107,0.5741028240675418,0.14820564813508352,29381943
BV1TZk2BEEdz,tim这个事就完全反应出了一个问题，中文互联网完了，啥事都能上纲上线,1763105620,59630079,0.9553045121589062,0.9106090243178124,29385093
BV1TZk2BEEdz,tim相亲这个视频，占这期视频的十分之一都不到，一分来钟给大伙整个活的内容，你非要上升到“消费苦难”，是不是内容都不看完就开始自己反思上了。远看明星古力娜扎黄子韬，近看本站的boy九龄，也去过相亲角，做了你们所说的“扮猪吃老虎”怎么就能被原谅了？你自己一辈子都不可能去的相亲角怎么自己开始维护了,1763053892,37098340,0.9989352735600111,0.9978705471200222,29384231
BV1TZk2BEEdz,支持影视飓风告倒红星新闻，我一定要看到这个的后续！！！！[奋斗],1763046828,303913574,0.8684592350351541,0.7369184700703082,29384113
BV1TZk2BEEdz,"回应这条Q&A：炒作
不回应Q&A：傲慢
往实际方向写：装x
往保守方向写：虚伪
正经搞：压抑
纯整活：捣乱

🎩工厂这一块[吃瓜]",1763109840,241252615,0.005689312290453552,-0.9886213754190929,29385164
BV1TZk2BEEdz,顶我上去，红星新闻，当年刘学州事件里边不分青红皂白，听刘学洲父母的一面之词，恶意造谣抹黑一个孩子，大搞春秋笔法，结果最后导致刘学洲承受不住网暴跳楼自杀，这个事我记忆犹新……..,1763167483,394525114,0.9999999776526978,0.9999999553053955,29386124
BV1TZk2BEEdz,"不是，这网络环境真让人无语，相亲那里本就图一乐，用来搞笑的。我想着tim都把离异写进去了，是拿着自己的痛处在自嘲，还有点心疼。
看完视频没觉得任何问题，怎么第二天起来出来这么多带节奏的妖魔鬼怪，明显是有媒体别有用心，看到上面红星新闻那层评论大概明白了。
怎么会有这么多没脑子的人这么容易被带节奏洗脑？以后卖你们保健品",1763085395,650063649,0.9434038977435448,0.8868077954870897,29384756
BV1TZk2BEEdz,就这么一小段就被骂成这样？？？[热词系列_啊?],1763169875,9538686,0.7706991113094193,0.5413982226188385,29386164
BV1TZk2BEEdz,1500wQA：起诉一回营销号[doge],1763161970,5958319,0.16862801630069335,-0.6627439673986133,29386032
BV1TZk2BEEdz,我也来教营销号怎么做↓,1763317197,13065764,0.3627075957841501,-0.27458480843169975,29388619
BV1TZk2BEEdz,怪不得我一直觉得tim这么眼熟，原来他是我的小学同学，我们一直叫他外号潘天鸟来着[惊讶][惊讶][惊讶],1762918698,261192601,0.9987353141079024,0.9974706282158048,29381978
BV1TZk2BEEdz,起初，人们都以为这只是一个普通的评论...[笑哭],1763168284,639334788,0.9676497456079536,0.9352994912159072,29386138
BV1TZk2BEEdz,[doge_金箍][doge_金箍][doge_金箍],1763429840,16149711,0.8033696567488217,0.6067393134976433,29390497
BV1TZk2BEEdz,其实我没太搞懂相亲角的争议到底在哪里？这不是一个很搞笑，很稀松平常的一个视频吗？在上升什么呢？,1763143419,40665898,0.1931623178209203,-0.6136753643581594,29385723
BV1TZk2BEEdz,评论区找到的,1763218860,3494373459233265,0.33013687011580317,-0.33972625976839366,29386981
BV1TZk2BEEdz,没留联系方式[暖暖十周年_哈哈哈]不然要被私信爆了,1762917067,157627989,0.9975780310085645,0.9951560620171289,29381951
BV1TZk2BEEdz,谁编辑的百度百科[笑哭],1763021913,442971876,0.9890871499104519,0.9781742998209038,29383698
BV1TZk2BEEdz,猜猜我在Edge主页上看到了什么[抠鼻],1763187450,392703798,0.04612139431819784,-0.9077572113636043,29386457
BV1TZk2BEEdz,正常人看到这乐呵一下就过去了，有些别有用心的人不好说[嘘声],1763047941,603295302,0.23435879518842562,-0.5312824096231488,29384132
BV1TZk2BEEdz,很明显有人要搞死影视飓风啊,1763041748,9322113,0.013941660636509923,-0.9721166787269802,29384029
BV1TZk2BEEdz,第一次在QA的时候粉丝没有增加100w以上[doge],1762916580,628199107,0.5741028240675418,0.14820564813508352,29381943
BV1TZk2BEEdz,tim这个事就完全反应出了一个问题，中文互联网完了，啥事都能上纲上线,1763105620,59630079,0.9553045121589062,0.9106090243178124,29385093
BV1TZk2BEEdz,tim相亲这个视频，占这期视频的十分之一都不到，一分来钟给大伙整个活的内容，你非要上升到“消费苦难”，是不是内容都不看完就开始自己反思上了。远看明星古力娜扎黄子韬，近看本站的boy九龄，也去过相亲角，做了你们所说的“扮猪吃老虎”怎么就能被原谅了？你自己一辈子都不可能去的相亲角怎么自己开始维护了,1763053892,37098340,0.9989352735600111,0.9978705471200222,29384231
BV1TZk2BEEdz,支持影视飓风告倒红星新闻，我一定要看到这个的后续！！！！[奋斗],1763046828,303913574,0.8684592350351541,0.7369184700703082,29384113
BV1TZk2BEEdz,"回应这条Q&A：炒作
不回应Q&A：傲慢
往实际方向写：装x
往保守方向写：虚伪
正经搞：压抑
纯整活：捣乱

🎩工厂这一块[吃瓜]",1763109840,241252615,0.005689312290453552,-0.9886213754190929,29385164
BV1TZk2BEEdz,顶我上去，红星新闻，当年刘学州事件里边不分青红皂白，听刘学洲父母的一面之词，恶意造谣抹黑一个孩子，大搞春秋笔法，结果最后导致刘学洲承受不住网暴跳楼自杀，这个事我记忆犹新……..,1763167483,394525114,0.9999999776526978,0.9999999553053955,29386124
BV1TZk2BEEdz,"不是，这网络环境真让人无语，相亲那里本就图一乐，用来搞笑的。我想着tim都把离异写进去了，是拿着自己的痛处在自嘲，还有点心疼。
看完视频没觉得任何问题，怎么第二天起来出来这么多带节奏的妖魔鬼怪，明显是有媒体别有用心，看到上面红星新闻那层评论大概明白了。
怎么会有这么多没脑子的人这么容易被带节奏洗脑？以后卖你们保健品",1763085395,650063649,0.9434038977435448,0.8868077954870897,29384756
BV1TZk2BEEdz,就这么一小段就被骂成这样？？？[热词系列_啊?],1763169875,9538686,0.7706991113094193,0.5413982226188385,29386164
BV1TZk2BEEdz,1500wQA：起诉一回营销号[doge],1763161970,5958319,0.16862801630069335,-0.6627439673986133,29386032
BV1TZk2BEEdz,我也来教营销号怎么做↓,1763317197,13065764,0.3627075957841501,-0.27458480843169975,29388619
BV1TZk2BEEdz,怪不得我一直觉得tim这么眼熟，原来他是我的小学同学，我们一直叫他外号潘天鸟来着[惊讶][惊讶][惊讶],1762918698,261192601,0.9987353141079024,0.9974706282158048,29381978
BV1TZk2BEEdz,起初，人们都以为这只是一个普通的评论...[笑哭],1763168284,639334788,0.9676497456079536,0.9352994912159072,29386138
BV1TZk2BEEdz,[doge_金箍][doge_金箍][doge_金箍],1763429840,16149711,0.8033696567488217,0.6067393134976433,29390497
BV1TZk2BEEdz,其实我没太搞懂相亲角的争议到底在哪里？这不是一个很搞笑，很稀松平常的一个视频吗？在上升什么呢？,1763143419,40665898,0.1931623178209203,-0.6136753643581594,29385723
BV1TZk2BEEdz,评论区找到的,1763218860,3494373459233265,0.33013687011580317,-0.33972625976839366,29386981
BV1TZk2BEEdz,没留联系方式[暖暖十周年_哈哈哈]不然要被私信爆了,1762917067,157627989,0.9975780310085645,0.9951560620171289,29381951
BV1TZk2BEEdz,谁编辑的百度百科[笑哭],1763021913,442971876,0.9890871499104519,0.9781742998209038,29383698
BV1TZk2BEEdz,猜猜我在Edge主页上看到了什么[抠鼻],1763187450,392703798,0.04612139431819784,-0.9077572113636043,29386457
BV1TZk2BEEdz,正常人看到这乐呵一下就过去了，有些别有用心的人不好说[嘘声],1763047941,603295302,0.23435879518842562,-0.5312824096231488,29384132
BV1TZk2BEEdz,很明显有人要搞死影视飓风啊,1763041748,9322113,0.013941660636509923,-0.9721166787269802,29384029
BV1TZk2BEEdz,第一次在QA的时候粉丝没有增加100w以上[doge],1762916580,628199107,0.5741028240675418,0.14820564813508352,29381943
BV1TZk2BEEdz,tim这个事就完全反应出了一个问题，中文互联网完了，啥事都能上纲上线,1763105620,59630079,0.9553045121589062,0.9106090243178124,29385093
BV1TZk2BEEdz,tim相亲这个视频，占这期视频的十分之一都不到，一分来钟给大伙整个活的内容，你非要上升到“消费苦难”，是不是内容都不看完就开始自己反思上了。远看明星古力娜扎黄子韬，近看本站的boy九龄，也去过相亲角，做了你们所说的“扮猪吃老虎”怎么就能被原谅了？你自己一辈子都不可能去的相亲角怎么自己开始维护了,1763053892,37098340,0.9989352735600111,0.9978705471200222,29384231
BV1TZk2BEEdz,支持影视飓风告倒红星新闻，我一定要看到这个的后续！！！！[奋斗],1763046828,303913574,0.8684592350351541,0.7369184700703082,29384113
BV1TZk2BEEdz,"回应这条Q&A：炒作
不回应Q&A：傲慢
往实际方向写：装x
往保守方向写：虚伪
正经搞：压抑
纯整活：捣乱

🎩工厂这一块[吃瓜]",1763109840,241252615,0.005689312290453552,-0.9886213754190929,29385164
BV1TZk2BEEdz,顶我上去，红星新闻，当年刘学州事件里边不分青红皂白，听刘学洲父母的一面之词，恶意造谣抹黑一个孩子，大搞春秋笔法，结果最后导致刘学洲承受不住网暴跳楼自杀，这个事我记忆犹新……..,1763167483,394525114,0.9999999776526978,0.9999999553053955,29386124
BV1TZk2BEEdz,"不是，这网络环境真让人无语，相亲那里本就图一乐，用来搞笑的。我想着tim都把离异写进去了，是拿着自己的痛处在自嘲，还有点心疼。
看完视频没觉得任何问题，怎么第二天起来出来这么多带节奏的妖魔鬼怪，明显是有媒体别有用心，看到上面红星新闻那层评论大概明白了。
怎么会有这么多没脑子的人这么容易被带节奏洗脑？以后卖你们保健品",1763085395,650063649,0.9434038977435448,0.8868077954870897,29384756
BV1TZk2BEEdz,就这么一小段就被骂成这样？？？[热词系列_啊?],1763169875,9538686,0.7706991113094193,0.5413982226188385,29386164
BV1TZk2BEEdz,1500wQA：起诉一回营销号[doge],1763161970,5958319,0.16862801630069335,-0.6627439673986133,29386032
BV1TZk2BEEdz,我也来教营销号怎么做↓,1763317197,13065764,0.3627075957841501,-0.27458480843169975,29388619
BV1TZk2BEEdz,怪不得我一直觉得tim这么眼熟，原来他是我的小学同学，我们一直叫他外号潘天鸟来着[惊讶][惊讶][惊讶],1762918698,261192601,0.9987353141079024,0.9974706282158048,29381978
BV1TZk2BEEdz,起初，人们都以为这只是一个普通的评论...[笑哭],1763168284,639334788,0.9676497456079536,0.9352994912159072,29386138
BV1TZk2BEEdz,[doge_金箍][doge_金箍][doge_金箍],1763429840,16149711,0.8033696567488217,0.6067393134976433,29390497
BV1TZk2BEEdz,其实我没太搞懂相亲角的争议到底在哪里？这不是一个很搞笑，很稀松平常的一个视频吗？在上升什么呢？,1763143419,40665898,0.1931623178209203,-0.6136753643581594,29385723
BV1TZk2BEEdz,评论区找到的,1763218860,3494373459233265,0.33013687011580317,-0.33972625976839366,29386981
BV1TZk2BEEdz,没留联系方式[暖暖十周年_哈哈哈]不然要被私信爆了,1762917067,157627989,0.9975780310085645,0.9951560620171289,29381951
BV1TZk2BEEdz,谁编辑的百度百科[笑哭],1763021913,442971876,0.9890871499104519,0.9781742998209038,29383698
BV1TZk2BEEdz,猜猜我在Edge主页上看到了什么[抠鼻],1763187450,392703798,0.04612139431819784,-0.9077572113636043,29386457
BV1TZk2BEEdz,正常人看到这乐呵一下就过去了，有些别有用心的人不好说[嘘声],1763047941,603295302,0.23435879518842562,-0.5312824096231488,29384132
BV1TZk2BEEdz,很明显有人要搞死影视飓风啊,1763041748,9322113,0.013941660636509923,-0.9721166787269802,29384029
BV1TZk2BEEdz,第一次在QA的时候粉丝没有增加100w以上[doge],1762916580,628199107,0.5741028240675418,0.14820564813508352,29381943
BV1TZk2BEEdz,tim这个事就完全反应出了一个问题，中文互联网完了，啥事都能上纲上线,1763105620,59630079,0.9553045121589062,0.9106090243178124,29385093
BV1TZk2BEEdz,tim相亲这个视频，占这期视频的十分之一都不到，一分来钟给大伙整个活的内容，你非要上升到“消费苦难”，是不是内容都不看完就开始自己反思上了。远看明星古力娜扎黄子韬，近看本站的boy九龄，也去过相亲角，做了你们所说的“扮猪吃老虎”怎么就能被原谅了？你自己一辈子都不可能去的相亲角怎么自己开始维护了,1763053892,37098340,0.9989352735600111,0.9978705471200222,29384231
BV1TZk2BEEdz,支持影视飓风告倒红星新闻，我一定要看到这个的后续！！！！[奋斗],1763046828,303913574,0.8684592350351541,0.7369184700703082,29384113
BV1TZk2BEEdz,"回应这条Q&A：炒作
不回应Q&A：傲慢
往实际方向写：装x
往保守方向写：虚伪
正经搞：压抑
纯整活：捣乱

🎩工厂这一块[吃瓜]",1763109840,241252615,0.005689312290453552,-0.9886213754190929,29385164
BV1TZk2BEEdz,顶我上去，红星新闻，当年刘学州事件里边不分青红皂白，听刘学洲父母的一面之词，恶意造谣抹黑一个孩子，大搞春秋笔法，结果最后导致刘学洲承受不住网暴跳楼自杀，这个事我记忆犹新……..,1763167483,394525114,0.9999999776526978,0.9999999553053955,29386124
BV1TZk2BEEdz,"不是，这网络环境真让人无语，相亲那里本就图一乐，用来搞笑的。我想着tim都把离异写进去了，是拿着自己的痛处在自嘲，还有点心疼。
看完视频没觉得任何问题，怎么第二天起来出来这么多带节奏的妖魔鬼怪，明显是有媒体别有用心，看到上面红星新闻那层评论大概明白了。
怎么会有这么多没脑子的人这么容易被带节奏洗脑？以后卖你们保健品",1763085395,650063649,0.9434038977435448,0.8868077954870897,29384756
BV1TZk2BEEdz,就这么一小段就被骂成这样？？？[热词系列_啊?],1763169875,9538686,0.7706991113094193,0.5413982226188385,29386164
BV1TZk2BEEdz,1500wQA：起诉一回营销号[doge],1763161970,5958319,0.16862801630069335,-0.6627439673986133,29386032
BV1TZk2BEEdz,我也来教营销号怎么做↓,1763317197,13065764,0.3627075957841501,-0.27458480843169975,29388619
BV1TZk2BEEdz,怪不得我一直觉得tim这么眼熟，原来他是我的小学同学，我们一直叫他外号潘天鸟来着[惊讶][惊讶][惊讶],1762918698,261192601,0.9987353141079024,0.9974706282158048,29381978
BV1TZk2BEEdz,起初，人们都以为这只是一个普通的评论...[笑哭],1763168284,639334788,0.9676497456079536,0.9352994912159072,29386138
BV1TZk2BEEdz,[doge_金箍][doge_金箍][doge_金箍],1763429840,16149711,0.8033696567488217,0.6067393134976433,29390497
BV1TZk2BEEdz,其实我没太搞懂相亲角的争议到底在哪里？这不是一个很搞笑，很稀松平常的一个视频吗？在上升什么呢？,1763143419,40665898,0.1931623178209203,-0.6136753643581594,29385723
BV1TZk2BEEdz,评论区找到的,1763218860,3494373459233265,0.33013687011580317,-0.33972625976839366,29386981
BV1TZk2BEEdz,没留联系方式[暖暖十周年_哈哈哈]不然要被私信爆了,1762917067,157627989,0.9975780310085645,0.9951560620171289,29381951
BV1TZk2BEEdz,谁编辑的百度百科[笑哭],1763021913,442971876,0.9890871499104519,0.9781742998209038,29383698
BV1TZk2BEEdz,猜猜我在Edge主页上看到了什么[抠鼻],1763187450,392703798,0.04612139431819784,-0.9077572113636043,29386457
BV1TZk2BEEdz,正常人看到这乐呵一下就过去了，有些别有用心的人不好说[嘘声],1763047941,603295302,0.23435879518842562,-0.5312824096231488,29384132
BV1TZk2BEEdz,很明显有人要搞死影视飓风啊,1763041748,9322113,0.013941660636509923,-0.9721166787269802,29384029
BV1TZk2BEEdz,第一次在QA的时候粉丝没有增加100w以上[doge],1762916580,628199107,0.5741028240675418,0.14820564813508352,29381943
BV1TZk2BEEdz,tim这个事就完全反应出了一个问题，中文互联网完了，啥事都能上纲上线,1763105620,59630079,0.9553045121589062,0.9106090243178124,29385093
BV1TZk2BEEdz,tim相亲这个视频，占这期视频的十分之一都不到，一分来钟给大伙整个活的内容，你非要上升到“消费苦难”，是不是内容都不看完就开始自己反思上了。远看明星古力娜扎黄子韬，近看本站的boy九龄，也去过相亲角，做了你们所说的“扮猪吃老虎”怎么就能被原谅了？你自己一辈子都不可能去的相亲角怎么自己开始维护了,1763053892,37098340,0.9989352735600111,0.9978705471200222,29384231
BV1TZk2BEEdz,支持影视飓风告倒红星新闻，我一定要看到这个的后续！！！！[奋斗],1763046828,303913574,0.8684592350351541,0.7369184700703082,29384113
BV1TZk2BEEdz,"回应这条Q&A：炒作
不回应Q&A：傲慢
往实际方向写：装x
往保守方向写：虚伪
正经搞：压抑
纯整活：捣乱

🎩工厂这一块[吃瓜]",1763109840,241252615,0.005689312290453552,-0.9886213754190929,29385164
BV1TZk2BEEdz,顶我上去，红星新闻，当年刘学州事件里边不分青红皂白，听刘学洲父母的一面之词，恶意造谣抹黑一个孩子，大搞春秋笔法，结果最后导致刘学洲承受不住网暴跳楼自杀，这个事我记忆犹新……..,1763167483,394525114,0.9999999776526978,0.9999999553053955,29386124
BV1TZk2BEEdz,"不是，这网络环境真让人无语，相亲那里本就图一乐，用来搞笑的。我想着tim都把离异写进去了，是拿着自己的痛处在自嘲，还有点心疼。
看完视频没觉得任何问题，怎么第二天起来出来这么多带节奏的妖魔鬼怪，明显是有媒体别有用心，看到上面红星新闻那层评论大概明白了。
怎么会有这么多没脑子的人这么容易被带节奏洗脑？以后卖你们保健品",1763085395,650063649,0.9434038977435448,0.8868077954870897,29384756
BV1TZk2BEEdz,就这么一小段就被骂成这样？？？[热词系列_啊?],1763169875,9538686,0.7706991113094193,0.5413982226188385,29386164
BV1TZk2BEEdz,1500wQA：起诉一回营销号[doge],1763161970,5958319,0.16862801630069335,-0.6627439673986133,29386032
BV1TZk2BEEdz,我也来教营销号怎么做↓,1763317197,13065764,0.3627075957841501,-0.27458480843169975,29388619
BV1TZk2BEEdz,怪不得我一直觉得tim这么眼熟，原来他是我的小学同学，我们一直叫他外号潘天鸟来着[惊讶][惊讶][惊讶],1762918698,261192601,0.9987353141079024,0.9974706282158048,29381978
BV1TZk2BEEdz,起初，人们都以为这只是一个普通的评论...[笑哭],1763168284,639334788,0.9676497456079536,0.9352994912159072,29386138
BV1TZk2BEEdz,[doge_金箍][doge_金箍][doge_金箍],1763429840,16149711,0.8033696567488217,0.6067393134976433,29390497
BV1TZk2BEEdz,其实我没太搞懂相亲角的争议到底在哪里？这不是一个很搞笑，很稀松平常的一个视频吗？在上升什么呢？,1763143419,40665898,0.1931623178209203,-0.6136753643581594,29385723
BV1TZk2BEEdz,评论区找到的,1763218860,3494373459233265,0.33013687011580317,-0.33972625976839366,29386981
BV1TZk2BEEdz,没留联系方式[暖暖十周年_哈哈哈]不然要被私信爆了,1762917067,157627989,0.9975780310085645,0.9951560620171289,29381951
BV1TZk2BEEdz,谁编辑的百度百科[笑哭],1763021913,442971876,0.9890871499104519,0.9781742998209038,29383698
BV1TZk2BEEdz,猜猜我在Edge主页上看到了什么[抠鼻],1763187450,392703798,0.04612139431819784,-0.9077572113636043,29386457
BV1TZk2BEEdz,正常人看到这乐呵一下就过去了，有些别有用心的人不好说[嘘声],1763047941,603295302,0.23435879518842562,-0.5312824096231488,29384132
BV1TZk2BEEdz,很明显有人要搞死影视飓风啊,1763041748,9322113,0.013941660636509923,-0.9721166787269802,29384029
BV1TZk2BEEdz,第一次在QA的时候粉丝没有增加100w以上[doge],1762916580,628199107,0.5741028240675418,0.14820564813508352,29381943
BV1TZk2BEEdz,tim这个事就完全反应出了一个问题，中文互联网完了，啥事都能上纲上线,1763105620,59630079,0.9553045121589062,0.9106090243178124,29385093
BV1TZk2BEEdz,tim相亲这个视频，占这期视频的十分之一都不到，一分来钟给大伙整个活的内容，你非要上升到“消费苦难”，是不是内容都不看完就开始自己反思上了。远看明星古力娜扎黄子韬，近看本站的boy九龄，也去过相亲角，做了你们所说的“扮猪吃老虎”怎么就能被原谅了？你自己一辈子都不可能去的相亲角怎么自己开始维护了,1763053892,37098340,0.9989352735600111,0.9978705471200222,29384231
BV1TZk2BEEdz,支持影视飓风告倒红星新闻，我一定要看到这个的后续！！！！[奋斗],1763046828,303913574,0.8684592350351541,0.7369184700703082,29384113
BV1TZk2BEEdz,"回应这条Q&A：炒作
不回应Q&A：傲慢
往实际方向写：装x
往保守方向写：虚伪
正经搞：压抑
纯整活：捣乱

🎩工厂这一块[吃瓜]",1763109840,241252615,0.005689312290453552,-0.9886213754190929,29385164
BV1TZk2BEEdz,顶我上去，红星新闻，当年刘学州事件里边不分青红皂白，听刘学洲父母的一面之词，恶意造谣抹黑一个孩子，大搞春秋笔法，结果最后导致刘学洲承受不住网暴跳楼自杀，这个事我记忆犹新……..,1763167483,394525114,0.9999999776526978,0.9999999553053955,29386124
BV1TZk2BEEdz,"不是，这网络环境真让人无语，相亲那里本就图一乐，用来搞笑的。我想着tim都把离异写进去了，是拿着自己的痛处在自嘲，还有点心疼。
看完视频没觉得任何问题，怎么第二天起来出来这么多带节奏的妖魔鬼怪，明显是有媒体别有用心，看到上面红星新闻那层评论大概明白了。
怎么会有这么多没脑子的人这么容易被带节奏洗脑？以后卖你们保健品",1763085395,650063649,0.9434038977435448,0.8868077954870897,29384756
BV1TZk2BEEdz,就这么一小段就被骂成这样？？？[热词系列_啊?],1763169875,9538686,0.7706991113094193,0.5413982226188385,29386164
BV1TZk2BEEdz,1500wQA：起诉一回营销号[doge],1763161970,5958319,0.16862801630069335,-0.6627439673986133,29386032
BV1TZk2BEEdz,我也来教营销号怎么做↓,1763317197,13065764,0.3627075957841501,-0.27458480843169975,29388619
BV1TZk2BEEdz,怪不得我一直觉得tim这么眼熟，原来他是我的小学同学，我们一直叫他外号潘天鸟来着[惊讶][惊讶][惊讶],1762918698,261192601,0.9987353141079024,0.9974706282158048,29381978
BV1TZk2BEEdz,起初，人们都以为这只是一个普通的评论...[笑哭],1763168284,639334788,0.9676497456079536,0.9352994912159072,29386138
BV1TZk2BEEdz,[doge_金箍][doge_金箍][doge_金箍],1763429840,16149711,0.8033696567488217,0.6067393134976433,29390497
BV1TZk2BEEdz,其实我没太搞懂相亲角的争议到底在哪里？这不是一个很搞笑，很稀松平常的一个视频吗？在上升什么呢？,1763143419,40665898,0.1931623178209203,-0.6136753643581594,29385723
BV1TZk2BEEdz,评论区找到的,1763218860,3494373459233265,0.33013687011580317,-0.33972625976839366,29386981
BV1TZk2BEEdz,没留联系方式[暖暖十周年_哈哈哈]不然要被私信爆了,1762917067,157627989,0.9975780310085645,0.9951560620171289,29381951
BV1TZk2BEEdz,谁编辑的百度百科[笑哭],1763021913,442971876,0.9890871499104519,0.9781742998209038,29383698
BV1TZk2BEEdz,猜猜我在Edge主页上看到了什么[抠鼻],1763187450,392703798,0.04612139431819784,-0.9077572113636043,29386457
BV1TZk2BEEdz,正常人看到这乐呵一下就过去了，有些别有用心的人不好说[嘘声],1763047941,603295302,0.23435879518842562,-0.5312824096231488,29384132
BV1TZk2BEEdz,很明显有人要搞死影视飓风啊,1763041748,9322113,0.013941660636509923,-0.9721166787269802,29384029
BV1TZk2BEEdz,第一次在QA的时候粉丝没有增加100w以上[doge],1762916580,628199107,0.5741028240675418,0.14820564813508352,29381943
BV1TZk2BEEdz,tim这个事就完全反应出了一个问题，中文互联网完了，啥事都能上纲上线,1763105620,59630079,0.9553045121589062,0.9106090243178124,29385093
BV1TZk2BEEdz,tim相亲这个视频，占这期视频的十分之一都不到，一分来钟给大伙整个活的内容，你非要上升到“消费苦难”，是不是内容都不看完就开始自己反思上了。远看明星古力娜扎黄子韬，近看本站的boy九龄，也去过相亲角，做了你们所说的“扮猪吃老虎”怎么就能被原谅了？你自己一辈子都不可能去的相亲角怎么自己开始维护了,1763053892,37098340,0.9989352735600111,0.9978705471200222,29384231
BV1TZk2BEEdz,支持影视飓风告倒红星新闻，我一定要看到这个的后续！！！！[奋斗],1763046828,303913574,0.8684592350351541,0.7369184700703082,29384113
BV1TZk2BEEdz,"回应这条Q&A：炒作
不回应Q&A：傲慢
往实际方向写：装x
往保守方向写：虚伪
正经搞：压抑
纯整活：捣乱

🎩工厂这一块[吃瓜]",1763109840,241252615,0.005689312290453552,-0.9886213754190929,29385164
BV1TZk2BEEdz,顶我上去，红星新闻，当年刘学州事件里边不分青红皂白，听刘学洲父母的一面之词，恶意造谣抹黑一个孩子，大搞春秋笔法，结果最后导致刘学洲承受不住网暴跳楼自杀，这个事我记忆犹新……..,1763167483,394525114,0.9999999776526978,0.9999999553053955,29386124
BV1TZk2BEEdz,"不是，这网络环境真让人无语，相亲那里本就图一乐，用来搞笑的。我想着tim都把离异写进去了，是拿着自己的痛处在自嘲，还有点心疼。
看完视频没觉得任何问题，怎么第二天起来出来这么多带节奏的妖魔鬼怪，明显是有媒体别有用心，看到上面红星新闻那层评论大概明白了。
怎么会有这么多没脑子的人这么容易被带节奏洗脑？以后卖你们保健品",1763085395,650063649,0.9434038977435448,0.8868077954870897,29384756
BV1TZk2BEEdz,就这么一小段就被骂成这样？？？[热词系列_啊?],1763169875,9538686,0.7706991113094193,0.5413982226188385,29386164
BV1TZk2BEEdz,1500wQA：起诉一回营销号[doge],1763161970,5958319,0.16862801630069335,-0.6627439673986133,29386032
BV1TZk2BEEdz,我也来教营销号怎么做↓,1763317197,13065764,0.3627075957841501,-0.27458480843169975,29388619
BV1TZk2BEEdz,怪不得我一直觉得tim这么眼熟，原来他是我的小学同学，我们一直叫他外号潘天鸟来着[惊讶][惊讶][惊讶],1762918698,261192601,0.9987353141079024,0.9974706282158048,29381978
BV1TZk2BEEdz,起初，人们都以为这只是一个普通的评论...[笑哭],1763168284,639334788,0.9676497456079536,0.9352994912159072,29386138
BV1TZk2BEEdz,[doge_金箍][doge_金箍][doge_金箍],1763429840,16149711,0.8033696567488217,0.6067393134976433,29390497
BV1TZk2BEEdz,其实我没太搞懂相亲角的争议到底在哪里？这不是一个很搞笑，很稀松平常的一个视频吗？在上升什么呢？,1763143419,40665898,0.1931623178209203,-0.6136753643581594,29385723
BV1TZk2BEEdz,评论区找到的,1763218860,3494373459233265,0.33013687011580317,-0.33972625976839366,29386981
BV1TZk2BEEdz,没留联系方式[暖暖十周年_哈哈哈]不然要被私信爆了,1762917067,157627989,0.9975780310085645,0.9951560620171289,29381951
BV1TZk2BEEdz,谁编辑的百度百科[笑哭],1763021913,442971876,0.9890871499104519,0.9781742998209038,29383698
BV1TZk2BEEdz,猜猜我在Edge主页上看到了什么[抠鼻],1763187450,392703798,0.04612139431819784,-0.9077572113636043,29386457
BV1TZk2BEEdz,正常人看到这乐呵一下就过去了，有些别有用心的人不好说[嘘声],1763047941,603295302,0.23435879518842562,-0.5312824096231488,29384132
BV1TZk2BEEdz,很明显有人要搞死影视飓风啊,1763041748,9322113,0.013941660636509923,-0.9721166787269802,29384029
BV1TZk2BEEdz,第一次在QA的时候粉丝没有增加100w以上[doge],1762916580,628199107,0.5741028240675418,0.14820564813508352,29381943
BV1TZk2BEEdz,tim这个事就完全反应出了一个问题，中文互联网完了，啥事都能上纲上线,1763105620,59630079,0.9553045121589062,0.9106090243178124,29385093
BV1TZk2BEEdz,tim相亲这个视频，占这期视频的十分之一都不到，一分来钟给大伙整个活的内容，你非要上升到“消费苦难”，是不是内容都不看完就开始自己反思上了。远看明星古力娜扎黄子韬，近看本站的boy九龄，也去过相亲角，做了你们所说的“扮猪吃老虎”怎么就能被原谅了？你自己一辈子都不可能去的相亲角怎么自己开始维护了,1763053892,37098340,0.9989352735600111,0.9978705471200222,29384231
BV1TZk2BEEdz,支持影视飓风告倒红星新闻，我一定要看到这个的后续！！！！[奋斗],1763046828,303913574,0.8684592350351541,0.7369184700703082,29384113
BV1TZk2BEEdz,"回应这条Q&A：炒作
不回应Q&A：傲慢
往实际方向写：装x
往保守方向写：虚伪
正经搞：压抑
纯整活：捣乱

🎩工厂这一块[吃瓜]",1763109840,241252615,0.005689312290453552,-0.9886213754190929,29385164
BV1TZk2BEEdz,顶我上去，红星新闻，当年刘学州事件里边不分青红皂白，听刘学洲父母的一面之词，恶意造谣抹黑一个孩子，大搞春秋笔法，结果最后导致刘学洲承受不住网暴跳楼自杀，这个事我记忆犹新……..,1763167483,394525114,0.9999999776526978,0.9999999553053955,29386124
BV1TZk2BEEdz,"不是，这网络环境真让人无语，相亲那里本就图一乐，用来搞笑的。我想着tim都把离异写进去了，是拿着自己的痛处在自嘲，还有点心疼。
看完视频没觉得任何问题，怎么第二天起来出来这么多带节奏的妖魔鬼怪，明显是有媒体别有用心，看到上面红星新闻那层评论大概明白了。
怎么会有这么多没脑子的人这么容易被带节奏洗脑？以后卖你们保健品",1763085395,650063649,0.9434038977435448,0.8868077954870897,29384756
BV1TZk2BEEdz,就这么一小段就被骂成这样？？？[热词系列_啊?],1763169875,9538686,0.7706991113094193,0.5413982226188385,29386164
BV1TZk2BEEdz,1500wQA：起诉一回营销号[doge],1763161970,5958319,0.16862801630069335,-0.6627439673986133,29386032
BV1TZk2BEEdz,我也来教营销号怎么做↓,1763317197,13065764,0.3627075957841501,-0.27458480843169975,29388619
BV1TZk2BEEdz,怪不得我一直觉得tim这么眼熟，原来他是我的小学同学，我们一直叫他外号潘天鸟来着[惊讶][惊讶][惊讶],1762918698,261192601,0.9987353141079024,0.9974706282158048,29381978
BV1TZk2BEEdz,起初，人们都以为这只是一个普通的评论...[笑哭],1763168284,639334788,0.9676497456079536,0.9352994912159072,29386138
BV1TZk2BEEdz,[doge_金箍][doge_金箍][doge_金箍],1763429840,16149711,0.8033696567488217,0.6067393134976433,29390497
BV1TZk2BEEdz,其实我没太搞懂相亲角的争议到底在哪里？这不是一个很搞笑，很稀松平常的一个视频吗？在上升什么呢？,1763143419,40665898,0.1931623178209203,-0.6136753643581594,29385723
BV1TZk2BEEdz,评论区找到的,1763218860,3494373459233265,0.33013687011580317,-0.33972625976839366,29386981
BV1TZk2BEEdz,没留联系方式[暖暖十周年_哈哈哈]不然要被私信爆了,1762917067,157627989,0.9975780310085645,0.9951560620171289,29381951
BV1TZk2BEEdz,谁编辑的百度百科[笑哭],1763021913,442971876,0.9890871499104519,0.9781742998209038,29383698
BV1TZk2BEEdz,猜猜我在Edge主页上看到了什么[抠鼻],1763187450,392703798,0.04612139431819784,-0.9077572113636043,29386457
BV1TZk2BEEdz,正常人看到这乐呵一下就过去了，有些别有用心的人不好说[嘘声],1763047941,603295302,0.23435879518842562,-0.5312824096231488,29384132
BV1eU1vBiEqh,超级感谢Tim和影视飓风的各位小伙伴！真的超级荣幸！！这一切都好像一场梦…这种感觉也实在是难以言喻的不真实…3年前，刚回村的我连相机都还不会用，那个冬天我时常蹲在柴火炉子旁一边热菜吃一边看影视飓风的布光和视频教程，很久很久以来在方方面面的我都将Tim视为一位导师、榜样和目标，从影视飓风我学到了太多太多！只是，一个屏幕里，一个屏幕外，是很遥远的距离…但是！没想到在后来我们居然成为了朋友，彼此世界居然有了交集，再后来的前几天，Tim居然来到了我这个偏远的地方来了解我的故事！这一切真的太梦幻了！我的词汇量已经完全不知道该如何表达了…真的感谢Tim…感谢影视飓风的小伙伴们…我会抓紧更新的做出更多更好的内容的哈哈！大家一起勇往直前！无限进步！！！,1762172740,431956189,0.9999598087426192,0.9999196174852385,29369545
BV1eU1vBiEqh,"阿宇能够走出来其实把主流悲观和极端言论全部证伪了一遍。
所以人也不是一定要很有钱，才能实现那些叹为观止的壮举。
所以人也不是一定要高学历，才能完成那些复杂且漫长的工程学项目。
所以人也不是一定要财富自由，才能追求自己想要的生活方式。",1762172828,375675678,0.9984058883504466,0.9968117767008933,29369547
BV1eU1vBiEqh,阿宇好适合20世纪那个航空业迸发的年代啊，眼里有光，总感觉在平行的1920s时空里他会有自己的工厂，建立自己的飞机制造公司，然后成为航空业巨头。波音也是从小作坊开始的,1762265007,30389807,0.9958527150422916,0.9917054300845831,29371083
BV1eU1vBiEqh,“有些鸟儿是不会被困在笼子里的，因为它们的每一支羽毛都闪烁着自由的光辉”,1762229680,396817702,0.9987230469677457,0.9974460939354914,29370494
BV1eU1vBiEqh,感觉tim真的有品味，能关注到阿宇还能有一起的企划，真的牛逼，执行力和判断力很顶级,1762215571,2310692,0.9999623617555933,0.9999247235111866,29370259
BV1eU1vBiEqh,"17:18 
这一刻想到了《小王子》的作者埃克苏佩里。
他是飞行员也很情怀，书中的小王子去过很多星球",1762183862,3546725629299292,0.9999988874954795,0.999997774990959,29369731
BV1eU1vBiEqh,太厉害了，我不知道谁能懂，这个时代好像没有见到过奇幻小说里的那种“飞屋环游”探险家，从小到大热爱成为的科学家，我总觉得这太棒了,1762344039,39848339,0.9989670348316397,0.9979340696632795,29372400
BV1eU1vBiEqh,我想这就是新时代所带来的无限可能，一个年轻人可以因为将自己的行动拍成视频而得到很多人的关注，甚至得到投资去完成他的梦想，这就是这个新的时代给有梦想的人带来的便利。中国的年轻人一代比一代有想象力，因为他们的环境变了。一团火遇到了一束光，就有了希望,1762182569,326738536,0.9999999999883851,0.9999999999767701,29369709
BV1eU1vBiEqh,影视飓风已经做到这么大的体量了，相信tim在看到阿宇这朵在山间开出的理想之花时也会触动吧。感觉影视飓风可以试着投资一些像阿宇一样富有野心与想象力的up主，因为像阿宇这类内容在b站上很少很少，真不希望他哪天因为资金问题不得不停更。也祝愿阿宇在接下来作品的拍摄过程中能够一帆风顺，祝愿影视飓风越来越好。,1762171032,435491726,0.9621921258067255,0.9243842516134511,29369517
BV1eU1vBiEqh,我看到了一个眼里有光的年轻人，谈及所爱抑制不住的兴奋，小小的房间里边包含了一个微缩的广阔天地。看视频的我，备受感动，乐观、勇敢、无所畏惧，这才是生活原本该有的样子啊。,1762185579,264411010,0.999999999828034,0.999999999656068,29369759
BV1eU1vBiEqh,这个视频让我看到了，人生不仅仅只有学习这一条出路，完成梦想勇敢去做更是一场无畏的旅行！,1762339509,3546734902905681,0.999996385496478,0.9999927709929559,29372325
BV1eU1vBiEqh,这就是英雄见英雄啊，能看得出来tim很欣赏阿宇，想用自己的方式去给他带来点正向的帮助而不是简单的收编，希望两人都能无限进步吧,1762189410,13018678,0.9993148760344405,0.9986297520688809,29369823
BV1eU1vBiEqh,我14岁的时候在杭州湾玩命拍鸟（没带action记录）被潮水陷废过佳能r3，在连云港的照片已经入围中国野生生物影像年赛青少年组决赛[打call][惊讶],1762178803,3546647088859352,0.9999638769127637,0.9999277538255273,29369646
BV1eU1vBiEqh,影视飓风的几个转折点都是与太空有关，所以tim应该比任何人都要看好这个年轻人,1762230946,345889013,0.26019716572430307,-0.47960566855139386,29370515
BV1eU1vBiEqh,幼儿园毕业的时候关于梦想那一栏我画了架直升机，我并不擅长应试教育“梦想”这个词也逐渐离我远去。但在各种各样的风云际会下还是走进了飞行事业，没能成为飞行员倒是成为了机务人员。所以阿宇您一定可以靠自己的努力禾使用自己的力量享受飞行的魅力，最后借用百岁山老师的一段:话飞行可以看到风的姿态，能触碰空气的温度，脚底下的土地，身上的汗。慢慢的，快速的，激烈的，优雅的。都不断的推着我向前进步，那么无限进步!,1762180568,14364054,0.9999999999997766,0.9999999999995532,29369676
BV1eU1vBiEqh,"“只有在做这些的时候，我才感觉自己是活着的”——影视飓风访谈
“多姆，你的人生只有前面的四分之一英里，在这10秒里，你只做你自己”——电影 速度与激情",1762270106,15455228,0.9996035930908334,0.9992071861816667,29371168
BV1eU1vBiEqh,这就是国内全产业链工业克苏鲁的实力啊，所有模块都能找到，便宜还好用,1762274580,16634101,0.9927340267732939,0.9854680535465878,29371243
BV1eU1vBiEqh,同航模/飞行爱好者，很荣幸和大佬飞过同一片天空，或许没有像大佬一样有魄力有能力，但感觉自己敢踏出这一步就很厉害了，或许一步步下去也可以去到这样的高度,1762171729,45066233,0.99985903067628,0.99971806135256,29369528
BV1eU1vBiEqh,看的眼睛尿尿了[大哭]怎么会有如此纯粹的追求自己梦想的人。不顾生活条件的艰难，能够克服人生中遇到的各种困难，永葆赤子之心的追寻着自己的梦想……(虽然视频很短阿宇也并没有诉说自己遇到的各种困难，但是从很多细节可以感知到),1762172374,385277277,0.9999997238722397,0.9999994477444794,29369539
BV1eU1vBiEqh,贫苦，才华，超强的执行力，以及向死而生的勇气，在做自己喜欢的事情会有源源不断的动力，或许我们也真如TIM的疑问，到底是喜欢飞才做的视频，还是为了做视频才喜欢飞，这种世俗的疑问一次次笼罩着我们，逐渐了丢失，放弃自己曾热爱的事物，可是当你想重新捡起来的时候，却早已有心无力，所以，一定一定不要让年轻的自己丧失希望。,1762230172,11914723,0.9999999985801737,0.9999999971603475,29370502
BV1eU1vBiEqh,超级感谢Tim和影视飓风的各位小伙伴！真的超级荣幸！！这一切都好像一场梦…这种感觉也实在是难以言喻的不真实…3年前，刚回村的我连相机都还不会用，那个冬天我时常蹲在柴火炉子旁一边热菜吃一边看影视飓风的布光和视频教程，很久很久以来在方方面面的我都将Tim视为一位导师、榜样和目标，从影视飓风我学到了太多太多！只是，一个屏幕里，一个屏幕外，是很遥远的距离…但是！没想到在后来我们居然成为了朋友，彼此世界居然有了交集，再后来的前几天，Tim居然来到了我这个偏远的地方来了解我的故事！这一切真的太梦幻了！我的词汇量已经完全不知道该如何表达了…真的感谢Tim…感谢影视飓风的小伙伴们…我会抓紧更新的做出更多更好的内容的哈哈！大家一起勇往直前！无限进步！！！,1762172740,431956189,0.9999598087426192,0.9999196174852385,29369545
BV1eU1vBiEqh,"阿宇能够走出来其实把主流悲观和极端言论全部证伪了一遍。
所以人也不是一定要很有钱，才能实现那些叹为观止的壮举。
所以人也不是一定要高学历，才能完成那些复杂且漫长的工程学项目。
所以人也不是一定要财富自由，才能追求自己想要的生活方式。",1762172828,375675678,0.9984058883504466,0.9968117767008933,29369547
BV1eU1vBiEqh,阿宇好适合20世纪那个航空业迸发的年代啊，眼里有光，总感觉在平行的1920s时空里他会有自己的工厂，建立自己的飞机制造公司，然后成为航空业巨头。波音也是从小作坊开始的,1762265007,30389807,0.9958527150422916,0.9917054300845831,29371083
BV1eU1vBiEqh,“有些鸟儿是不会被困在笼子里的，因为它们的每一支羽毛都闪烁着自由的光辉”,1762229680,396817702,0.9987230469677457,0.9974460939354914,29370494
BV1eU1vBiEqh,感觉tim真的有品味，能关注到阿宇还能有一起的企划，真的牛逼，执行力和判断力很顶级,1762215571,2310692,0.9999623617555933,0.9999247235111866,29370259
BV1eU1vBiEqh,"17:18 
这一刻想到了《小王子》的作者埃克苏佩里。
他是飞行员也很情怀，书中的小王子去过很多星球",1762183862,3546725629299292,0.9999988874954795,0.999997774990959,29369731
BV1eU1vBiEqh,太厉害了，我不知道谁能懂，这个时代好像没有见到过奇幻小说里的那种“飞屋环游”探险家，从小到大热爱成为的科学家，我总觉得这太棒了,1762344039,39848339,0.9989670348316397,0.9979340696632795,29372400
BV1eU1vBiEqh,我想这就是新时代所带来的无限可能，一个年轻人可以因为将自己的行动拍成视频而得到很多人的关注，甚至得到投资去完成他的梦想，这就是这个新的时代给有梦想的人带来的便利。中国的年轻人一代比一代有想象力，因为他们的环境变了。一团火遇到了一束光，就有了希望,1762182569,326738536,0.9999999999883851,0.9999999999767701,29369709
BV1eU1vBiEqh,影视飓风已经做到这么大的体量了，相信tim在看到阿宇这朵在山间开出的理想之花时也会触动吧。感觉影视飓风可以试着投资一些像阿宇一样富有野心与想象力的up主，因为像阿宇这类内容在b站上很少很少，真不希望他哪天因为资金问题不得不停更。也祝愿阿宇在接下来作品的拍摄过程中能够一帆风顺，祝愿影视飓风越来越好。,1762171032,435491726,0.9621921258067255,0.9243842516134511,29369517
BV1eU1vBiEqh,我看到了一个眼里有光的年轻人，谈及所爱抑制不住的兴奋，小小的房间里边包含了一个微缩的广阔天地。看视频的我，备受感动，乐观、勇敢、无所畏惧，这才是生活原本该有的样子啊。,1762185579,264411010,0.999999999828034,0.999999999656068,29369759
BV1eU1vBiEqh,这个视频让我看到了，人生不仅仅只有学习这一条出路，完成梦想勇敢去做更是一场无畏的旅行！,1762339509,3546734902905681,0.999996385496478,0.9999927709929559,29372325
BV1eU1vBiEqh,这就是英雄见英雄啊，能看得出来tim很欣赏阿宇，想用自己的方式去给他带来点正向的帮助而不是简单的收编，希望两人都能无限进步吧,1762189410,13018678,0.9993148760344405,0.9986297520688809,29369823
BV1eU1vBiEqh,我14岁的时候在杭州湾玩命拍鸟（没带action记录）被潮水陷废过佳能r3，在连云港的照片已经入围中国野生生物影像年赛青少年组决赛[打call][惊讶],1762178803,3546647088859352,0.9999638769127637,0.9999277538255273,29369646
BV1eU1vBiEqh,影视飓风的几个转折点都是与太空有关，所以tim应该比任何人都要看好这个年轻人,1762230946,345889013,0.26019716572430307,-0.47960566855139386,29370515
BV1eU1vBiEqh,幼儿园毕业的时候关于梦想那一栏我画了架直升机，我并不擅长应试教育“梦想”这个词也逐渐离我远去。但在各种各样的风云际会下还是走进了飞行事业，没能成为飞行员倒是成为了机务人员。所以阿宇您一定可以靠自己的努力禾使用自己的力量享受飞行的魅力，最后借用百岁山老师的一段:话飞行可以看到风的姿态，能触碰空气的温度，脚底下的土地，身上的汗。慢慢的，快速的，激烈的，优雅的。都不断的推着我向前进步，那么无限进步!,1762180568,14364054,0.9999999999997766,0.9999999999995532,29369676
BV1eU1vBiEqh,"“只有在做这些的时候，我才感觉自己是活着的”——影视飓风访谈
“多姆，你的人生只有前面的四分之一英里，在这10秒里，你只做你自己”——电影 速度与激情",1762270106,15455228,0.9996035930908334,0.9992071861816667,29371168
BV1eU1vBiEqh,这就是国内全产业链工业克苏鲁的实力啊，所有模块都能找到，便宜还好用,1762274580,16634101,0.9927340267732939,0.9854680535465878,29371243
BV1eU1vBiEqh,同航模/飞行爱好者，很荣幸和大佬飞过同一片天空，或许没有像大佬一样有魄力有能力，但感觉自己敢踏出这一步就很厉害了，或许一步步下去也可以去到这样的高度,1762171729,45066233,0.99985903067628,0.99971806135256,29369528
BV1eU1vBiEqh,看的眼睛尿尿了[大哭]怎么会有如此纯粹的追求自己梦想的人。不顾生活条件的艰难，能够克服人生中遇到的各种困难，永葆赤子之心的追寻着自己的梦想……(虽然视频很短阿宇也并没有诉说自己遇到的各种困难，但是从很多细节可以感知到),1762172374,385277277,0.9999997238722397,0.9999994477444794,29369539
BV1eU1vBiEqh,贫苦，才华，超强的执行力，以及向死而生的勇气，在做自己喜欢的事情会有源源不断的动力，或许我们也真如TIM的疑问，到底是喜欢飞才做的视频，还是为了做视频才喜欢飞，这种世俗的疑问一次次笼罩着我们，逐渐了丢失，放弃自己曾热爱的事物，可是当你想重新捡起来的时候，却早已有心无力，所以，一定一定不要让年轻的自己丧失希望。,1762230172,11914723,0.9999999985801737,0.9999999971603475,29370502
BV1eU1vBiEqh,超级感谢Tim和影视飓风的各位小伙伴！真的超级荣幸！！这一切都好像一场梦…这种感觉也实在是难以言喻的不真实…3年前，刚回村的我连相机都还不会用，那个冬天我时常蹲在柴火炉子旁一边热菜吃一边看影视飓风的布光和视频教程，很久很久以来在方方面面的我都将Tim视为一位导师、榜样和目标，从影视飓风我学到了太多太多！只是，一个屏幕里，一个屏幕外，是很遥远的距离…但是！没想到在后来我们居然成为了朋友，彼此世界居然有了交集，再后来的前几天，Tim居然来到了我这个偏远的地方来了解我的故事！这一切真的太梦幻了！我的词汇量已经完全不知道该如何表达了…真的感谢Tim…感谢影视飓风的小伙伴们…我会抓紧更新的做出更多更好的内容的哈哈！大家一起勇往直前！无限进步！！！,1762172740,431956189,0.9999598087426192,0.9999196174852385,29369545
BV1eU1vBiEqh,"阿宇能够走出来其实把主流悲观和极端言论全部证伪了一遍。
所以人也不是一定要很有钱，才能实现那些叹为观止的壮举。
所以人也不是一定要高学历，才能完成那些复杂且漫长的工程学项目。
所以人也不是一定要财富自由，才能追求自己想要的生活方式。",1762172828,375675678,0.9984058883504466,0.9968117767008933,29369547
BV1eU1vBiEqh,阿宇好适合20世纪那个航空业迸发的年代啊，眼里有光，总感觉在平行的1920s时空里他会有自己的工厂，建立自己的飞机制造公司，然后成为航空业巨头。波音也是从小作坊开始的,1762265007,30389807,0.9958527150422916,0.9917054300845831,29371083
BV1eU1vBiEqh,“有些鸟儿是不会被困在笼子里的，因为它们的每一支羽毛都闪烁着自由的光辉”,1762229680,396817702,0.9987230469677457,0.9974460939354914,29370494
BV1eU1vBiEqh,感觉tim真的有品味，能关注到阿宇还能有一起的企划，真的牛逼，执行力和判断力很顶级,1762215571,2310692,0.9999623617555933,0.9999247235111866,29370259
BV1eU1vBiEqh,"17:18 
这一刻想到了《小王子》的作者埃克苏佩里。
他是飞行员也很情怀，书中的小王子去过很多星球",1762183862,3546725629299292,0.9999988874954795,0.999997774990959,29369731
BV1eU1vBiEqh,太厉害了，我不知道谁能懂，这个时代好像没有见到过奇幻小说里的那种“飞屋环游”探险家，从小到大热爱成为的科学家，我总觉得这太棒了,1762344039,39848339,0.9989670348316397,0.9979340696632795,29372400
BV1eU1vBiEqh,我想这就是新时代所带来的无限可能，一个年轻人可以因为将自己的行动拍成视频而得到很多人的关注，甚至得到投资去完成他的梦想，这就是这个新的时代给有梦想的人带来的便利。中国的年轻人一代比一代有想象力，因为他们的环境变了。一团火遇到了一束光，就有了希望,1762182569,326738536,0.9999999999883851,0.9999999999767701,29369709
BV1eU1vBiEqh,影视飓风已经做到这么大的体量了，相信tim在看到阿宇这朵在山间开出的理想之花时也会触动吧。感觉影视飓风可以试着投资一些像阿宇一样富有野心与想象力的up主，因为像阿宇这类内容在b站上很少很少，真不希望他哪天因为资金问题不得不停更。也祝愿阿宇在接下来作品的拍摄过程中能够一帆风顺，祝愿影视飓风越来越好。,1762171032,435491726,0.9621921258067255,0.9243842516134511,29369517
BV1eU1vBiEqh,我看到了一个眼里有光的年轻人，谈及所爱抑制不住的兴奋，小小的房间里边包含了一个微缩的广阔天地。看视频的我，备受感动，乐观、勇敢、无所畏惧，这才是生活原本该有的样子啊。,1762185579,264411010,0.999999999828034,0.999999999656068,29369759
BV1eU1vBiEqh,这个视频让我看到了，人生不仅仅只有学习这一条出路，完成梦想勇敢去做更是一场无畏的旅行！,1762339509,3546734902905681,0.999996385496478,0.9999927709929559,29372325
BV1eU1vBiEqh,这就是英雄见英雄啊，能看得出来tim很欣赏阿宇，想用自己的方式去给他带来点正向的帮助而不是简单的收编，希望两人都能无限进步吧,1762189410,13018678,0.9993148760344405,0.9986297520688809,29369823
BV1eU1vBiEqh,我14岁的时候在杭州湾玩命拍鸟（没带action记录）被潮水陷废过佳能r3，在连云港的照片已经入围中国野生生物影像年赛青少年组决赛[打call][惊讶],1762178803,3546647088859352,0.9999638769127637,0.9999277538255273,29369646
BV1eU1vBiEqh,影视飓风的几个转折点都是与太空有关，所以tim应该比任何人都要看好这个年轻人,1762230946,345889013,0.26019716572430307,-0.47960566855139386,29370515
BV1eU1vBiEqh,幼儿园毕业的时候关于梦想那一栏我画了架直升机，我并不擅长应试教育“梦想”这个词也逐渐离我远去。但在各种各样的风云际会下还是走进了飞行事业，没能成为飞行员倒是成为了机务人员。所以阿宇您一定可以靠自己的努力禾使用自己的力量享受飞行的魅力，最后借用百岁山老师的一段:话飞行可以看到风的姿态，能触碰空气的温度，脚底下的土地，身上的汗。慢慢的，快速的，激烈的，优雅的。都不断的推着我向前进步，那么无限进步!,1762180568,14364054,0.9999999999997766,0.9999999999995532,29369676
BV1eU1vBiEqh,"“只有在做这些的时候，我才感觉自己是活着的”——影视飓风访谈
“多姆，你的人生只有前面的四分之一英里，在这10秒里，你只做你自己”——电影 速度与激情",1762270106,15455228,0.9996035930908334,0.9992071861816667,29371168
BV1eU1vBiEqh,这就是国内全产业链工业克苏鲁的实力啊，所有模块都能找到，便宜还好用,1762274580,16634101,0.9927340267732939,0.9854680535465878,29371243
BV1eU1vBiEqh,同航模/飞行爱好者，很荣幸和大佬飞过同一片天空，或许没有像大佬一样有魄力有能力，但感觉自己敢踏出这一步就很厉害了，或许一步步下去也可以去到这样的高度,1762171729,45066233,0.99985903067628,0.99971806135256,29369528
BV1eU1vBiEqh,看的眼睛尿尿了[大哭]怎么会有如此纯粹的追求自己梦想的人。不顾生活条件的艰难，能够克服人生中遇到的各种困难，永葆赤子之心的追寻着自己的梦想……(虽然视频很短阿宇也并没有诉说自己遇到的各种困难，但是从很多细节可以感知到),1762172374,385277277,0.9999997238722397,0.9999994477444794,29369539
BV1eU1vBiEqh,贫苦，才华，超强的执行力，以及向死而生的勇气，在做自己喜欢的事情会有源源不断的动力，或许我们也真如TIM的疑问，到底是喜欢飞才做的视频，还是为了做视频才喜欢飞，这种世俗的疑问一次次笼罩着我们，逐渐了丢失，放弃自己曾热爱的事物，可是当你想重新捡起来的时候，却早已有心无力，所以，一定一定不要让年轻的自己丧失希望。,1762230172,11914723,0.9999999985801737,0.9999999971603475,29370502
BV1eU1vBiEqh,超级感谢Tim和影视飓风的各位小伙伴！真的超级荣幸！！这一切都好像一场梦…这种感觉也实在是难以言喻的不真实…3年前，刚回村的我连相机都还不会用，那个冬天我时常蹲在柴火炉子旁一边热菜吃一边看影视飓风的布光和视频教程，很久很久以来在方方面面的我都将Tim视为一位导师、榜样和目标，从影视飓风我学到了太多太多！只是，一个屏幕里，一个屏幕外，是很遥远的距离…但是！没想到在后来我们居然成为了朋友，彼此世界居然有了交集，再后来的前几天，Tim居然来到了我这个偏远的地方来了解我的故事！这一切真的太梦幻了！我的词汇量已经完全不知道该如何表达了…真的感谢Tim…感谢影视飓风的小伙伴们…我会抓紧更新的做出更多更好的内容的哈哈！大家一起勇往直前！无限进步！！！,1762172740,431956189,0.9999598087426192,0.9999196174852385,29369545
BV1eU1vBiEqh,"阿宇能够走出来其实把主流悲观和极端言论全部证伪了一遍。
所以人也不是一定要很有钱，才能实现那些叹为观止的壮举。
所以人也不是一定要高学历，才能完成那些复杂且漫长的工程学项目。
所以人也不是一定要财富自由，才能追求自己想要的生活方式。",1762172828,375675678,0.9984058883504466,0.9968117767008933,29369547
BV1eU1vBiEqh,阿宇好适合20世纪那个航空业迸发的年代啊，眼里有光，总感觉在平行的1920s时空里他会有自己的工厂，建立自己的飞机制造公司，然后成为航空业巨头。波音也是从小作坊开始的,1762265007,30389807,0.9958527150422916,0.9917054300845831,29371083
BV1eU1vBiEqh,“有些鸟儿是不会被困在笼子里的，因为它们的每一支羽毛都闪烁着自由的光辉”,1762229680,396817702,0.9987230469677457,0.9974460939354914,29370494
BV1eU1vBiEqh,感觉tim真的有品味，能关注到阿宇还能有一起的企划，真的牛逼，执行力和判断力很顶级,1762215571,2310692,0.9999623617555933,0.9999247235111866,29370259
BV1eU1vBiEqh,"17:18 
这一刻想到了《小王子》的作者埃克苏佩里。
他是飞行员也很情怀，书中的小王子去过很多星球",1762183862,3546725629299292,0.9999988874954795,0.999997774990959,29369731
BV1eU1vBiEqh,太厉害了，我不知道谁能懂，这个时代好像没有见到过奇幻小说里的那种“飞屋环游”探险家，从小到大热爱成为的科学家，我总觉得这太棒了,1762344039,39848339,0.9989670348316397,0.9979340696632795,29372400
BV1eU1vBiEqh,我想这就是新时代所带来的无限可能，一个年轻人可以因为将自己的行动拍成视频而得到很多人的关注，甚至得到投资去完成他的梦想，这就是这个新的时代给有梦想的人带来的便利。中国的年轻人一代比一代有想象力，因为他们的环境变了。一团火遇到了一束光，就有了希望,1762182569,326738536,0.9999999999883851,0.9999999999767701,29369709
BV1eU1vBiEqh,影视飓风已经做到这么大的体量了，相信tim在看到阿宇这朵在山间开出的理想之花时也会触动吧。感觉影视飓风可以试着投资一些像阿宇一样富有野心与想象力的up主，因为像阿宇这类内容在b站上很少很少，真不希望他哪天因为资金问题不得不停更。也祝愿阿宇在接下来作品的拍摄过程中能够一帆风顺，祝愿影视飓风越来越好。,1762171032,435491726,0.9621921258067255,0.9243842516134511,29369517
BV1eU1vBiEqh,我看到了一个眼里有光的年轻人，谈及所爱抑制不住的兴奋，小小的房间里边包含了一个微缩的广阔天地。看视频的我，备受感动，乐观、勇敢、无所畏惧，这才是生活原本该有的样子啊。,1762185579,264411010,0.999999999828034,0.999999999656068,29369759
BV1eU1vBiEqh,这个视频让我看到了，人生不仅仅只有学习这一条出路，完成梦想勇敢去做更是一场无畏的旅行！,1762339509,3546734902905681,0.999996385496478,0.9999927709929559,29372325
BV1eU1vBiEqh,这就是英雄见英雄啊，能看得出来tim很欣赏阿宇，想用自己的方式去给他带来点正向的帮助而不是简单的收编，希望两人都能无限进步吧,1762189410,13018678,0.9993148760344405,0.9986297520688809,29369823
BV1eU1vBiEqh,我14岁的时候在杭州湾玩命拍鸟（没带action记录）被潮水陷废过佳能r3，在连云港的照片已经入围中国野生生物影像年赛青少年组决赛[打call][惊讶],1762178803,3546647088859352,0.9999638769127637,0.9999277538255273,29369646
BV1eU1vBiEqh,影视飓风的几个转折点都是与太空有关，所以tim应该比任何人都要看好这个年轻人,1762230946,345889013,0.26019716572430307,-0.47960566855139386,29370515
BV1eU1vBiEqh,幼儿园毕业的时候关于梦想那一栏我画了架直升机，我并不擅长应试教育“梦想”这个词也逐渐离我远去。但在各种各样的风云际会下还是走进了飞行事业，没能成为飞行员倒是成为了机务人员。所以阿宇您一定可以靠自己的努力禾使用自己的力量享受飞行的魅力，最后借用百岁山老师的一段:话飞行可以看到风的姿态，能触碰空气的温度，脚底下的土地，身上的汗。慢慢的，快速的，激烈的，优雅的。都不断的推着我向前进步，那么无限进步!,1762180568,14364054,0.9999999999997766,0.9999999999995532,29369676
BV1eU1vBiEqh,"“只有在做这些的时候，我才感觉自己是活着的”——影视飓风访谈
“多姆，你的人生只有前面的四分之一英里，在这10秒里，你只做你自己”——电影 速度与激情",1762270106,15455228,0.9996035930908334,0.9992071861816667,29371168
BV1eU1vBiEqh,这就是国内全产业链工业克苏鲁的实力啊，所有模块都能找到，便宜还好用,1762274580,16634101,0.9927340267732939,0.9854680535465878,29371243
BV1eU1vBiEqh,同航模/飞行爱好者，很荣幸和大佬飞过同一片天空，或许没有像大佬一样有魄力有能力，但感觉自己敢踏出这一步就很厉害了，或许一步步下去也可以去到这样的高度,1762171729,45066233,0.99985903067628,0.99971806135256,29369528
BV1eU1vBiEqh,看的眼睛尿尿了[大哭]怎么会有如此纯粹的追求自己梦想的人。不顾生活条件的艰难，能够克服人生中遇到的各种困难，永葆赤子之心的追寻着自己的梦想……(虽然视频很短阿宇也并没有诉说自己遇到的各种困难，但是从很多细节可以感知到),1762172374,385277277,0.9999997238722397,0.9999994477444794,29369539
BV1eU1vBiEqh,贫苦，才华，超强的执行力，以及向死而生的勇气，在做自己喜欢的事情会有源源不断的动力，或许我们也真如TIM的疑问，到底是喜欢飞才做的视频，还是为了做视频才喜欢飞，这种世俗的疑问一次次笼罩着我们，逐渐了丢失，放弃自己曾热爱的事物，可是当你想重新捡起来的时候，却早已有心无力，所以，一定一定不要让年轻的自己丧失希望。,1762230172,11914723,0.9999999985801737,0.9999999971603475,29370502
BV1eU1vBiEqh,超级感谢Tim和影视飓风的各位小伙伴！真的超级荣幸！！这一切都好像一场梦…这种感觉也实在是难以言喻的不真实…3年前，刚回村的我连相机都还不会用，那个冬天我时常蹲在柴火炉子旁一边热菜吃一边看影视飓风的布光和视频教程，很久很久以来在方方面面的我都将Tim视为一位导师、榜样和目标，从影视飓风我学到了太多太多！只是，一个屏幕里，一个屏幕外，是很遥远的距离…但是！没想到在后来我们居然成为了朋友，彼此世界居然有了交集，再后来的前几天，Tim居然来到了我这个偏远的地方来了解我的故事！这一切真的太梦幻了！我的词汇量已经完全不知道该如何表达了…真的感谢Tim…感谢影视飓风的小伙伴们…我会抓紧更新的做出更多更好的内容的哈哈！大家一起勇往直前！无限进步！！！,1762172740,431956189,0.9999598087426192,0.9999196174852385,29369545
BV1eU1vBiEqh,"阿宇能够走出来其实把主流悲观和极端言论全部证伪了一遍。
所以人也不是一定要很有钱，才能实现那些叹为观止的壮举。
所以人也不是一定要高学历，才能完成那些复杂且漫长的工程学项目。
所以人也不是一定要财富自由，才能追求自己想要的生活方式。",1762172828,375675678,0.9984058883504466,0.9968117767008933,29369547
BV1eU1vBiEqh,阿宇好适合20世纪那个航空业迸发的年代啊，眼里有光，总感觉在平行的1920s时空里他会有自己的工厂，建立自己的飞机制造公司，然后成为航空业巨头。波音也是从小作坊开始的,1762265007,30389807,0.9958527150422916,0.9917054300845831,29371083
BV1eU1vBiEqh,“有些鸟儿是不会被困在笼子里的，因为它们的每一支羽毛都闪烁着自由的光辉”,1762229680,396817702,0.9987230469677457,0.9974460939354914,29370494
BV1eU1vBiEqh,感觉tim真的有品味，能关注到阿宇还能有一起的企划，真的牛逼，执行力和判断力很顶级,1762215571,2310692,0.9999623617555933,0.9999247235111866,29370259
BV1eU1vBiEqh,"17:18 
这一刻想到了《小王子》的作者埃克苏佩里。
他是飞行员也很情怀，书中的小王子去过很多星球",1762183862,3546725629299292,0.9999988874954795,0.999997774990959,29369731
BV1eU1vBiEqh,太厉害了，我不知道谁能懂，这个时代好像没有见到过奇幻小说里的那种“飞屋环游”探险家，从小到大热爱成为的科学家，我总觉得这太棒了,1762344039,39848339,0.9989670348316397,0.9979340696632795,29372400
BV1eU1vBiEqh,我想这就是新时代所带来的无限可能，一个年轻人可以因为将自己的行动拍成视频而得到很多人的关注，甚至得到投资去完成他的梦想，这就是这个新的时代给有梦想的人带来的便利。中国的年轻人一代比一代有想象力，因为他们的环境变了。一团火遇到了一束光，就有了希望,1762182569,326738536,0.9999999999883851,0.9999999999767701,29369709
BV1eU1vBiEqh,影视飓风已经做到这么大的体量了，相信tim在看到阿宇这朵在山间开出的理想之花时也会触动吧。感觉影视飓风可以试着投资一些像阿宇一样富有野心与想象力的up主，因为像阿宇这类内容在b站上很少很少，真不希望他哪天因为资金问题不得不停更。也祝愿阿宇在接下来作品的拍摄过程中能够一帆风顺，祝愿影视飓风越来越好。,1762171032,435491726,0.9621921258067255,0.9243842516134511,29369517
BV1eU1vBiEqh,我看到了一个眼里有光的年轻人，谈及所爱抑制不住的兴奋，小小的房间里边包含了一个微缩的广阔天地。看视频的我，备受感动，乐观、勇敢、无所畏惧，这才是生活原本该有的样子啊。,1762185579,264411010,0.999999999828034,0.999999999656068,29369759
BV1eU1vBiEqh,这个视频让我看到了，人生不仅仅只有学习这一条出路，完成梦想勇敢去做更是一场无畏的旅行！,1762339509,3546734902905681,0.999996385496478,0.9999927709929559,29372325
BV1eU1vBiEqh,这就是英雄见英雄啊，能看得出来tim很欣赏阿宇，想用自己的方式去给他带来点正向的帮助而不是简单的收编，希望两人都能无限进步吧,1762189410,13018678,0.9993148760344405,0.9986297520688809,29369823
BV1eU1vBiEqh,我14岁的时候在杭州湾玩命拍鸟（没带action记录）被潮水陷废过佳能r3，在连云港的照片已经入围中国野生生物影像年赛青少年组决赛[打call][惊讶],1762178803,3546647088859352,0.9999638769127637,0.9999277538255273,29369646
BV1eU1vBiEqh,影视飓风的几个转折点都是与太空有关，所以tim应该比任何人都要看好这个年轻人,1762230946,345889013,0.26019716572430307,-0.47960566855139386,29370515
BV1eU1vBiEqh,幼儿园毕业的时候关于梦想那一栏我画了架直升机，我并不擅长应试教育“梦想”这个词也逐渐离我远去。但在各种各样的风云际会下还是走进了飞行事业，没能成为飞行员倒是成为了机务人员。所以阿宇您一定可以靠自己的努力禾使用自己的力量享受飞行的魅力，最后借用百岁山老师的一段:话飞行可以看到风的姿态，能触碰空气的温度，脚底下的土地，身上的汗。慢慢的，快速的，激烈的，优雅的。都不断的推着我向前进步，那么无限进步!,1762180568,14364054,0.9999999999997766,0.9999999999995532,29369676
BV1eU1vBiEqh,"“只有在做这些的时候，我才感觉自己是活着的”——影视飓风访谈
“多姆，你的人生只有前面的四分之一英里，在这10秒里，你只做你自己”——电影 速度与激情",1762270106,15455228,0.9996035930908334,0.9992071861816667,29371168
BV1eU1vBiEqh,这就是国内全产业链工业克苏鲁的实力啊，所有模块都能找到，便宜还好用,1762274580,16634101,0.9927340267732939,0.9854680535465878,29371243
BV1eU1vBiEqh,同航模/飞行爱好者，很荣幸和大佬飞过同一片天空，或许没有像大佬一样有魄力有能力，但感觉自己敢踏出这一步就很厉害了，或许一步步下去也可以去到这样的高度,1762171729,45066233,0.99985903067628,0.99971806135256,29369528
BV1eU1vBiEqh,看的眼睛尿尿了[大哭]怎么会有如此纯粹的追求自己梦想的人。不顾生活条件的艰难，能够克服人生中遇到的各种困难，永葆赤子之心的追寻着自己的梦想……(虽然视频很短阿宇也并没有诉说自己遇到的各种困难，但是从很多细节可以感知到),1762172374,385277277,0.9999997238722397,0.9999994477444794,29369539
BV1eU1vBiEqh,贫苦，才华，超强的执行力，以及向死而生的勇气，在做自己喜欢的事情会有源源不断的动力，或许我们也真如TIM的疑问，到底是喜欢飞才做的视频，还是为了做视频才喜欢飞，这种世俗的疑问一次次笼罩着我们，逐渐了丢失，放弃自己曾热爱的事物，可是当你想重新捡起来的时候，却早已有心无力，所以，一定一定不要让年轻的自己丧失希望。,1762230172,11914723,0.9999999985801737,0.9999999971603475,29370502
BV1eU1vBiEqh,超级感谢Tim和影视飓风的各位小伙伴！真的超级荣幸！！这一切都好像一场梦…这种感觉也实在是难以言喻的不真实…3年前，刚回村的我连相机都还不会用，那个冬天我时常蹲在柴火炉子旁一边热菜吃一边看影视飓风的布光和视频教程，很久很久以来在方方面面的我都将Tim视为一位导师、榜样和目标，从影视飓风我学到了太多太多！只是，一个屏幕里，一个屏幕外，是很遥远的距离…但是！没想到在后来我们居然成为了朋友，彼此世界居然有了交集，再后来的前几天，Tim居然来到了我这个偏远的地方来了解我的故事！这一切真的太梦幻了！我的词汇量已经完全不知道该如何表达了…真的感谢Tim…感谢影视飓风的小伙伴们…我会抓紧更新的做出更多更好的内容的哈哈！大家一起勇往直前！无限进步！！！,1762172740,431956189,0.9999598087426192,0.9999196174852385,29369545
BV1eU1vBiEqh,"阿宇能够走出来其实把主流悲观和极端言论全部证伪了一遍。
所以人也不是一定要很有钱，才能实现那些叹为观止的壮举。
所以人也不是一定要高学历，才能完成那些复杂且漫长的工程学项目。
所以人也不是一定要财富自由，才能追求自己想要的生活方式。",1762172828,375675678,0.9984058883504466,0.9968117767008933,29369547
BV1eU1vBiEqh,阿宇好适合20世纪那个航空业迸发的年代啊，眼里有光，总感觉在平行的1920s时空里他会有自己的工厂，建立自己的飞机制造公司，然后成为航空业巨头。波音也是从小作坊开始的,1762265007,30389807,0.9958527150422916,0.9917054300845831,29371083
BV1eU1vBiEqh,“有些鸟儿是不会被困在笼子里的，因为它们的每一支羽毛都闪烁着自由的光辉”,1762229680,396817702,0.9987230469677457,0.9974460939354914,29370494
BV1eU1vBiEqh,感觉tim真的有品味，能关注到阿宇还能有一起的企划，真的牛逼，执行力和判断力很顶级,1762215571,2310692,0.9999623617555933,0.9999247235111866,29370259
BV1eU1vBiEqh,"17:18 
这一刻想到了《小王子》的作者埃克苏佩里。
他是飞行员也很情怀，书中的小王子去过很多星球",1762183862,3546725629299292,0.9999988874954795,0.999997774990959,29369731
BV1eU1vBiEqh,太厉害了，我不知道谁能懂，这个时代好像没有见到过奇幻小说里的那种“飞屋环游”探险家，从小到大热爱成为的科学家，我总觉得这太棒了,1762344039,39848339,0.9989670348316397,0.9979340696632795,29372400
BV1eU1vBiEqh,我想这就是新时代所带来的无限可能，一个年轻人可以因为将自己的行动拍成视频而得到很多人的关注，甚至得到投资去完成他的梦想，这就是这个新的时代给有梦想的人带来的便利。中国的年轻人一代比一代有想象力，因为他们的环境变了。一团火遇到了一束光，就有了希望,1762182569,326738536,0.9999999999883851,0.9999999999767701,29369709
BV1eU1vBiEqh,影视飓风已经做到这么大的体量了，相信tim在看到阿宇这朵在山间开出的理想之花时也会触动吧。感觉影视飓风可以试着投资一些像阿宇一样富有野心与想象力的up主，因为像阿宇这类内容在b站上很少很少，真不希望他哪天因为资金问题不得不停更。也祝愿阿宇在接下来作品的拍摄过程中能够一帆风顺，祝愿影视飓风越来越好。,1762171032,435491726,0.9621921258067255,0.9243842516134511,29369517
BV1eU1vBiEqh,我看到了一个眼里有光的年轻人，谈及所爱抑制不住的兴奋，小小的房间里边包含了一个微缩的广阔天地。看视频的我，备受感动，乐观、勇敢、无所畏惧，这才是生活原本该有的样子啊。,1762185579,264411010,0.999999999828034,0.999999999656068,29369759
BV1eU1vBiEqh,这个视频让我看到了，人生不仅仅只有学习这一条出路，完成梦想勇敢去做更是一场无畏的旅行！,1762339509,3546734902905681,0.999996385496478,0.9999927709929559,29372325
BV1eU1vBiEqh,这就是英雄见英雄啊，能看得出来tim很欣赏阿宇，想用自己的方式去给他带来点正向的帮助而不是简单的收编，希望两人都能无限进步吧,1762189410,13018678,0.9993148760344405,0.9986297520688809,29369823
BV1eU1vBiEqh,我14岁的时候在杭州湾玩命拍鸟（没带action记录）被潮水陷废过佳能r3，在连云港的照片已经入围中国野生生物影像年赛青少年组决赛[打call][惊讶],1762178803,3546647088859352,0.9999638769127637,0.9999277538255273,29369646
BV1eU1vBiEqh,影视飓风的几个转折点都是与太空有关，所以tim应该比任何人都要看好这个年轻人,1762230946,345889013,0.26019716572430307,-0.47960566855139386,29370515
BV1eU1vBiEqh,幼儿园毕业的时候关于梦想那一栏我画了架直升机，我并不擅长应试教育“梦想”这个词也逐渐离我远去。但在各种各样的风云际会下还是走进了飞行事业，没能成为飞行员倒是成为了机务人员。所以阿宇您一定可以靠自己的努力禾使用自己的力量享受飞行的魅力，最后借用百岁山老师的一段:话飞行可以看到风的姿态，能触碰空气的温度，脚底下的土地，身上的汗。慢慢的，快速的，激烈的，优雅的。都不断的推着我向前进步，那么无限进步!,1762180568,14364054,0.9999999999997766,0.9999999999995532,29369676
BV1eU1vBiEqh,"“只有在做这些的时候，我才感觉自己是活着的”——影视飓风访谈
“多姆，你的人生只有前面的四分之一英里，在这10秒里，你只做你自己”——电影 速度与激情",1762270106,15455228,0.9996035930908334,0.9992071861816667,29371168
BV1eU1vBiEqh,这就是国内全产业链工业克苏鲁的实力啊，所有模块都能找到，便宜还好用,1762274580,16634101,0.9927340267732939,0.9854680535465878,29371243
BV1eU1vBiEqh,同航模/飞行爱好者，很荣幸和大佬飞过同一片天空，或许没有像大佬一样有魄力有能力，但感觉自己敢踏出这一步就很厉害了，或许一步步下去也可以去到这样的高度,1762171729,45066233,0.99985903067628,0.99971806135256,29369528
BV1eU1vBiEqh,看的眼睛尿尿了[大哭]怎么会有如此纯粹的追求自己梦想的人。不顾生活条件的艰难，能够克服人生中遇到的各种困难，永葆赤子之心的追寻着自己的梦想……(虽然视频很短阿宇也并没有诉说自己遇到的各种困难，但是从很多细节可以感知到),1762172374,385277277,0.9999997238722397,0.9999994477444794,29369539
BV1eU1vBiEqh,贫苦，才华，超强的执行力，以及向死而生的勇气，在做自己喜欢的事情会有源源不断的动力，或许我们也真如TIM的疑问，到底是喜欢飞才做的视频，还是为了做视频才喜欢飞，这种世俗的疑问一次次笼罩着我们，逐渐了丢失，放弃自己曾热爱的事物，可是当你想重新捡起来的时候，却早已有心无力，所以，一定一定不要让年轻的自己丧失希望。,1762230172,11914723,0.9999999985801737,0.9999999971603475,29370502
BV1eU1vBiEqh,超级感谢Tim和影视飓风的各位小伙伴！真的超级荣幸！！这一切都好像一场梦…这种感觉也实在是难以言喻的不真实…3年前，刚回村的我连相机都还不会用，那个冬天我时常蹲在柴火炉子旁一边热菜吃一边看影视飓风的布光和视频教程，很久很久以来在方方面面的我都将Tim视为一位导师、榜样和目标，从影视飓风我学到了太多太多！只是，一个屏幕里，一个屏幕外，是很遥远的距离…但是！没想到在后来我们居然成为了朋友，彼此世界居然有了交集，再后来的前几天，Tim居然来到了我这个偏远的地方来了解我的故事！这一切真的太梦幻了！我的词汇量已经完全不知道该如何表达了…真的感谢Tim…感谢影视飓风的小伙伴们…我会抓紧更新的做出更多更好的内容的哈哈！大家一起勇往直前！无限进步！！！,1762172740,431956189,0.9999598087426192,0.9999196174852385,29369545
BV1eU1vBiEqh,"阿宇能够走出来其实把主流悲观和极端言论全部证伪了一遍。
所以人也不是一定要很有钱，才能实现那些叹为观止的壮举。
所以人也不是一定要高学历，才能完成那些复杂且漫长的工程学项目。
所以人也不是一定要财富自由，才能追求自己想要的生活方式。",1762172828,375675678,0.9984058883504466,0.9968117767008933,29369547
BV1eU1vBiEqh,阿宇好适合20世纪那个航空业迸发的年代啊，眼里有光，总感觉在平行的1920s时空里他会有自己的工厂，建立自己的飞机制造公司，然后成为航空业巨头。波音也是从小作坊开始的,1762265007,30389807,0.9958527150422916,0.9917054300845831,29371083
BV1eU1vBiEqh,“有些鸟儿是不会被困在笼子里的，因为它们的每一支羽毛都闪烁着自由的光辉”,1762229680,396817702,0.9987230469677457,0.9974460939354914,29370494
BV1eU1vBiEqh,感觉tim真的有品味，能关注到阿宇还能有一起的企划，真的牛逼，执行力和判断力很顶级,1762215571,2310692,0.9999623617555933,0.9999247235111866,29370259
BV1eU1vBiEqh,"17:18 
这一刻想到了《小王子》的作者埃克苏佩里。
他是飞行员也很情怀，书中的小王子去过很多星球",1762183862,3546725629299292,0.9999988874954795,0.999997774990959,29369731
BV1eU1vBiEqh,太厉害了，我不知道谁能懂，这个时代好像没有见到过奇幻小说里的那种“飞屋环游”探险家，从小到大热爱成为的科学家，我总觉得这太棒了,1762344039,39848339,0.9989670348316397,0.9979340696632795,29372400
BV1eU1vBiEqh,我想这就是新时代所带来的无限可能，一个年轻人可以因为将自己的行动拍成视频而得到很多人的关注，甚至得到投资去完成他的梦想，这就是这个新的时代给有梦想的人带来的便利。中国的年轻人一代比一代有想象力，因为他们的环境变了。一团火遇到了一束光，就有了希望,1762182569,326738536,0.9999999999883851,0.9999999999767701,29369709
BV1eU1vBiEqh,影视飓风已经做到这么大的体量了，相信tim在看到阿宇这朵在山间开出的理想之花时也会触动吧。感觉影视飓风可以试着投资一些像阿宇一样富有野心与想象力的up主，因为像阿宇这类内容在b站上很少很少，真不希望他哪天因为资金问题不得不停更。也祝愿阿宇在接下来作品的拍摄过程中能够一帆风顺，祝愿影视飓风越来越好。,1762171032,435491726,0.9621921258067255,0.9243842516134511,29369517
BV1eU1vBiEqh,我看到了一个眼里有光的年轻人，谈及所爱抑制不住的兴奋，小小的房间里边包含了一个微缩的广阔天地。看视频的我，备受感动，乐观、勇敢、无所畏惧，这才是生活原本该有的样子啊。,1762185579,264411010,0.999999999828034,0.999999999656068,29369759
BV1eU1vBiEqh,这个视频让我看到了，人生不仅仅只有学习这一条出路，完成梦想勇敢去做更是一场无畏的旅行！,1762339509,3546734902905681,0.999996385496478,0.9999927709929559,29372325
BV1eU1vBiEqh,这就是英雄见英雄啊，能看得出来tim很欣赏阿宇，想用自己的方式去给他带来点正向的帮助而不是简单的收编，希望两人都能无限进步吧,1762189410,13018678,0.9993148760344405,0.9986297520688809,29369823
BV1eU1vBiEqh,我14岁的时候在杭州湾玩命拍鸟（没带action记录）被潮水陷废过佳能r3，在连云港的照片已经入围中国野生生物影像年赛青少年组决赛[打call][惊讶],1762178803,3546647088859352,0.9999638769127637,0.9999277538255273,29369646
BV1eU1vBiEqh,影视飓风的几个转折点都是与太空有关，所以tim应该比任何人都要看好这个年轻人,1762230946,345889013,0.26019716572430307,-0.47960566855139386,29370515
BV1eU1vBiEqh,幼儿园毕业的时候关于梦想那一栏我画了架直升机，我并不擅长应试教育“梦想”这个词也逐渐离我远去。但在各种各样的风云际会下还是走进了飞行事业，没能成为飞行员倒是成为了机务人员。所以阿宇您一定可以靠自己的努力禾使用自己的力量享受飞行的魅力，最后借用百岁山老师的一段:话飞行可以看到风的姿态，能触碰空气的温度，脚底下的土地，身上的汗。慢慢的，快速的，激烈的，优雅的。都不断的推着我向前进步，那么无限进步!,1762180568,14364054,0.9999999999997766,0.9999999999995532,29369676
BV1eU1vBiEqh,"“只有在做这些的时候，我才感觉自己是活着的”——影视飓风访谈
“多姆，你的人生只有前面的四分之一英里，在这10秒里，你只做你自己”——电影 速度与激情",1762270106,15455228,0.9996035930908334,0.9992071861816667,29371168
BV1eU1vBiEqh,这就是国内全产业链工业克苏鲁的实力啊，所有模块都能找到，便宜还好用,1762274580,16634101,0.9927340267732939,0.9854680535465878,29371243
BV1eU1vBiEqh,同航模/飞行爱好者，很荣幸和大佬飞过同一片天空，或许没有像大佬一样有魄力有能力，但感觉自己敢踏出这一步就很厉害了，或许一步步下去也可以去到这样的高度,1762171729,45066233,0.99985903067628,0.99971806135256,29369528
BV1eU1vBiEqh,看的眼睛尿尿了[大哭]怎么会有如此纯粹的追求自己梦想的人。不顾生活条件的艰难，能够克服人生中遇到的各种困难，永葆赤子之心的追寻着自己的梦想……(虽然视频很短阿宇也并没有诉说自己遇到的各种困难，但是从很多细节可以感知到),1762172374,385277277,0.9999997238722397,0.9999994477444794,29369539
BV1eU1vBiEqh,贫苦，才华，超强的执行力，以及向死而生的勇气，在做自己喜欢的事情会有源源不断的动力，或许我们也真如TIM的疑问，到底是喜欢飞才做的视频，还是为了做视频才喜欢飞，这种世俗的疑问一次次笼罩着我们，逐渐了丢失，放弃自己曾热爱的事物，可是当你想重新捡起来的时候，却早已有心无力，所以，一定一定不要让年轻的自己丧失希望。,1762230172,11914723,0.9999999985801737,0.9999999971603475,29370502
BV1eU1vBiEqh,超级感谢Tim和影视飓风的各位小伙伴！真的超级荣幸！！这一切都好像一场梦…这种感觉也实在是难以言喻的不真实…3年前，刚回村的我连相机都还不会用，那个冬天我时常蹲在柴火炉子旁一边热菜吃一边看影视飓风的布光和视频教程，很久很久以来在方方面面的我都将Tim视为一位导师、榜样和目标，从影视飓风我学到了太多太多！只是，一个屏幕里，一个屏幕外，是很遥远的距离…但是！没想到在后来我们居然成为了朋友，彼此世界居然有了交集，再后来的前几天，Tim居然来到了我这个偏远的地方来了解我的故事！这一切真的太梦幻了！我的词汇量已经完全不知道该如何表达了…真的感谢Tim…感谢影视飓风的小伙伴们…我会抓紧更新的做出更多更好的内容的哈哈！大家一起勇往直前！无限进步！！！,1762172740,431956189,0.9999598087426192,0.9999196174852385,29369545
BV1eU1vBiEqh,"阿宇能够走出来其实把主流悲观和极端言论全部证伪了一遍。
所以人也不是一定要很有钱，才能实现那些叹为观止的壮举。
所以人也不是一定要高学历，才能完成那些复杂且漫长的工程学项目。
所以人也不是一定要财富自由，才能追求自己想要的生活方式。",1762172828,375675678,0.9984058883504466,0.9968117767008933,29369547
BV1eU1vBiEqh,阿宇好适合20世纪那个航空业迸发的年代啊，眼里有光，总感觉在平行的1920s时空里他会有自己的工厂，建立自己的飞机制造公司，然后成为航空业巨头。波音也是从小作坊开始的,1762265007,30389807,0.9958527150422916,0.9917054300845831,29371083
BV1eU1vBiEqh,“有些鸟儿是不会被困在笼子里的，因为它们的每一支羽毛都闪烁着自由的光辉”,1762229680,396817702,0.9987230469677457,0.9974460939354914,29370494
BV1eU1vBiEqh,感觉tim真的有品味，能关注到阿宇还能有一起的企划，真的牛逼，执行力和判断力很顶级,1762215571,2310692,0.9999623617555933,0.9999247235111866,29370259
BV1eU1vBiEqh,"17:18 
这一刻想到了《小王子》的作者埃克苏佩里。
他是飞行员也很情怀，书中的小王子去过很多星球",1762183862,3546725629299292,0.9999988874954795,0.999997774990959,29369731
BV1eU1vBiEqh,太厉害了，我不知道谁能懂，这个时代好像没有见到过奇幻小说里的那种“飞屋环游”探险家，从小到大热爱成为的科学家，我总觉得这太棒了,1762344039,39848339,0.9989670348316397,0.9979340696632795,29372400
BV1eU1vBiEqh,我想这就是新时代所带来的无限可能，一个年轻人可以因为将自己的行动拍成视频而得到很多人的关注，甚至得到投资去完成他的梦想，这就是这个新的时代给有梦想的人带来的便利。中国的年轻人一代比一代有想象力，因为他们的环境变了。一团火遇到了一束光，就有了希望,1762182569,326738536,0.9999999999883851,0.9999999999767701,29369709
BV1eU1vBiEqh,影视飓风已经做到这么大的体量了，相信tim在看到阿宇这朵在山间开出的理想之花时也会触动吧。感觉影视飓风可以试着投资一些像阿宇一样富有野心与想象力的up主，因为像阿宇这类内容在b站上很少很少，真不希望他哪天因为资金问题不得不停更。也祝愿阿宇在接下来作品的拍摄过程中能够一帆风顺，祝愿影视飓风越来越好。,1762171032,435491726,0.9621921258067255,0.9243842516134511,29369517
BV1eU1vBiEqh,我看到了一个眼里有光的年轻人，谈及所爱抑制不住的兴奋，小小的房间里边包含了一个微缩的广阔天地。看视频的我，备受感动，乐观、勇敢、无所畏惧，这才是生活原本该有的样子啊。,1762185579,264411010,0.999999999828034,0.999999999656068,29369759
BV1eU1vBiEqh,这个视频让我看到了，人生不仅仅只有学习这一条出路，完成梦想勇敢去做更是一场无畏的旅行！,1762339509,3546734902905681,0.999996385496478,0.9999927709929559,29372325
BV1eU1vBiEqh,这就是英雄见英雄啊，能看得出来tim很欣赏阿宇，想用自己的方式去给他带来点正向的帮助而不是简单的收编，希望两人都能无限进步吧,1762189410,13018678,0.9993148760344405,0.9986297520688809,29369823
BV1eU1vBiEqh,我14岁的时候在杭州湾玩命拍鸟（没带action记录）被潮水陷废过佳能r3，在连云港的照片已经入围中国野生生物影像年赛青少年组决赛[打call][惊讶],1762178803,3546647088859352,0.9999638769127637,0.9999277538255273,29369646
BV1eU1vBiEqh,影视飓风的几个转折点都是与太空有关，所以tim应该比任何人都要看好这个年轻人,1762230946,345889013,0.26019716572430307,-0.47960566855139386,29370515
BV1eU1vBiEqh,幼儿园毕业的时候关于梦想那一栏我画了架直升机，我并不擅长应试教育“梦想”这个词也逐渐离我远去。但在各种各样的风云际会下还是走进了飞行事业，没能成为飞行员倒是成为了机务人员。所以阿宇您一定可以靠自己的努力禾使用自己的力量享受飞行的魅力，最后借用百岁山老师的一段:话飞行可以看到风的姿态，能触碰空气的温度，脚底下的土地，身上的汗。慢慢的，快速的，激烈的，优雅的。都不断的推着我向前进步，那么无限进步!,1762180568,14364054,0.9999999999997766,0.9999999999995532,29369676
BV1eU1vBiEqh,"“只有在做这些的时候，我才感觉自己是活着的”——影视飓风访谈
“多姆，你的人生只有前面的四分之一英里，在这10秒里，你只做你自己”——电影 速度与激情",1762270106,15455228,0.9996035930908334,0.9992071861816667,29371168
BV1eU1vBiEqh,这就是国内全产业链工业克苏鲁的实力啊，所有模块都能找到，便宜还好用,1762274580,16634101,0.9927340267732939,0.9854680535465878,29371243
BV1eU1vBiEqh,同航模/飞行爱好者，很荣幸和大佬飞过同一片天空，或许没有像大佬一样有魄力有能力，但感觉自己敢踏出这一步就很厉害了，或许一步步下去也可以去到这样的高度,1762171729,45066233,0.99985903067628,0.99971806135256,29369528
BV1eU1vBiEqh,看的眼睛尿尿了[大哭]怎么会有如此纯粹的追求自己梦想的人。不顾生活条件的艰难，能够克服人生中遇到的各种困难，永葆赤子之心的追寻着自己的梦想……(虽然视频很短阿宇也并没有诉说自己遇到的各种困难，但是从很多细节可以感知到),1762172374,385277277,0.9999997238722397,0.9999994477444794,29369539
BV1eU1vBiEqh,贫苦，才华，超强的执行力，以及向死而生的勇气，在做自己喜欢的事情会有源源不断的动力，或许我们也真如TIM的疑问，到底是喜欢飞才做的视频，还是为了做视频才喜欢飞，这种世俗的疑问一次次笼罩着我们，逐渐了丢失，放弃自己曾热爱的事物，可是当你想重新捡起来的时候，却早已有心无力，所以，一定一定不要让年轻的自己丧失希望。,1762230172,11914723,0.9999999985801737,0.9999999971603475,29370502
BV1eU1vBiEqh,超级感谢Tim和影视飓风的各位小伙伴！真的超级荣幸！！这一切都好像一场梦…这种感觉也实在是难以言喻的不真实…3年前，刚回村的我连相机都还不会用，那个冬天我时常蹲在柴火炉子旁一边热菜吃一边看影视飓风的布光和视频教程，很久很久以来在方方面面的我都将Tim视为一位导师、榜样和目标，从影视飓风我学到了太多太多！只是，一个屏幕里，一个屏幕外，是很遥远的距离…但是！没想到在后来我们居然成为了朋友，彼此世界居然有了交集，再后来的前几天，Tim居然来到了我这个偏远的地方来了解我的故事！这一切真的太梦幻了！我的词汇量已经完全不知道该如何表达了…真的感谢Tim…感谢影视飓风的小伙伴们…我会抓紧更新的做出更多更好的内容的哈哈！大家一起勇往直前！无限进步！！！,1762172740,431956189,0.9999598087426192,0.9999196174852385,29369545
BV1eU1vBiEqh,"阿宇能够走出来其实把主流悲观和极端言论全部证伪了一遍。
所以人也不是一定要很有钱，才能实现那些叹为观止的壮举。
所以人也不是一定要高学历，才能完成那些复杂且漫长的工程学项目。
所以人也不是一定要财富自由，才能追求自己想要的生活方式。",1762172828,375675678,0.9984058883504466,0.9968117767008933,29369547
BV1eU1vBiEqh,阿宇好适合20世纪那个航空业迸发的年代啊，眼里有光，总感觉在平行的1920s时空里他会有自己的工厂，建立自己的飞机制造公司，然后成为航空业巨头。波音也是从小作坊开始的,1762265007,30389807,0.9958527150422916,0.9917054300845831,29371083
BV1eU1vBiEqh,“有些鸟儿是不会被困在笼子里的，因为它们的每一支羽毛都闪烁着自由的光辉”,1762229680,396817702,0.9987230469677457,0.9974460939354914,29370494
BV1eU1vBiEqh,感觉tim真的有品味，能关注到阿宇还能有一起的企划，真的牛逼，执行力和判断力很顶级,1762215571,2310692,0.9999623617555933,0.9999247235111866,29370259
BV1eU1vBiEqh,"17:18 
这一刻想到了《小王子》的作者埃克苏佩里。
他是飞行员也很情怀，书中的小王子去过很多星球",1762183862,3546725629299292,0.9999988874954795,0.999997774990959,29369731
BV1eU1vBiEqh,太厉害了，我不知道谁能懂，这个时代好像没有见到过奇幻小说里的那种“飞屋环游”探险家，从小到大热爱成为的科学家，我总觉得这太棒了,1762344039,39848339,0.9989670348316397,0.9979340696632795,29372400
BV1eU1vBiEqh,我想这就是新时代所带来的无限可能，一个年轻人可以因为将自己的行动拍成视频而得到很多人的关注，甚至得到投资去完成他的梦想，这就是这个新的时代给有梦想的人带来的便利。中国的年轻人一代比一代有想象力，因为他们的环境变了。一团火遇到了一束光，就有了希望,1762182569,326738536,0.9999999999883851,0.9999999999767701,29369709
BV1eU1vBiEqh,影视飓风已经做到这么大的体量了，相信tim在看到阿宇这朵在山间开出的理想之花时也会触动吧。感觉影视飓风可以试着投资一些像阿宇一样富有野心与想象力的up主，因为像阿宇这类内容在b站上很少很少，真不希望他哪天因为资金问题不得不停更。也祝愿阿宇在接下来作品的拍摄过程中能够一帆风顺，祝愿影视飓风越来越好。,1762171032,435491726,0.9621921258067255,0.9243842516134511,29369517
BV1eU1vBiEqh,我看到了一个眼里有光的年轻人，谈及所爱抑制不住的兴奋，小小的房间里边包含了一个微缩的广阔天地。看视频的我，备受感动，乐观、勇敢、无所畏惧，这才是生活原本该有的样子啊。,1762185579,264411010,0.999999999828034,0.999999999656068,29369759
BV1eU1vBiEqh,这个视频让我看到了，人生不仅仅只有学习这一条出路，完成梦想勇敢去做更是一场无畏的旅行！,1762339509,3546734902905681,0.999996385496478,0.9999927709929559,29372325
BV1eU1vBiEqh,这就是英雄见英雄啊，能看得出来tim很欣赏阿宇，想用自己的方式去给他带来点正向的帮助而不是简单的收编，希望两人都能无限进步吧,1762189410,13018678,0.9993148760344405,0.9986297520688809,29369823
BV1eU1vBiEqh,我14岁的时候在杭州湾玩命拍鸟（没带action记录）被潮水陷废过佳能r3，在连云港的照片已经入围中国野生生物影像年赛青少年组决赛[打call][惊讶],1762178803,3546647088859352,0.9999638769127637,0.9999277538255273,29369646
BV1eU1vBiEqh,影视飓风的几个转折点都是与太空有关，所以tim应该比任何人都要看好这个年轻人,1762230946,345889013,0.26019716572430307,-0.47960566855139386,29370515
BV1eU1vBiEqh,幼儿园毕业的时候关于梦想那一栏我画了架直升机，我并不擅长应试教育“梦想”这个词也逐渐离我远去。但在各种各样的风云际会下还是走进了飞行事业，没能成为飞行员倒是成为了机务人员。所以阿宇您一定可以靠自己的努力禾使用自己的力量享受飞行的魅力，最后借用百岁山老师的一段:话飞行可以看到风的姿态，能触碰空气的温度，脚底下的土地，身上的汗。慢慢的，快速的，激烈的，优雅的。都不断的推着我向前进步，那么无限进步!,1762180568,14364054,0.9999999999997766,0.9999999999995532,29369676
BV1eU1vBiEqh,"“只有在做这些的时候，我才感觉自己是活着的”——影视飓风访谈
“多姆，你的人生只有前面的四分之一英里，在这10秒里，你只做你自己”——电影 速度与激情",1762270106,15455228,0.9996035930908334,0.9992071861816667,29371168
BV1eU1vBiEqh,这就是国内全产业链工业克苏鲁的实力啊，所有模块都能找到，便宜还好用,1762274580,16634101,0.9927340267732939,0.9854680535465878,29371243
BV1eU1vBiEqh,同航模/飞行爱好者，很荣幸和大佬飞过同一片天空，或许没有像大佬一样有魄力有能力，但感觉自己敢踏出这一步就很厉害了，或许一步步下去也可以去到这样的高度,1762171729,45066233,0.99985903067628,0.99971806135256,29369528
BV1eU1vBiEqh,看的眼睛尿尿了[大哭]怎么会有如此纯粹的追求自己梦想的人。不顾生活条件的艰难，能够克服人生中遇到的各种困难，永葆赤子之心的追寻着自己的梦想……(虽然视频很短阿宇也并没有诉说自己遇到的各种困难，但是从很多细节可以感知到),1762172374,385277277,0.9999997238722397,0.9999994477444794,29369539
BV1eU1vBiEqh,贫苦，才华，超强的执行力，以及向死而生的勇气，在做自己喜欢的事情会有源源不断的动力，或许我们也真如TIM的疑问，到底是喜欢飞才做的视频，还是为了做视频才喜欢飞，这种世俗的疑问一次次笼罩着我们，逐渐了丢失，放弃自己曾热爱的事物，可是当你想重新捡起来的时候，却早已有心无力，所以，一定一定不要让年轻的自己丧失希望。,1762230172,11914723,0.9999999985801737,0.9999999971603475,29370502
BV1eU1vBiEqh,超级感谢Tim和影视飓风的各位小伙伴！真的超级荣幸！！这一切都好像一场梦…这种感觉也实在是难以言喻的不真实…3年前，刚回村的我连相机都还不会用，那个冬天我时常蹲在柴火炉子旁一边热菜吃一边看影视飓风的布光和视频教程，很久很久以来在方方面面的我都将Tim视为一位导师、榜样和目标，从影视飓风我学到了太多太多！只是，一个屏幕里，一个屏幕外，是很遥远的距离…但是！没想到在后来我们居然成为了朋友，彼此世界居然有了交集，再后来的前几天，Tim居然来到了我这个偏远的地方来了解我的故事！这一切真的太梦幻了！我的词汇量已经完全不知道该如何表达了…真的感谢Tim…感谢影视飓风的小伙伴们…我会抓紧更新的做出更多更好的内容的哈哈！大家一起勇往直前！无限进步！！！,1762172740,431956189,0.9999598087426192,0.9999196174852385,29369545
BV1eU1vBiEqh,"阿宇能够走出来其实把主流悲观和极端言论全部证伪了一遍。
所以人也不是一定要很有钱，才能实现那些叹为观止的壮举。
所以人也不是一定要高学历，才能完成那些复杂且漫长的工程学项目。
所以人也不是一定要财富自由，才能追求自己想要的生活方式。",1762172828,375675678,0.9984058883504466,0.9968117767008933,29369547
BV1eU1vBiEqh,阿宇好适合20世纪那个航空业迸发的年代啊，眼里有光，总感觉在平行的1920s时空里他会有自己的工厂，建立自己的飞机制造公司，然后成为航空业巨头。波音也是从小作坊开始的,1762265007,30389807,0.9958527150422916,0.9917054300845831,29371083
BV1eU1vBiEqh,“有些鸟儿是不会被困在笼子里的，因为它们的每一支羽毛都闪烁着自由的光辉”,1762229680,396817702,0.9987230469677457,0.9974460939354914,29370494
BV1eU1vBiEqh,感觉tim真的有品味，能关注到阿宇还能有一起的企划，真的牛逼，执行力和判断力很顶级,1762215571,2310692,0.9999623617555933,0.9999247235111866,29370259
BV1eU1vBiEqh,"17:18 
这一刻想到了《小王子》的作者埃克苏佩里。
他是飞行员也很情怀，书中的小王子去过很多星球",1762183862,3546725629299292,0.9999988874954795,0.999997774990959,29369731
BV1eU1vBiEqh,太厉害了，我不知道谁能懂，这个时代好像没有见到过奇幻小说里的那种“飞屋环游”探险家，从小到大热爱成为的科学家，我总觉得这太棒了,1762344039,39848339,0.9989670348316397,0.9979340696632795,29372400
BV1eU1vBiEqh,我想这就是新时代所带来的无限可能，一个年轻人可以因为将自己的行动拍成视频而得到很多人的关注，甚至得到投资去完成他的梦想，这就是这个新的时代给有梦想的人带来的便利。中国的年轻人一代比一代有想象力，因为他们的环境变了。一团火遇到了一束光，就有了希望,1762182569,326738536,0.9999999999883851,0.9999999999767701,29369709
BV1eU1vBiEqh,影视飓风已经做到这么大的体量了，相信tim在看到阿宇这朵在山间开出的理想之花时也会触动吧。感觉影视飓风可以试着投资一些像阿宇一样富有野心与想象力的up主，因为像阿宇这类内容在b站上很少很少，真不希望他哪天因为资金问题不得不停更。也祝愿阿宇在接下来作品的拍摄过程中能够一帆风顺，祝愿影视飓风越来越好。,1762171032,435491726,0.9621921258067255,0.9243842516134511,29369517
BV1eU1vBiEqh,我看到了一个眼里有光的年轻人，谈及所爱抑制不住的兴奋，小小的房间里边包含了一个微缩的广阔天地。看视频的我，备受感动，乐观、勇敢、无所畏惧，这才是生活原本该有的样子啊。,1762185579,264411010,0.999999999828034,0.999999999656068,29369759
BV1eU1vBiEqh,这个视频让我看到了，人生不仅仅只有学习这一条出路，完成梦想勇敢去做更是一场无畏的旅行！,1762339509,3546734902905681,0.999996385496478,0.9999927709929559,29372325
BV1eU1vBiEqh,这就是英雄见英雄啊，能看得出来tim很欣赏阿宇，想用自己的方式去给他带来点正向的帮助而不是简单的收编，希望两人都能无限进步吧,1762189410,13018678,0.9993148760344405,0.9986297520688809,29369823
BV1eU1vBiEqh,我14岁的时候在杭州湾玩命拍鸟（没带action记录）被潮水陷废过佳能r3，在连云港的照片已经入围中国野生生物影像年赛青少年组决赛[打call][惊讶],1762178803,3546647088859352,0.9999638769127637,0.9999277538255273,29369646
BV1eU1vBiEqh,影视飓风的几个转折点都是与太空有关，所以tim应该比任何人都要看好这个年轻人,1762230946,345889013,0.26019716572430307,-0.47960566855139386,29370515
BV1eU1vBiEqh,幼儿园毕业的时候关于梦想那一栏我画了架直升机，我并不擅长应试教育“梦想”这个词也逐渐离我远去。但在各种各样的风云际会下还是走进了飞行事业，没能成为飞行员倒是成为了机务人员。所以阿宇您一定可以靠自己的努力禾使用自己的力量享受飞行的魅力，最后借用百岁山老师的一段:话飞行可以看到风的姿态，能触碰空气的温度，脚底下的土地，身上的汗。慢慢的，快速的，激烈的，优雅的。都不断的推着我向前进步，那么无限进步!,1762180568,14364054,0.9999999999997766,0.9999999999995532,29369676
BV1eU1vBiEqh,"“只有在做这些的时候，我才感觉自己是活着的”——影视飓风访谈
“多姆，你的人生只有前面的四分之一英里，在这10秒里，你只做你自己”——电影 速度与激情",1762270106,15455228,0.9996035930908334,0.9992071861816667,29371168
BV1eU1vBiEqh,这就是国内全产业链工业克苏鲁的实力啊，所有模块都能找到，便宜还好用,1762274580,16634101,0.9927340267732939,0.9854680535465878,29371243
BV1eU1vBiEqh,同航模/飞行爱好者，很荣幸和大佬飞过同一片天空，或许没有像大佬一样有魄力有能力，但感觉自己敢踏出这一步就很厉害了，或许一步步下去也可以去到这样的高度,1762171729,45066233,0.99985903067628,0.99971806135256,29369528
BV1eU1vBiEqh,看的眼睛尿尿了[大哭]怎么会有如此纯粹的追求自己梦想的人。不顾生活条件的艰难，能够克服人生中遇到的各种困难，永葆赤子之心的追寻着自己的梦想……(虽然视频很短阿宇也并没有诉说自己遇到的各种困难，但是从很多细节可以感知到),1762172374,385277277,0.9999997238722397,0.9999994477444794,29369539
BV1eU1vBiEqh,贫苦，才华，超强的执行力，以及向死而生的勇气，在做自己喜欢的事情会有源源不断的动力，或许我们也真如TIM的疑问，到底是喜欢飞才做的视频，还是为了做视频才喜欢飞，这种世俗的疑问一次次笼罩着我们，逐渐了丢失，放弃自己曾热爱的事物，可是当你想重新捡起来的时候，却早已有心无力，所以，一定一定不要让年轻的自己丧失希望。,1762230172,11914723,0.9999999985801737,0.9999999971603475,29370502
BV18nyhBLEN9,第一代NEO对我最大的用处就是飞在头顶当一个电风扇用[doge][doge][doge]，亲测真的凉快[吃瓜][吃瓜][吃瓜],1761826659,229939351,0.09695132744085211,-0.8060973451182958,29363777
BV18nyhBLEN9,哪个无人机居然这么有趣？原来是 DJI Neo 2 啊，我先「剁手」为敬！[蹲蹲],1761826323,232472043,0.12331168426138706,-0.7533766314772259,29363772
BV18nyhBLEN9,我觉得这种小型无人机受众就是必须要徒步长距离的场景，比如爬山。带这种小型无人机不用增加多少重量体积，爬到山顶拍一下跟随环绕，能出片。。。,1761828930,33183865,0.9986060797842597,0.9972121595685195,29363815
BV18nyhBLEN9,就说很眼熟,1761830223,176443150,0.5168385203190601,0.03367704063812016,29363837
BV18nyhBLEN9,买回来发现家附近无死角全都禁飞[笑哭]学校旁边还是市政府，敢飞直接进去[笑哭],1761886009,507739042,0.9914522857508166,0.9829045715016331,29364766
BV18nyhBLEN9,那么此时是不是入手Neo1的最佳机会？,1761826105,420231720,0.9488549203541252,0.8977098407082504,29363768
BV18nyhBLEN9,"省流：标准版1499元，全套2499
1、最惊喜的是全向避障技术下放，我的mini3都没有全向避障，没有想到neo2先上了，耐造也是真的牛，即使你化身西北锤王一不小心把它打翻在地都没有什么问题，但不建议尝试[喜极而泣]
2、其次就是neo2竟然有图传模块！带上之后很像小蝴蝶，回头率应该蛮高[嗑瓜子]
3、重量轻，带图传模块160g，抗风性能比上一代更强有内置的电子防抖，cmos没变但整体画质有提升[星星眼][星星眼]
4、交互功能相比上一代也有很多提升，甚至不同的手势可以掌控飞机的飞行方向，cosplay 女巫魔法，玩的好的话可以搞很多独特的运镜，期待后续大神的拍摄教程！[呲牙][呲牙]
5.续航有进步空间，和上一代相差不大，但是快充速度还是蛮快的，用充电管家20分钟左右充满一块，三块电池可以无限续杯，也还可以接受，毕竟这个小机器主要还是自拍一下[脱单doge][脱单doge]
（ps：拍避障的画面是用nano拍的吗？！好可爱）[滑稽]",1761826591,286882489,0.9999999596548047,0.9999999193096094,29363776
BV18nyhBLEN9,"女儿一直想要个NEO，答应她每门考试都考进全班前十就给她买~
结果NEO2都来了[笑哭]",1761890898,105672810,0.9793772364953007,0.9587544729906015,29364848
BV18nyhBLEN9,我的小flip其实就足够日常用了 只是不抗风[笑哭],1761826030,237545207,0.9461974923089208,0.8923949846178416,29363767
BV18nyhBLEN9,这传感器也没变化啊[笑哭]可以等等再说吧,1761827021,298741999,0.7165307860016776,0.43306157200335527,29363783
BV18nyhBLEN9,总结：等Neo 3 !,1761829234,52885583,0.36543963075627217,-0.26912073848745566,29363820
BV18nyhBLEN9,很好，但这里用不上,1761825839,27153556,0.6359038138252919,0.27180762765058386,29363763
BV18nyhBLEN9,真实的使用场景：从包里拿出来，起飞，飞了两分钟，接到派出所电话，说你未报备使用无人机，然后需要立刻停止飞行，然后去局子报道，少则半小时多则半天[doge],1761831543,2502311,0.005913601049552852,-0.9881727979008943,29363859
BV18nyhBLEN9,一千多的无人机，还要啥自行车啊[doge]整体来说还是比较轻巧的，画质也很棒！,1761826591,173006769,0.9904475606618895,0.9808951213237791,29363776
BV18nyhBLEN9,"刚提货，来这里说一下最让我决定购买的一点
这一代噪声巨小，体感比mini4pro还安静，用过neo1的大概就知道这是多么巨大的提升了[明日方舟野趣拾光表情包_震惊]",1761828462,4590180,0.9708089171052777,0.9416178342105554,29363807
BV18nyhBLEN9,玩了一年一代，终于等到二了[笑哭],1761825874,1669084497,0.9004075373015356,0.8008150746030711,29363764
BV18nyhBLEN9,手持mini4pro 旅行2个月分享下感受，首先120m听着很高，其实视觉特别低，拍贴地湖水之类还可以，你想要辽阔的感觉很难。其次单电池续航13分钟，体感基本是转瞬即逝，当然也符合NEO产品定位，如果你指望用它排到旅途的好风景会让你感觉不带劲，比如不能插卡，49G频繁手机导视频会很麻烦，但你只是想要一个新视角，主要拍人，跑步，骑行使用场景在50m以下，是可以推荐的。1999 4电池这个套餐足够了。,1761828752,6548791,0.9999988297113367,0.9999976594226734,29363812
BV18nyhBLEN9,我的思路跑偏了，我想给它加个翅膀做电子飞行宠物，招手就会在我手上或者肩膀上停下。这样终于圆了小时候的哈利波特梦 有了自己的猫头鹰了,1761887575,246639644,0.999964188776796,0.9999283775535921,29364792
BV18nyhBLEN9,"BV1vi4y117Lx
[少女乐团派对_开心][少女乐团派对_开心][少女乐团派对_开心]",1761899989,392503126,0.9998874494266144,0.9997748988532289,29364999
BV18nyhBLEN9,这机器最大的意义是安全，除了6岁以下的小朋友主动吧手指伸进螺旋桨，几乎无危险，街上随便用，这机器最好的用途是不用遥控器，搞个快扣挂身上，想拍就拍，也不用带个包保护。,1761826669,1933861,0.05597980848864714,-0.8880403830227057,29363777
BV18nyhBLEN9,第一代NEO对我最大的用处就是飞在头顶当一个电风扇用[doge][doge][doge]，亲测真的凉快[吃瓜][吃瓜][吃瓜],1761826659,229939351,0.09695132744085211,-0.8060973451182958,29363777
BV18nyhBLEN9,哪个无人机居然这么有趣？原来是 DJI Neo 2 啊，我先「剁手」为敬！[蹲蹲],1761826323,232472043,0.12331168426138706,-0.7533766314772259,29363772
BV18nyhBLEN9,我觉得这种小型无人机受众就是必须要徒步长距离的场景，比如爬山。带这种小型无人机不用增加多少重量体积，爬到山顶拍一下跟随环绕，能出片。。。,1761828930,33183865,0.9986060797842597,0.9972121595685195,29363815
BV18nyhBLEN9,就说很眼熟,1761830223,176443150,0.5168385203190601,0.03367704063812016,29363837
BV18nyhBLEN9,买回来发现家附近无死角全都禁飞[笑哭]学校旁边还是市政府，敢飞直接进去[笑哭],1761886009,507739042,0.9914522857508166,0.9829045715016331,29364766
BV18nyhBLEN9,那么此时是不是入手Neo1的最佳机会？,1761826105,420231720,0.9488549203541252,0.8977098407082504,29363768
BV18nyhBLEN9,"省流：标准版1499元，全套2499
1、最惊喜的是全向避障技术下放，我的mini3都没有全向避障，没有想到neo2先上了，耐造也是真的牛，即使你化身西北锤王一不小心把它打翻在地都没有什么问题，但不建议尝试[喜极而泣]
2、其次就是neo2竟然有图传模块！带上之后很像小蝴蝶，回头率应该蛮高[嗑瓜子]
3、重量轻，带图传模块160g，抗风性能比上一代更强有内置的电子防抖，cmos没变但整体画质有提升[星星眼][星星眼]
4、交互功能相比上一代也有很多提升，甚至不同的手势可以掌控飞机的飞行方向，cosplay 女巫魔法，玩的好的话可以搞很多独特的运镜，期待后续大神的拍摄教程！[呲牙][呲牙]
5.续航有进步空间，和上一代相差不大，但是快充速度还是蛮快的，用充电管家20分钟左右充满一块，三块电池可以无限续杯，也还可以接受，毕竟这个小机器主要还是自拍一下[脱单doge][脱单doge]
（ps：拍避障的画面是用nano拍的吗？！好可爱）[滑稽]",1761826591,286882489,0.9999999596548047,0.9999999193096094,29363776
BV18nyhBLEN9,"女儿一直想要个NEO，答应她每门考试都考进全班前十就给她买~
结果NEO2都来了[笑哭]",1761890898,105672810,0.9793772364953007,0.9587544729906015,29364848
BV18nyhBLEN9,我的小flip其实就足够日常用了 只是不抗风[笑哭],1761826030,237545207,0.9461974923089208,0.8923949846178416,29363767
BV18nyhBLEN9,这传感器也没变化啊[笑哭]可以等等再说吧,1761827021,298741999,0.7165307860016776,0.43306157200335527,29363783
BV18nyhBLEN9,总结：等Neo 3 !,1761829234,52885583,0.36543963075627217,-0.26912073848745566,29363820
BV18nyhBLEN9,很好，但这里用不上,1761825839,27153556,0.6359038138252919,0.27180762765058386,29363763
BV18nyhBLEN9,真实的使用场景：从包里拿出来，起飞，飞了两分钟，接到派出所电话，说你未报备使用无人机，然后需要立刻停止飞行，然后去局子报道，少则半小时多则半天[doge],1761831543,2502311,0.005913601049552852,-0.9881727979008943,29363859
BV18nyhBLEN9,一千多的无人机，还要啥自行车啊[doge]整体来说还是比较轻巧的，画质也很棒！,1761826591,173006769,0.9904475606618895,0.9808951213237791,29363776
BV18nyhBLEN9,"刚提货，来这里说一下最让我决定购买的一点
这一代噪声巨小，体感比mini4pro还安静，用过neo1的大概就知道这是多么巨大的提升了[明日方舟野趣拾光表情包_震惊]",1761828462,4590180,0.9708089171052777,0.9416178342105554,29363807
BV18nyhBLEN9,玩了一年一代，终于等到二了[笑哭],1761825874,1669084497,0.9004075373015356,0.8008150746030711,29363764
BV18nyhBLEN9,手持mini4pro 旅行2个月分享下感受，首先120m听着很高，其实视觉特别低，拍贴地湖水之类还可以，你想要辽阔的感觉很难。其次单电池续航13分钟，体感基本是转瞬即逝，当然也符合NEO产品定位，如果你指望用它排到旅途的好风景会让你感觉不带劲，比如不能插卡，49G频繁手机导视频会很麻烦，但你只是想要一个新视角，主要拍人，跑步，骑行使用场景在50m以下，是可以推荐的。1999 4电池这个套餐足够了。,1761828752,6548791,0.9999988297113367,0.9999976594226734,29363812
BV18nyhBLEN9,我的思路跑偏了，我想给它加个翅膀做电子飞行宠物，招手就会在我手上或者肩膀上停下。这样终于圆了小时候的哈利波特梦 有了自己的猫头鹰了,1761887575,246639644,0.999964188776796,0.9999283775535921,29364792
BV18nyhBLEN9,"BV1vi4y117Lx
[少女乐团派对_开心][少女乐团派对_开心][少女乐团派对_开心]",1761899989,392503126,0.9998874494266144,0.9997748988532289,29364999
BV18nyhBLEN9,这机器最大的意义是安全，除了6岁以下的小朋友主动吧手指伸进螺旋桨，几乎无危险，街上随便用，这机器最好的用途是不用遥控器，搞个快扣挂身上，想拍就拍，也不用带个包保护。,1761826669,1933861,0.05597980848864714,-0.8880403830227057,29363777
BV18nyhBLEN9,第一代NEO对我最大的用处就是飞在头顶当一个电风扇用[doge][doge][doge]，亲测真的凉快[吃瓜][吃瓜][吃瓜],1761826659,229939351,0.09695132744085211,-0.8060973451182958,29363777
BV18nyhBLEN9,哪个无人机居然这么有趣？原来是 DJI Neo 2 啊，我先「剁手」为敬！[蹲蹲],1761826323,232472043,0.12331168426138706,-0.7533766314772259,29363772
BV18nyhBLEN9,我觉得这种小型无人机受众就是必须要徒步长距离的场景，比如爬山。带这种小型无人机不用增加多少重量体积，爬到山顶拍一下跟随环绕，能出片。。。,1761828930,33183865,0.9986060797842597,0.9972121595685195,29363815
BV18nyhBLEN9,就说很眼熟,1761830223,176443150,0.5168385203190601,0.03367704063812016,29363837
BV18nyhBLEN9,买回来发现家附近无死角全都禁飞[笑哭]学校旁边还是市政府，敢飞直接进去[笑哭],1761886009,507739042,0.9914522857508166,0.9829045715016331,29364766
BV18nyhBLEN9,那么此时是不是入手Neo1的最佳机会？,1761826105,420231720,0.9488549203541252,0.8977098407082504,29363768
BV18nyhBLEN9,"省流：标准版1499元，全套2499
1、最惊喜的是全向避障技术下放，我的mini3都没有全向避障，没有想到neo2先上了，耐造也是真的牛，即使你化身西北锤王一不小心把它打翻在地都没有什么问题，但不建议尝试[喜极而泣]
2、其次就是neo2竟然有图传模块！带上之后很像小蝴蝶，回头率应该蛮高[嗑瓜子]
3、重量轻，带图传模块160g，抗风性能比上一代更强有内置的电子防抖，cmos没变但整体画质有提升[星星眼][星星眼]
4、交互功能相比上一代也有很多提升，甚至不同的手势可以掌控飞机的飞行方向，cosplay 女巫魔法，玩的好的话可以搞很多独特的运镜，期待后续大神的拍摄教程！[呲牙][呲牙]
5.续航有进步空间，和上一代相差不大，但是快充速度还是蛮快的，用充电管家20分钟左右充满一块，三块电池可以无限续杯，也还可以接受，毕竟这个小机器主要还是自拍一下[脱单doge][脱单doge]
（ps：拍避障的画面是用nano拍的吗？！好可爱）[滑稽]",1761826591,286882489,0.9999999596548047,0.9999999193096094,29363776
BV18nyhBLEN9,"女儿一直想要个NEO，答应她每门考试都考进全班前十就给她买~
结果NEO2都来了[笑哭]",1761890898,105672810,0.9793772364953007,0.9587544729906015,29364848
BV18nyhBLEN9,我的小flip其实就足够日常用了 只是不抗风[笑哭],1761826030,237545207,0.9461974923089208,0.8923949846178416,29363767
BV18nyhBLEN9,这传感器也没变化啊[笑哭]可以等等再说吧,1761827021,298741999,0.7165307860016776,0.43306157200335527,29363783
BV18nyhBLEN9,总结：等Neo 3 !,1761829234,52885583,0.36543963075627217,-0.26912073848745566,29363820
BV18nyhBLEN9,很好，但这里用不上,1761825839,27153556,0.6359038138252919,0.27180762765058386,29363763
BV18nyhBLEN9,真实的使用场景：从包里拿出来，起飞，飞了两分钟，接到派出所电话，说你未报备使用无人机，然后需要立刻停止飞行，然后去局子报道，少则半小时多则半天[doge],1761831543,2502311,0.005913601049552852,-0.9881727979008943,29363859
BV18nyhBLEN9,一千多的无人机，还要啥自行车啊[doge]整体来说还是比较轻巧的，画质也很棒！,1761826591,173006769,0.9904475606618895,0.9808951213237791,29363776
BV18nyhBLEN9,"刚提货，来这里说一下最让我决定购买的一点
这一代噪声巨小，体感比mini4pro还安静，用过neo1的大概就知道这是多么巨大的提升了[明日方舟野趣拾光表情包_震惊]",1761828462,4590180,0.9708089171052777,0.9416178342105554,29363807
BV18nyhBLEN9,玩了一年一代，终于等到二了[笑哭],1761825874,1669084497,0.9004075373015356,0.8008150746030711,29363764
BV18nyhBLEN9,手持mini4pro 旅行2个月分享下感受，首先120m听着很高，其实视觉特别低，拍贴地湖水之类还可以，你想要辽阔的感觉很难。其次单电池续航13分钟，体感基本是转瞬即逝，当然也符合NEO产品定位，如果你指望用它排到旅途的好风景会让你感觉不带劲，比如不能插卡，49G频繁手机导视频会很麻烦，但你只是想要一个新视角，主要拍人，跑步，骑行使用场景在50m以下，是可以推荐的。1999 4电池这个套餐足够了。,1761828752,6548791,0.9999988297113367,0.9999976594226734,29363812
BV18nyhBLEN9,我的思路跑偏了，我想给它加个翅膀做电子飞行宠物，招手就会在我手上或者肩膀上停下。这样终于圆了小时候的哈利波特梦 有了自己的猫头鹰了,1761887575,246639644,0.999964188776796,0.9999283775535921,29364792
BV18nyhBLEN9,"BV1vi4y117Lx
[少女乐团派对_开心][少女乐团派对_开心][少女乐团派对_开心]",1761899989,392503126,0.9998874494266144,0.9997748988532289,29364999
BV18nyhBLEN9,这机器最大的意义是安全，除了6岁以下的小朋友主动吧手指伸进螺旋桨，几乎无危险，街上随便用，这机器最好的用途是不用遥控器，搞个快扣挂身上，想拍就拍，也不用带个包保护。,1761826669,1933861,0.05597980848864714,-0.8880403830227057,29363777
BV18nyhBLEN9,第一代NEO对我最大的用处就是飞在头顶当一个电风扇用[doge][doge][doge]，亲测真的凉快[吃瓜][吃瓜][吃瓜],1761826659,229939351,0.09695132744085211,-0.8060973451182958,29363777
BV18nyhBLEN9,哪个无人机居然这么有趣？原来是 DJI Neo 2 啊，我先「剁手」为敬！[蹲蹲],1761826323,232472043,0.12331168426138706,-0.7533766314772259,29363772
BV18nyhBLEN9,我觉得这种小型无人机受众就是必须要徒步长距离的场景，比如爬山。带这种小型无人机不用增加多少重量体积，爬到山顶拍一下跟随环绕，能出片。。。,1761828930,33183865,0.9986060797842597,0.9972121595685195,29363815
BV18nyhBLEN9,就说很眼熟,1761830223,176443150,0.5168385203190601,0.03367704063812016,29363837
BV18nyhBLEN9,买回来发现家附近无死角全都禁飞[笑哭]学校旁边还是市政府，敢飞直接进去[笑哭],1761886009,507739042,0.9914522857508166,0.9829045715016331,29364766
BV18nyhBLEN9,那么此时是不是入手Neo1的最佳机会？,1761826105,420231720,0.9488549203541252,0.8977098407082504,29363768
BV18nyhBLEN9,"省流：标准版1499元，全套2499
1、最惊喜的是全向避障技术下放，我的mini3都没有全向避障，没有想到neo2先上了，耐造也是真的牛，即使你化身西北锤王一不小心把它打翻在地都没有什么问题，但不建议尝试[喜极而泣]
2、其次就是neo2竟然有图传模块！带上之后很像小蝴蝶，回头率应该蛮高[嗑瓜子]
3、重量轻，带图传模块160g，抗风性能比上一代更强有内置的电子防抖，cmos没变但整体画质有提升[星星眼][星星眼]
4、交互功能相比上一代也有很多提升，甚至不同的手势可以掌控飞机的飞行方向，cosplay 女巫魔法，玩的好的话可以搞很多独特的运镜，期待后续大神的拍摄教程！[呲牙][呲牙]
5.续航有进步空间，和上一代相差不大，但是快充速度还是蛮快的，用充电管家20分钟左右充满一块，三块电池可以无限续杯，也还可以接受，毕竟这个小机器主要还是自拍一下[脱单doge][脱单doge]
（ps：拍避障的画面是用nano拍的吗？！好可爱）[滑稽]",1761826591,286882489,0.9999999596548047,0.9999999193096094,29363776
BV18nyhBLEN9,"女儿一直想要个NEO，答应她每门考试都考进全班前十就给她买~
结果NEO2都来了[笑哭]",1761890898,105672810,0.9793772364953007,0.9587544729906015,29364848
BV18nyhBLEN9,我的小flip其实就足够日常用了 只是不抗风[笑哭],1761826030,237545207,0.9461974923089208,0.8923949846178416,29363767
BV18nyhBLEN9,这传感器也没变化啊[笑哭]可以等等再说吧,1761827021,298741999,0.7165307860016776,0.43306157200335527,29363783
BV18nyhBLEN9,总结：等Neo 3 !,1761829234,52885583,0.36543963075627217,-0.26912073848745566,29363820
BV18nyhBLEN9,很好，但这里用不上,1761825839,27153556,0.6359038138252919,0.27180762765058386,29363763
BV18nyhBLEN9,真实的使用场景：从包里拿出来，起飞，飞了两分钟，接到派出所电话，说你未报备使用无人机，然后需要立刻停止飞行，然后去局子报道，少则半小时多则半天[doge],1761831543,2502311,0.005913601049552852,-0.9881727979008943,29363859
BV18nyhBLEN9,一千多的无人机，还要啥自行车啊[doge]整体来说还是比较轻巧的，画质也很棒！,1761826591,173006769,0.9904475606618895,0.9808951213237791,29363776
BV18nyhBLEN9,"刚提货，来这里说一下最让我决定购买的一点
这一代噪声巨小，体感比mini4pro还安静，用过neo1的大概就知道这是多么巨大的提升了[明日方舟野趣拾光表情包_震惊]",1761828462,4590180,0.9708089171052777,0.9416178342105554,29363807
BV18nyhBLEN9,玩了一年一代，终于等到二了[笑哭],1761825874,1669084497,0.9004075373015356,0.8008150746030711,29363764
BV18nyhBLEN9,手持mini4pro 旅行2个月分享下感受，首先120m听着很高，其实视觉特别低，拍贴地湖水之类还可以，你想要辽阔的感觉很难。其次单电池续航13分钟，体感基本是转瞬即逝，当然也符合NEO产品定位，如果你指望用它排到旅途的好风景会让你感觉不带劲，比如不能插卡，49G频繁手机导视频会很麻烦，但你只是想要一个新视角，主要拍人，跑步，骑行使用场景在50m以下，是可以推荐的。1999 4电池这个套餐足够了。,1761828752,6548791,0.9999988297113367,0.9999976594226734,29363812
BV18nyhBLEN9,我的思路跑偏了，我想给它加个翅膀做电子飞行宠物，招手就会在我手上或者肩膀上停下。这样终于圆了小时候的哈利波特梦 有了自己的猫头鹰了,1761887575,246639644,0.999964188776796,0.9999283775535921,29364792
BV18nyhBLEN9,"BV1vi4y117Lx
[少女乐团派对_开心][少女乐团派对_开心][少女乐团派对_开心]",1761899989,392503126,0.9998874494266144,0.9997748988532289,29364999
BV18nyhBLEN9,这机器最大的意义是安全，除了6岁以下的小朋友主动吧手指伸进螺旋桨，几乎无危险，街上随便用，这机器最好的用途是不用遥控器，搞个快扣挂身上，想拍就拍，也不用带个包保护。,1761826669,1933861,0.05597980848864714,-0.8880403830227057,29363777
BV18nyhBLEN9,第一代NEO对我最大的用处就是飞在头顶当一个电风扇用[doge][doge][doge]，亲测真的凉快[吃瓜][吃瓜][吃瓜],1761826659,229939351,0.09695132744085211,-0.8060973451182958,29363777
BV18nyhBLEN9,哪个无人机居然这么有趣？原来是 DJI Neo 2 啊，我先「剁手」为敬！[蹲蹲],1761826323,232472043,0.12331168426138706,-0.7533766314772259,29363772
BV18nyhBLEN9,我觉得这种小型无人机受众就是必须要徒步长距离的场景，比如爬山。带这种小型无人机不用增加多少重量体积，爬到山顶拍一下跟随环绕，能出片。。。,1761828930,33183865,0.9986060797842597,0.9972121595685195,29363815
BV18nyhBLEN9,就说很眼熟,1761830223,176443150,0.5168385203190601,0.03367704063812016,29363837
BV18nyhBLEN9,买回来发现家附近无死角全都禁飞[笑哭]学校旁边还是市政府，敢飞直接进去[笑哭],1761886009,507739042,0.9914522857508166,0.9829045715016331,29364766
BV18nyhBLEN9,那么此时是不是入手Neo1的最佳机会？,1761826105,420231720,0.9488549203541252,0.8977098407082504,29363768
BV18nyhBLEN9,"省流：标准版1499元，全套2499
1、最惊喜的是全向避障技术下放，我的mini3都没有全向避障，没有想到neo2先上了，耐造也是真的牛，即使你化身西北锤王一不小心把它打翻在地都没有什么问题，但不建议尝试[喜极而泣]
2、其次就是neo2竟然有图传模块！带上之后很像小蝴蝶，回头率应该蛮高[嗑瓜子]
3、重量轻，带图传模块160g，抗风性能比上一代更强有内置的电子防抖，cmos没变但整体画质有提升[星星眼][星星眼]
4、交互功能相比上一代也有很多提升，甚至不同的手势可以掌控飞机的飞行方向，cosplay 女巫魔法，玩的好的话可以搞很多独特的运镜，期待后续大神的拍摄教程！[呲牙][呲牙]
5.续航有进步空间，和上一代相差不大，但是快充速度还是蛮快的，用充电管家20分钟左右充满一块，三块电池可以无限续杯，也还可以接受，毕竟这个小机器主要还是自拍一下[脱单doge][脱单doge]
（ps：拍避障的画面是用nano拍的吗？！好可爱）[滑稽]",1761826591,286882489,0.9999999596548047,0.9999999193096094,29363776
BV18nyhBLEN9,"女儿一直想要个NEO，答应她每门考试都考进全班前十就给她买~
结果NEO2都来了[笑哭]",1761890898,105672810,0.9793772364953007,0.9587544729906015,29364848
BV18nyhBLEN9,我的小flip其实就足够日常用了 只是不抗风[笑哭],1761826030,237545207,0.9461974923089208,0.8923949846178416,29363767
BV18nyhBLEN9,这传感器也没变化啊[笑哭]可以等等再说吧,1761827021,298741999,0.7165307860016776,0.43306157200335527,29363783
BV18nyhBLEN9,总结：等Neo 3 !,1761829234,52885583,0.36543963075627217,-0.26912073848745566,29363820
BV18nyhBLEN9,很好，但这里用不上,1761825839,27153556,0.6359038138252919,0.27180762765058386,29363763
BV18nyhBLEN9,真实的使用场景：从包里拿出来，起飞，飞了两分钟，接到派出所电话，说你未报备使用无人机，然后需要立刻停止飞行，然后去局子报道，少则半小时多则半天[doge],1761831543,2502311,0.005913601049552852,-0.9881727979008943,29363859
BV18nyhBLEN9,一千多的无人机，还要啥自行车啊[doge]整体来说还是比较轻巧的，画质也很棒！,1761826591,173006769,0.9904475606618895,0.9808951213237791,29363776
BV18nyhBLEN9,"刚提货，来这里说一下最让我决定购买的一点
这一代噪声巨小，体感比mini4pro还安静，用过neo1的大概就知道这是多么巨大的提升了[明日方舟野趣拾光表情包_震惊]",1761828462,4590180,0.9708089171052777,0.9416178342105554,29363807
BV18nyhBLEN9,玩了一年一代，终于等到二了[笑哭],1761825874,1669084497,0.9004075373015356,0.8008150746030711,29363764
BV18nyhBLEN9,手持mini4pro 旅行2个月分享下感受，首先120m听着很高，其实视觉特别低，拍贴地湖水之类还可以，你想要辽阔的感觉很难。其次单电池续航13分钟，体感基本是转瞬即逝，当然也符合NEO产品定位，如果你指望用它排到旅途的好风景会让你感觉不带劲，比如不能插卡，49G频繁手机导视频会很麻烦，但你只是想要一个新视角，主要拍人，跑步，骑行使用场景在50m以下，是可以推荐的。1999 4电池这个套餐足够了。,1761828752,6548791,0.9999988297113367,0.9999976594226734,29363812
BV18nyhBLEN9,我的思路跑偏了，我想给它加个翅膀做电子飞行宠物，招手就会在我手上或者肩膀上停下。这样终于圆了小时候的哈利波特梦 有了自己的猫头鹰了,1761887575,246639644,0.999964188776796,0.9999283775535921,29364792
BV18nyhBLEN9,"BV1vi4y117Lx
[少女乐团派对_开心][少女乐团派对_开心][少女乐团派对_开心]",1761899989,392503126,0.9998874494266144,0.9997748988532289,29364999
BV18nyhBLEN9,这机器最大的意义是安全，除了6岁以下的小朋友主动吧手指伸进螺旋桨，几乎无危险，街上随便用，这机器最好的用途是不用遥控器，搞个快扣挂身上，想拍就拍，也不用带个包保护。,1761826669,1933861,0.05597980848864714,-0.8880403830227057,29363777
BV18nyhBLEN9,第一代NEO对我最大的用处就是飞在头顶当一个电风扇用[doge][doge][doge]，亲测真的凉快[吃瓜][吃瓜][吃瓜],1761826659,229939351,0.09695132744085211,-0.8060973451182958,29363777
BV18nyhBLEN9,哪个无人机居然这么有趣？原来是 DJI Neo 2 啊，我先「剁手」为敬！[蹲蹲],1761826323,232472043,0.12331168426138706,-0.7533766314772259,29363772
BV18nyhBLEN9,我觉得这种小型无人机受众就是必须要徒步长距离的场景，比如爬山。带这种小型无人机不用增加多少重量体积，爬到山顶拍一下跟随环绕，能出片。。。,1761828930,33183865,0.9986060797842597,0.9972121595685195,29363815
BV18nyhBLEN9,就说很眼熟,1761830223,176443150,0.5168385203190601,0.03367704063812016,29363837
BV18nyhBLEN9,买回来发现家附近无死角全都禁飞[笑哭]学校旁边还是市政府，敢飞直接进去[笑哭],1761886009,507739042,0.9914522857508166,0.9829045715016331,29364766
BV18nyhBLEN9,那么此时是不是入手Neo1的最佳机会？,1761826105,420231720,0.9488549203541252,0.8977098407082504,29363768
BV18nyhBLEN9,"省流：标准版1499元，全套2499
1、最惊喜的是全向避障技术下放，我的mini3都没有全向避障，没有想到neo2先上了，耐造也是真的牛，即使你化身西北锤王一不小心把它打翻在地都没有什么问题，但不建议尝试[喜极而泣]
2、其次就是neo2竟然有图传模块！带上之后很像小蝴蝶，回头率应该蛮高[嗑瓜子]
3、重量轻，带图传模块160g，抗风性能比上一代更强有内置的电子防抖，cmos没变但整体画质有提升[星星眼][星星眼]
4、交互功能相比上一代也有很多提升，甚至不同的手势可以掌控飞机的飞行方向，cosplay 女巫魔法，玩的好的话可以搞很多独特的运镜，期待后续大神的拍摄教程！[呲牙][呲牙]
5.续航有进步空间，和上一代相差不大，但是快充速度还是蛮快的，用充电管家20分钟左右充满一块，三块电池可以无限续杯，也还可以接受，毕竟这个小机器主要还是自拍一下[脱单doge][脱单doge]
（ps：拍避障的画面是用nano拍的吗？！好可爱）[滑稽]",1761826591,286882489,0.9999999596548047,0.9999999193096094,29363776
BV18nyhBLEN9,"女儿一直想要个NEO，答应她每门考试都考进全班前十就给她买~
结果NEO2都来了[笑哭]",1761890898,105672810,0.9793772364953007,0.9587544729906015,29364848
BV18nyhBLEN9,我的小flip其实就足够日常用了 只是不抗风[笑哭],1761826030,237545207,0.9461974923089208,0.8923949846178416,29363767
BV18nyhBLEN9,这传感器也没变化啊[笑哭]可以等等再说吧,1761827021,298741999,0.7165307860016776,0.43306157200335527,29363783
BV18nyhBLEN9,总结：等Neo 3 !,1761829234,52885583,0.36543963075627217,-0.26912073848745566,29363820
BV18nyhBLEN9,很好，但这里用不上,1761825839,27153556,0.6359038138252919,0.27180762765058386,29363763
BV18nyhBLEN9,真实的使用场景：从包里拿出来，起飞，飞了两分钟，接到派出所电话，说你未报备使用无人机，然后需要立刻停止飞行，然后去局子报道，少则半小时多则半天[doge],1761831543,2502311,0.005913601049552852,-0.9881727979008943,29363859
BV18nyhBLEN9,一千多的无人机，还要啥自行车啊[doge]整体来说还是比较轻巧的，画质也很棒！,1761826591,173006769,0.9904475606618895,0.9808951213237791,29363776
BV18nyhBLEN9,"刚提货，来这里说一下最让我决定购买的一点
这一代噪声巨小，体感比mini4pro还安静，用过neo1的大概就知道这是多么巨大的提升了[明日方舟野趣拾光表情包_震惊]",1761828462,4590180,0.9708089171052777,0.9416178342105554,29363807
BV18nyhBLEN9,玩了一年一代，终于等到二了[笑哭],1761825874,1669084497,0.9004075373015356,0.8008150746030711,29363764
BV18nyhBLEN9,手持mini4pro 旅行2个月分享下感受，首先120m听着很高，其实视觉特别低，拍贴地湖水之类还可以，你想要辽阔的感觉很难。其次单电池续航13分钟，体感基本是转瞬即逝，当然也符合NEO产品定位，如果你指望用它排到旅途的好风景会让你感觉不带劲，比如不能插卡，49G频繁手机导视频会很麻烦，但你只是想要一个新视角，主要拍人，跑步，骑行使用场景在50m以下，是可以推荐的。1999 4电池这个套餐足够了。,1761828752,6548791,0.9999988297113367,0.9999976594226734,29363812
BV18nyhBLEN9,我的思路跑偏了，我想给它加个翅膀做电子飞行宠物，招手就会在我手上或者肩膀上停下。这样终于圆了小时候的哈利波特梦 有了自己的猫头鹰了,1761887575,246639644,0.999964188776796,0.9999283775535921,29364792
BV18nyhBLEN9,"BV1vi4y117Lx
[少女乐团派对_开心][少女乐团派对_开心][少女乐团派对_开心]",1761899989,392503126,0.9998874494266144,0.9997748988532289,29364999
BV18nyhBLEN9,这机器最大的意义是安全，除了6岁以下的小朋友主动吧手指伸进螺旋桨，几乎无危险，街上随便用，这机器最好的用途是不用遥控器，搞个快扣挂身上，想拍就拍，也不用带个包保护。,1761826669,1933861,0.05597980848864714,-0.8880403830227057,29363777
BV18nyhBLEN9,第一代NEO对我最大的用处就是飞在头顶当一个电风扇用[doge][doge][doge]，亲测真的凉快[吃瓜][吃瓜][吃瓜],1761826659,229939351,0.09695132744085211,-0.8060973451182958,29363777
BV18nyhBLEN9,哪个无人机居然这么有趣？原来是 DJI Neo 2 啊，我先「剁手」为敬！[蹲蹲],1761826323,232472043,0.12331168426138706,-0.7533766314772259,29363772
BV18nyhBLEN9,我觉得这种小型无人机受众就是必须要徒步长距离的场景，比如爬山。带这种小型无人机不用增加多少重量体积，爬到山顶拍一下跟随环绕，能出片。。。,1761828930,33183865,0.9986060797842597,0.9972121595685195,29363815
BV18nyhBLEN9,就说很眼熟,1761830223,176443150,0.5168385203190601,0.03367704063812016,29363837
BV18nyhBLEN9,买回来发现家附近无死角全都禁飞[笑哭]学校旁边还是市政府，敢飞直接进去[笑哭],1761886009,507739042,0.9914522857508166,0.9829045715016331,29364766
BV18nyhBLEN9,那么此时是不是入手Neo1的最佳机会？,1761826105,420231720,0.9488549203541252,0.8977098407082504,29363768
BV18nyhBLEN9,"省流：标准版1499元，全套2499
1、最惊喜的是全向避障技术下放，我的mini3都没有全向避障，没有想到neo2先上了，耐造也是真的牛，即使你化身西北锤王一不小心把它打翻在地都没有什么问题，但不建议尝试[喜极而泣]
2、其次就是neo2竟然有图传模块！带上之后很像小蝴蝶，回头率应该蛮高[嗑瓜子]
3、重量轻，带图传模块160g，抗风性能比上一代更强有内置的电子防抖，cmos没变但整体画质有提升[星星眼][星星眼]
4、交互功能相比上一代也有很多提升，甚至不同的手势可以掌控飞机的飞行方向，cosplay 女巫魔法，玩的好的话可以搞很多独特的运镜，期待后续大神的拍摄教程！[呲牙][呲牙]
5.续航有进步空间，和上一代相差不大，但是快充速度还是蛮快的，用充电管家20分钟左右充满一块，三块电池可以无限续杯，也还可以接受，毕竟这个小机器主要还是自拍一下[脱单doge][脱单doge]
（ps：拍避障的画面是用nano拍的吗？！好可爱）[滑稽]",1761826591,286882489,0.9999999596548047,0.9999999193096094,29363776
BV18nyhBLEN9,"女儿一直想要个NEO，答应她每门考试都考进全班前十就给她买~
结果NEO2都来了[笑哭]",1761890898,105672810,0.9793772364953007,0.9587544729906015,29364848
BV18nyhBLEN9,我的小flip其实就足够日常用了 只是不抗风[笑哭],1761826030,237545207,0.9461974923089208,0.8923949846178416,29363767
BV18nyhBLEN9,这传感器也没变化啊[笑哭]可以等等再说吧,1761827021,298741999,0.7165307860016776,0.43306157200335527,29363783
BV18nyhBLEN9,总结：等Neo 3 !,1761829234,52885583,0.36543963075627217,-0.26912073848745566,29363820
BV18nyhBLEN9,很好，但这里用不上,1761825839,27153556,0.6359038138252919,0.27180762765058386,29363763
BV18nyhBLEN9,真实的使用场景：从包里拿出来，起飞，飞了两分钟，接到派出所电话，说你未报备使用无人机，然后需要立刻停止飞行，然后去局子报道，少则半小时多则半天[doge],1761831543,2502311,0.005913601049552852,-0.9881727979008943,29363859
BV18nyhBLEN9,一千多的无人机，还要啥自行车啊[doge]整体来说还是比较轻巧的，画质也很棒！,1761826591,173006769,0.9904475606618895,0.9808951213237791,29363776
BV18nyhBLEN9,"刚提货，来这里说一下最让我决定购买的一点
这一代噪声巨小，体感比mini4pro还安静，用过neo1的大概就知道这是多么巨大的提升了[明日方舟野趣拾光表情包_震惊]",1761828462,4590180,0.9708089171052777,0.9416178342105554,29363807
BV18nyhBLEN9,玩了一年一代，终于等到二了[笑哭],1761825874,1669084497,0.9004075373015356,0.8008150746030711,29363764
BV18nyhBLEN9,手持mini4pro 旅行2个月分享下感受，首先120m听着很高，其实视觉特别低，拍贴地湖水之类还可以，你想要辽阔的感觉很难。其次单电池续航13分钟，体感基本是转瞬即逝，当然也符合NEO产品定位，如果你指望用它排到旅途的好风景会让你感觉不带劲，比如不能插卡，49G频繁手机导视频会很麻烦，但你只是想要一个新视角，主要拍人，跑步，骑行使用场景在50m以下，是可以推荐的。1999 4电池这个套餐足够了。,1761828752,6548791,0.9999988297113367,0.9999976594226734,29363812
BV18nyhBLEN9,我的思路跑偏了，我想给它加个翅膀做电子飞行宠物，招手就会在我手上或者肩膀上停下。这样终于圆了小时候的哈利波特梦 有了自己的猫头鹰了,1761887575,246639644,0.999964188776796,0.9999283775535921,29364792
BV18nyhBLEN9,"BV1vi4y117Lx
[少女乐团派对_开心][少女乐团派对_开心][少女乐团派对_开心]",1761899989,392503126,0.9998874494266144,0.9997748988532289,29364999
BV18nyhBLEN9,这机器最大的意义是安全，除了6岁以下的小朋友主动吧手指伸进螺旋桨，几乎无危险，街上随便用，这机器最好的用途是不用遥控器，搞个快扣挂身上，想拍就拍，也不用带个包保护。,1761826669,1933861,0.05597980848864714,-0.8880403830227057,29363777
BV18nyhBLEN9,第一代NEO对我最大的用处就是飞在头顶当一个电风扇用[doge][doge][doge]，亲测真的凉快[吃瓜][吃瓜][吃瓜],1761826659,229939351,0.09695132744085211,-0.8060973451182958,29363777
BV18nyhBLEN9,哪个无人机居然这么有趣？原来是 DJI Neo 2 啊，我先「剁手」为敬！[蹲蹲],1761826323,232472043,0.12331168426138706,-0.7533766314772259,29363772
BV18nyhBLEN9,我觉得这种小型无人机受众就是必须要徒步长距离的场景，比如爬山。带这种小型无人机不用增加多少重量体积，爬到山顶拍一下跟随环绕，能出片。。。,1761828930,33183865,0.9986060797842597,0.9972121595685195,29363815
BV18nyhBLEN9,就说很眼熟,1761830223,176443150,0.5168385203190601,0.03367704063812016,29363837
BV18nyhBLEN9,买回来发现家附近无死角全都禁飞[笑哭]学校旁边还是市政府，敢飞直接进去[笑哭],1761886009,507739042,0.9914522857508166,0.9829045715016331,29364766
BV18nyhBLEN9,那么此时是不是入手Neo1的最佳机会？,1761826105,420231720,0.9488549203541252,0.8977098407082504,29363768
BV18nyhBLEN9,"省流：标准版1499元，全套2499
1、最惊喜的是全向避障技术下放，我的mini3都没有全向避障，没有想到neo2先上了，耐造也是真的牛，即使你化身西北锤王一不小心把它打翻在地都没有什么问题，但不建议尝试[喜极而泣]
2、其次就是neo2竟然有图传模块！带上之后很像小蝴蝶，回头率应该蛮高[嗑瓜子]
3、重量轻，带图传模块160g，抗风性能比上一代更强有内置的电子防抖，cmos没变但整体画质有提升[星星眼][星星眼]
4、交互功能相比上一代也有很多提升，甚至不同的手势可以掌控飞机的飞行方向，cosplay 女巫魔法，玩的好的话可以搞很多独特的运镜，期待后续大神的拍摄教程！[呲牙][呲牙]
5.续航有进步空间，和上一代相差不大，但是快充速度还是蛮快的，用充电管家20分钟左右充满一块，三块电池可以无限续杯，也还可以接受，毕竟这个小机器主要还是自拍一下[脱单doge][脱单doge]
（ps：拍避障的画面是用nano拍的吗？！好可爱）[滑稽]",1761826591,286882489,0.9999999596548047,0.9999999193096094,29363776
BV18nyhBLEN9,"女儿一直想要个NEO，答应她每门考试都考进全班前十就给她买~
结果NEO2都来了[笑哭]",1761890898,105672810,0.9793772364953007,0.9587544729906015,29364848
BV18nyhBLEN9,我的小flip其实就足够日常用了 只是不抗风[笑哭],1761826030,237545207,0.9461974923089208,0.8923949846178416,29363767
BV18nyhBLEN9,这传感器也没变化啊[笑哭]可以等等再说吧,1761827021,298741999,0.7165307860016776,0.43306157200335527,29363783
BV18nyhBLEN9,总结：等Neo 3 !,1761829234,52885583,0.36543963075627217,-0.26912073848745566,29363820
BV18nyhBLEN9,很好，但这里用不上,1761825839,27153556,0.6359038138252919,0.27180762765058386,29363763
BV18nyhBLEN9,真实的使用场景：从包里拿出来，起飞，飞了两分钟，接到派出所电话，说你未报备使用无人机，然后需要立刻停止飞行，然后去局子报道，少则半小时多则半天[doge],1761831543,2502311,0.005913601049552852,-0.9881727979008943,29363859
BV18nyhBLEN9,一千多的无人机，还要啥自行车啊[doge]整体来说还是比较轻巧的，画质也很棒！,1761826591,173006769,0.9904475606618895,0.9808951213237791,29363776
BV18nyhBLEN9,"刚提货，来这里说一下最让我决定购买的一点
这一代噪声巨小，体感比mini4pro还安静，用过neo1的大概就知道这是多么巨大的提升了[明日方舟野趣拾光表情包_震惊]",1761828462,4590180,0.9708089171052777,0.9416178342105554,29363807
BV18nyhBLEN9,玩了一年一代，终于等到二了[笑哭],1761825874,1669084497,0.9004075373015356,0.8008150746030711,29363764
BV18nyhBLEN9,手持mini4pro 旅行2个月分享下感受，首先120m听着很高，其实视觉特别低，拍贴地湖水之类还可以，你想要辽阔的感觉很难。其次单电池续航13分钟，体感基本是转瞬即逝，当然也符合NEO产品定位，如果你指望用它排到旅途的好风景会让你感觉不带劲，比如不能插卡，49G频繁手机导视频会很麻烦，但你只是想要一个新视角，主要拍人，跑步，骑行使用场景在50m以下，是可以推荐的。1999 4电池这个套餐足够了。,1761828752,6548791,0.9999988297113367,0.9999976594226734,29363812
BV18nyhBLEN9,我的思路跑偏了，我想给它加个翅膀做电子飞行宠物，招手就会在我手上或者肩膀上停下。这样终于圆了小时候的哈利波特梦 有了自己的猫头鹰了,1761887575,246639644,0.999964188776796,0.9999283775535921,29364792
BV18nyhBLEN9,"BV1vi4y117Lx
[少女乐团派对_开心][少女乐团派对_开心][少女乐团派对_开心]",1761899989,392503126,0.9998874494266144,0.9997748988532289,29364999
BV18nyhBLEN9,这机器最大的意义是安全，除了6岁以下的小朋友主动吧手指伸进螺旋桨，几乎无危险，街上随便用，这机器最好的用途是不用遥控器，搞个快扣挂身上，想拍就拍，也不用带个包保护。,1761826669,1933861,0.05597980848864714,-0.8880403830227057,29363777
BV18nyhBLEN9,第一代NEO对我最大的用处就是飞在头顶当一个电风扇用[doge][doge][doge]，亲测真的凉快[吃瓜][吃瓜][吃瓜],1761826659,229939351,0.09695132744085211,-0.8060973451182958,29363777
BV18nyhBLEN9,哪个无人机居然这么有趣？原来是 DJI Neo 2 啊，我先「剁手」为敬！[蹲蹲],1761826323,232472043,0.12331168426138706,-0.7533766314772259,29363772
BV18nyhBLEN9,我觉得这种小型无人机受众就是必须要徒步长距离的场景，比如爬山。带这种小型无人机不用增加多少重量体积，爬到山顶拍一下跟随环绕，能出片。。。,1761828930,33183865,0.9986060797842597,0.9972121595685195,29363815
BV18nyhBLEN9,就说很眼熟,1761830223,176443150,0.5168385203190601,0.03367704063812016,29363837
BV18nyhBLEN9,买回来发现家附近无死角全都禁飞[笑哭]学校旁边还是市政府，敢飞直接进去[笑哭],1761886009,507739042,0.9914522857508166,0.9829045715016331,29364766
BV18nyhBLEN9,那么此时是不是入手Neo1的最佳机会？,1761826105,420231720,0.9488549203541252,0.8977098407082504,29363768
BV18nyhBLEN9,"省流：标准版1499元，全套2499
1、最惊喜的是全向避障技术下放，我的mini3都没有全向避障，没有想到neo2先上了，耐造也是真的牛，即使你化身西北锤王一不小心把它打翻在地都没有什么问题，但不建议尝试[喜极而泣]
2、其次就是neo2竟然有图传模块！带上之后很像小蝴蝶，回头率应该蛮高[嗑瓜子]
3、重量轻，带图传模块160g，抗风性能比上一代更强有内置的电子防抖，cmos没变但整体画质有提升[星星眼][星星眼]
4、交互功能相比上一代也有很多提升，甚至不同的手势可以掌控飞机的飞行方向，cosplay 女巫魔法，玩的好的话可以搞很多独特的运镜，期待后续大神的拍摄教程！[呲牙][呲牙]
5.续航有进步空间，和上一代相差不大，但是快充速度还是蛮快的，用充电管家20分钟左右充满一块，三块电池可以无限续杯，也还可以接受，毕竟这个小机器主要还是自拍一下[脱单doge][脱单doge]
（ps：拍避障的画面是用nano拍的吗？！好可爱）[滑稽]",1761826591,286882489,0.9999999596548047,0.9999999193096094,29363776
BV18nyhBLEN9,"女儿一直想要个NEO，答应她每门考试都考进全班前十就给她买~
结果NEO2都来了[笑哭]",1761890898,105672810,0.9793772364953007,0.9587544729906015,29364848
BV18nyhBLEN9,我的小flip其实就足够日常用了 只是不抗风[笑哭],1761826030,237545207,0.9461974923089208,0.8923949846178416,29363767
BV18nyhBLEN9,这传感器也没变化啊[笑哭]可以等等再说吧,1761827021,298741999,0.7165307860016776,0.43306157200335527,29363783
BV18nyhBLEN9,总结：等Neo 3 !,1761829234,52885583,0.36543963075627217,-0.26912073848745566,29363820
BV18nyhBLEN9,很好，但这里用不上,1761825839,27153556,0.6359038138252919,0.27180762765058386,29363763
BV18nyhBLEN9,真实的使用场景：从包里拿出来，起飞，飞了两分钟，接到派出所电话，说你未报备使用无人机，然后需要立刻停止飞行，然后去局子报道，少则半小时多则半天[doge],1761831543,2502311,0.005913601049552852,-0.9881727979008943,29363859
BV18nyhBLEN9,一千多的无人机，还要啥自行车啊[doge]整体来说还是比较轻巧的，画质也很棒！,1761826591,173006769,0.9904475606618895,0.9808951213237791,29363776
BV18nyhBLEN9,"刚提货，来这里说一下最让我决定购买的一点
这一代噪声巨小，体感比mini4pro还安静，用过neo1的大概就知道这是多么巨大的提升了[明日方舟野趣拾光表情包_震惊]",1761828462,4590180,0.9708089171052777,0.9416178342105554,29363807
BV18nyhBLEN9,玩了一年一代，终于等到二了[笑哭],1761825874,1669084497,0.9004075373015356,0.8008150746030711,29363764
BV18nyhBLEN9,手持mini4pro 旅行2个月分享下感受，首先120m听着很高，其实视觉特别低，拍贴地湖水之类还可以，你想要辽阔的感觉很难。其次单电池续航13分钟，体感基本是转瞬即逝，当然也符合NEO产品定位，如果你指望用它排到旅途的好风景会让你感觉不带劲，比如不能插卡，49G频繁手机导视频会很麻烦，但你只是想要一个新视角，主要拍人，跑步，骑行使用场景在50m以下，是可以推荐的。1999 4电池这个套餐足够了。,1761828752,6548791,0.9999988297113367,0.9999976594226734,29363812
BV18nyhBLEN9,我的思路跑偏了，我想给它加个翅膀做电子飞行宠物，招手就会在我手上或者肩膀上停下。这样终于圆了小时候的哈利波特梦 有了自己的猫头鹰了,1761887575,246639644,0.999964188776796,0.9999283775535921,29364792
BV18nyhBLEN9,"BV1vi4y117Lx
[少女乐团派对_开心][少女乐团派对_开心][少女乐团派对_开心]",1761899989,392503126,0.9998874494266144,0.9997748988532289,29364999
BV18nyhBLEN9,这机器最大的意义是安全，除了6岁以下的小朋友主动吧手指伸进螺旋桨，几乎无危险，街上随便用，这机器最好的用途是不用遥控器，搞个快扣挂身上，想拍就拍，也不用带个包保护。,1761826669,1933861,0.05597980848864714,-0.8880403830227057,29363777
BV18nyhBLEN9,第一代NEO对我最大的用处就是飞在头顶当一个电风扇用[doge][doge][doge]，亲测真的凉快[吃瓜][吃瓜][吃瓜],1761826659,229939351,0.09695132744085211,-0.8060973451182958,29363777
BV18nyhBLEN9,哪个无人机居然这么有趣？原来是 DJI Neo 2 啊，我先「剁手」为敬！[蹲蹲],1761826323,232472043,0.12331168426138706,-0.7533766314772259,29363772
BV18nyhBLEN9,我觉得这种小型无人机受众就是必须要徒步长距离的场景，比如爬山。带这种小型无人机不用增加多少重量体积，爬到山顶拍一下跟随环绕，能出片。。。,1761828930,33183865,0.9986060797842597,0.9972121595685195,29363815
BV18nyhBLEN9,就说很眼熟,1761830223,176443150,0.5168385203190601,0.03367704063812016,29363837
BV18nyhBLEN9,买回来发现家附近无死角全都禁飞[笑哭]学校旁边还是市政府，敢飞直接进去[笑哭],1761886009,507739042,0.9914522857508166,0.9829045715016331,29364766
BV18nyhBLEN9,那么此时是不是入手Neo1的最佳机会？,1761826105,420231720,0.9488549203541252,0.8977098407082504,29363768
BV18nyhBLEN9,"省流：标准版1499元，全套2499
1、最惊喜的是全向避障技术下放，我的mini3都没有全向避障，没有想到neo2先上了，耐造也是真的牛，即使你化身西北锤王一不小心把它打翻在地都没有什么问题，但不建议尝试[喜极而泣]
2、其次就是neo2竟然有图传模块！带上之后很像小蝴蝶，回头率应该蛮高[嗑瓜子]
3、重量轻，带图传模块160g，抗风性能比上一代更强有内置的电子防抖，cmos没变但整体画质有提升[星星眼][星星眼]
4、交互功能相比上一代也有很多提升，甚至不同的手势可以掌控飞机的飞行方向，cosplay 女巫魔法，玩的好的话可以搞很多独特的运镜，期待后续大神的拍摄教程！[呲牙][呲牙]
5.续航有进步空间，和上一代相差不大，但是快充速度还是蛮快的，用充电管家20分钟左右充满一块，三块电池可以无限续杯，也还可以接受，毕竟这个小机器主要还是自拍一下[脱单doge][脱单doge]
（ps：拍避障的画面是用nano拍的吗？！好可爱）[滑稽]",1761826591,286882489,0.9999999596548047,0.9999999193096094,29363776
BV18nyhBLEN9,"女儿一直想要个NEO，答应她每门考试都考进全班前十就给她买~
结果NEO2都来了[笑哭]",1761890898,105672810,0.9793772364953007,0.9587544729906015,29364848
BV18nyhBLEN9,我的小flip其实就足够日常用了 只是不抗风[笑哭],1761826030,237545207,0.9461974923089208,0.8923949846178416,29363767
BV18nyhBLEN9,这传感器也没变化啊[笑哭]可以等等再说吧,1761827021,298741999,0.7165307860016776,0.43306157200335527,29363783
BV18nyhBLEN9,总结：等Neo 3 !,1761829234,52885583,0.36543963075627217,-0.26912073848745566,29363820
BV18nyhBLEN9,很好，但这里用不上,1761825839,27153556,0.6359038138252919,0.27180762765058386,29363763
BV18nyhBLEN9,真实的使用场景：从包里拿出来，起飞，飞了两分钟，接到派出所电话，说你未报备使用无人机，然后需要立刻停止飞行，然后去局子报道，少则半小时多则半天[doge],1761831543,2502311,0.005913601049552852,-0.9881727979008943,29363859
BV18nyhBLEN9,一千多的无人机，还要啥自行车啊[doge]整体来说还是比较轻巧的，画质也很棒！,1761826591,173006769,0.9904475606618895,0.9808951213237791,29363776
BV18nyhBLEN9,"刚提货，来这里说一下最让我决定购买的一点
这一代噪声巨小，体感比mini4pro还安静，用过neo1的大概就知道这是多么巨大的提升了[明日方舟野趣拾光表情包_震惊]",1761828462,4590180,0.9708089171052777,0.9416178342105554,29363807
BV18nyhBLEN9,玩了一年一代，终于等到二了[笑哭],1761825874,1669084497,0.9004075373015356,0.8008150746030711,29363764
BV18nyhBLEN9,手持mini4pro 旅行2个月分享下感受，首先120m听着很高，其实视觉特别低，拍贴地湖水之类还可以，你想要辽阔的感觉很难。其次单电池续航13分钟，体感基本是转瞬即逝，当然也符合NEO产品定位，如果你指望用它排到旅途的好风景会让你感觉不带劲，比如不能插卡，49G频繁手机导视频会很麻烦，但你只是想要一个新视角，主要拍人，跑步，骑行使用场景在50m以下，是可以推荐的。1999 4电池这个套餐足够了。,1761828752,6548791,0.9999988297113367,0.9999976594226734,29363812
BV18nyhBLEN9,我的思路跑偏了，我想给它加个翅膀做电子飞行宠物，招手就会在我手上或者肩膀上停下。这样终于圆了小时候的哈利波特梦 有了自己的猫头鹰了,1761887575,246639644,0.999964188776796,0.9999283775535921,29364792
BV18nyhBLEN9,"BV1vi4y117Lx
[少女乐团派对_开心][少女乐团派对_开心][少女乐团派对_开心]",1761899989,392503126,0.9998874494266144,0.9997748988532289,29364999
BV18nyhBLEN9,这机器最大的意义是安全，除了6岁以下的小朋友主动吧手指伸进螺旋桨，几乎无危险，街上随便用，这机器最好的用途是不用遥控器，搞个快扣挂身上，想拍就拍，也不用带个包保护。,1761826669,1933861,0.05597980848864714,-0.8880403830227057,29363777
BV133xFzKEsd,这件是十多年前珠海中学的校服,1761474596,396977736,0.3303097627800877,-0.33938047443982455,29357909
BV133xFzKEsd,"咱们国家以前也是洋垃圾的进口国，真的挺不容易的。中国于2017年7月发布《关于禁止洋垃圾入境推进固体废物进口管理制度改革实施方案》，明确了分批分类禁止进口的时间表。此后，中国通过调整进口目录、加强海关监管、打击走私等多重手段，稳步推进这一政策。
· 固体废物进口量变化：禁令效果显著，中国的固体废物进口量从2016年的4655万吨降至2019年的1348万吨（减少71%），2020年前11个月进一步降至718万吨。",1761449213,515818680,0.9999999987016572,0.9999999974033145,29357486
BV133xFzKEsd,系统还原之后才发现是纽约警察局的监管机，二手真是啥都能买到啊[笑哭],1761458057,188818196,0.5557535329001567,0.11150706580031344,29357634
BV133xFzKEsd,1000W粉Q&A时候送飞龙回老家那段就是在拍这个吧,1761449606,10031348,0.9551892330260945,0.910378466052189,29357493
BV133xFzKEsd,看到封面我还以为是非洲哪个地方，没想到就离我这20公里的地方？我说这为什么这地方雨水都闻着有股味,1761469563,364773351,0.3507078620844919,-0.2985842758310162,29357826
BV133xFzKEsd,说到《巴塞尔公约》，美国作为电子垃圾出口大国，一直没有完成公约批准程序，所以暂时不受约束，这个不是单纯仲裁机制缺失的问题，《巴塞尔公约》本身是有争端解决条款的。,1761481959,546189,0.8246633944535859,0.6493267889071719,29358032
BV133xFzKEsd,在加纳工作过两年，半个月前刚刚辞职回来，视频里的物价是很真实的，加纳真的是一个物价很高的国家，大部分工业品都从中国和西方进口，货币自主权低所以汇率波动很大，然而更残酷的是，加纳还是撒哈拉以南的黑非洲里经济情况和生活水平相对较好的的国家,1761459150,1201846113,0.9999866214129519,0.9999732428259038,29357652
BV133xFzKEsd,谢谢你让我读到世界的这一页,1761449071,254970848,0.9288533333419495,0.857706666683899,29357484
BV133xFzKEsd,"中国应该是垃圾回收做的最好的地方了（没有之一）。下楼散步，丢几个带饮料瓶/快递盒的垃圾，转一圈回来就发现，自己的那包垃圾里的饮料瓶/快递盒就已经被刷新的老精灵捡走了。。。
但凡有一丁点价值的都会被分类卖了……",1761459562,10736258,5.4426447030242464e-05,-0.9998911471059395,29357659
BV133xFzKEsd,其实我每次都觉得虽然家境很普通，但打开水龙头就有清水，打开开关就有电灯，有通风的房间，有阳台可以晒被子衣服，就已经很幸福了。[微笑],1761457548,2602230,0.3920571637266751,-0.2158856725466498,29357625
BV133xFzKEsd,潮汕地区的人应该知道以前的贵屿也是这样的,1761452445,27242113,0.6370312155886297,0.2740624311772595,29357540
BV133xFzKEsd,另一个感慨是投胎的重要性，飞龙作为中非混血，如果当年回了非洲，人生轨迹就天差地别了[笑哭],1761449765,38717813,0.9977434861514493,0.9954869723028985,29357496
BV133xFzKEsd,我们国家曾经是电子垃圾进口第一大国，广东贵屿镇是全国最大的电子垃圾回收市场，陈湫帆写了个小说《荒潮》，原型就是贵屿。贵屿的各种疾病远高于潮汕其他地区，白血病，血铅中毒，癌症等等。10年代之后国家要求进行整改，环境改善了不少，但是重金属污染不是十年二十年就能治理完成的。如今加纳算是承接了贵屿镇的一部分生产，但是电子垃圾带来的影响，百年也无法消除,1761451895,11016142,0.9785754340786933,0.9571508681573866,29357531
BV133xFzKEsd,希望影视飓风能多拍一些这种人文题材的视频，真的超喜欢看，有种纪录片的感觉,1761448180,540060012,0.974100257525086,0.948200515050172,29357469
BV133xFzKEsd,放在几年前我很难想象这是在流媒体尚能有的质感。已经是趋近于电影，纪录片级别的镜头了。影视飓风完完全全就是降维打击[支持],1761449664,1236876746,0.9761309650533081,0.9522619301066162,29357494
BV133xFzKEsd,前两天正在接触的一个项目，简单点说，把废旧塑料变成石油。（塑料热解燃油）某种程度上说，我们已经走到世界前面了。,1761452067,5300505,0.5323317761393547,0.06466355227870935,29357534
BV133xFzKEsd,所以科学的处理方式是什么呢，有没有专门处理这些东西的厂，感觉tim可以去找拍一下,1761456558,689800568,0.46608486501763824,-0.06783026996472352,29357609
BV133xFzKEsd,玩太空科幻题材游戏的时候觉得里面很方便的设定就是黑洞垃圾桶，你朝里面一扔垃圾就被黑洞吸到不知道宇宙的那个地方去了[笑哭],1761448090,32794024,0.9799539971672327,0.9599079943344655,29357468
BV133xFzKEsd,[思考]如果我们积累足够多的回收提炼技术，这些垃圾山对于我们来说不就是新一代的矿山？,1761464979,21543439,0.9982358701362942,0.9964717402725884,29357749
BV133xFzKEsd,感觉影视飓风这种人文的，真的能和食贫道合作，拍中长视频，更多更深的了解[UPOWER_39627524_有内味了],1761447917,3546978856208835,0.8191220137676141,0.6382440275352281,29357465
BV133xFzKEsd,这件是十多年前珠海中学的校服,1761474596,396977736,0.3303097627800877,-0.33938047443982455,29357909
BV133xFzKEsd,"咱们国家以前也是洋垃圾的进口国，真的挺不容易的。中国于2017年7月发布《关于禁止洋垃圾入境推进固体废物进口管理制度改革实施方案》，明确了分批分类禁止进口的时间表。此后，中国通过调整进口目录、加强海关监管、打击走私等多重手段，稳步推进这一政策。
· 固体废物进口量变化：禁令效果显著，中国的固体废物进口量从2016年的4655万吨降至2019年的1348万吨（减少71%），2020年前11个月进一步降至718万吨。",1761449213,515818680,0.9999999987016572,0.9999999974033145,29357486
BV133xFzKEsd,系统还原之后才发现是纽约警察局的监管机，二手真是啥都能买到啊[笑哭],1761458057,188818196,0.5557535329001567,0.11150706580031344,29357634
BV133xFzKEsd,1000W粉Q&A时候送飞龙回老家那段就是在拍这个吧,1761449606,10031348,0.9551892330260945,0.910378466052189,29357493
BV133xFzKEsd,看到封面我还以为是非洲哪个地方，没想到就离我这20公里的地方？我说这为什么这地方雨水都闻着有股味,1761469563,364773351,0.3507078620844919,-0.2985842758310162,29357826
BV133xFzKEsd,说到《巴塞尔公约》，美国作为电子垃圾出口大国，一直没有完成公约批准程序，所以暂时不受约束，这个不是单纯仲裁机制缺失的问题，《巴塞尔公约》本身是有争端解决条款的。,1761481959,546189,0.8246633944535859,0.6493267889071719,29358032
BV133xFzKEsd,在加纳工作过两年，半个月前刚刚辞职回来，视频里的物价是很真实的，加纳真的是一个物价很高的国家，大部分工业品都从中国和西方进口，货币自主权低所以汇率波动很大，然而更残酷的是，加纳还是撒哈拉以南的黑非洲里经济情况和生活水平相对较好的的国家,1761459150,1201846113,0.9999866214129519,0.9999732428259038,29357652
BV133xFzKEsd,谢谢你让我读到世界的这一页,1761449071,254970848,0.9288533333419495,0.857706666683899,29357484
BV133xFzKEsd,"中国应该是垃圾回收做的最好的地方了（没有之一）。下楼散步，丢几个带饮料瓶/快递盒的垃圾，转一圈回来就发现，自己的那包垃圾里的饮料瓶/快递盒就已经被刷新的老精灵捡走了。。。
但凡有一丁点价值的都会被分类卖了……",1761459562,10736258,5.4426447030242464e-05,-0.9998911471059395,29357659
BV133xFzKEsd,其实我每次都觉得虽然家境很普通，但打开水龙头就有清水，打开开关就有电灯，有通风的房间，有阳台可以晒被子衣服，就已经很幸福了。[微笑],1761457548,2602230,0.3920571637266751,-0.2158856725466498,29357625
BV133xFzKEsd,潮汕地区的人应该知道以前的贵屿也是这样的,1761452445,27242113,0.6370312155886297,0.2740624311772595,29357540
BV133xFzKEsd,另一个感慨是投胎的重要性，飞龙作为中非混血，如果当年回了非洲，人生轨迹就天差地别了[笑哭],1761449765,38717813,0.9977434861514493,0.9954869723028985,29357496
BV133xFzKEsd,我们国家曾经是电子垃圾进口第一大国，广东贵屿镇是全国最大的电子垃圾回收市场，陈湫帆写了个小说《荒潮》，原型就是贵屿。贵屿的各种疾病远高于潮汕其他地区，白血病，血铅中毒，癌症等等。10年代之后国家要求进行整改，环境改善了不少，但是重金属污染不是十年二十年就能治理完成的。如今加纳算是承接了贵屿镇的一部分生产，但是电子垃圾带来的影响，百年也无法消除,1761451895,11016142,0.9785754340786933,0.9571508681573866,29357531
BV133xFzKEsd,希望影视飓风能多拍一些这种人文题材的视频，真的超喜欢看，有种纪录片的感觉,1761448180,540060012,0.974100257525086,0.948200515050172,29357469
BV133xFzKEsd,放在几年前我很难想象这是在流媒体尚能有的质感。已经是趋近于电影，纪录片级别的镜头了。影视飓风完完全全就是降维打击[支持],1761449664,1236876746,0.9761309650533081,0.9522619301066162,29357494
BV133xFzKEsd,前两天正在接触的一个项目，简单点说，把废旧塑料变成石油。（塑料热解燃油）某种程度上说，我们已经走到世界前面了。,1761452067,5300505,0.5323317761393547,0.06466355227870935,29357534
BV133xFzKEsd,所以科学的处理方式是什么呢，有没有专门处理这些东西的厂，感觉tim可以去找拍一下,1761456558,689800568,0.46608486501763824,-0.06783026996472352,29357609
BV133xFzKEsd,玩太空科幻题材游戏的时候觉得里面很方便的设定就是黑洞垃圾桶，你朝里面一扔垃圾就被黑洞吸到不知道宇宙的那个地方去了[笑哭],1761448090,32794024,0.9799539971672327,0.9599079943344655,29357468
BV133xFzKEsd,[思考]如果我们积累足够多的回收提炼技术，这些垃圾山对于我们来说不就是新一代的矿山？,1761464979,21543439,0.9982358701362942,0.9964717402725884,29357749
BV133xFzKEsd,感觉影视飓风这种人文的，真的能和食贫道合作，拍中长视频，更多更深的了解[UPOWER_39627524_有内味了],1761447917,3546978856208835,0.8191220137676141,0.6382440275352281,29357465
BV133xFzKEsd,这件是十多年前珠海中学的校服,1761474596,396977736,0.3303097627800877,-0.33938047443982455,29357909
BV133xFzKEsd,"咱们国家以前也是洋垃圾的进口国，真的挺不容易的。中国于2017年7月发布《关于禁止洋垃圾入境推进固体废物进口管理制度改革实施方案》，明确了分批分类禁止进口的时间表。此后，中国通过调整进口目录、加强海关监管、打击走私等多重手段，稳步推进这一政策。
· 固体废物进口量变化：禁令效果显著，中国的固体废物进口量从2016年的4655万吨降至2019年的1348万吨（减少71%），2020年前11个月进一步降至718万吨。",1761449213,515818680,0.9999999987016572,0.9999999974033145,29357486
BV133xFzKEsd,系统还原之后才发现是纽约警察局的监管机，二手真是啥都能买到啊[笑哭],1761458057,188818196,0.5557535329001567,0.11150706580031344,29357634
BV133xFzKEsd,1000W粉Q&A时候送飞龙回老家那段就是在拍这个吧,1761449606,10031348,0.9551892330260945,0.910378466052189,29357493
BV133xFzKEsd,看到封面我还以为是非洲哪个地方，没想到就离我这20公里的地方？我说这为什么这地方雨水都闻着有股味,1761469563,364773351,0.3507078620844919,-0.2985842758310162,29357826
BV133xFzKEsd,说到《巴塞尔公约》，美国作为电子垃圾出口大国，一直没有完成公约批准程序，所以暂时不受约束，这个不是单纯仲裁机制缺失的问题，《巴塞尔公约》本身是有争端解决条款的。,1761481959,546189,0.8246633944535859,0.6493267889071719,29358032
BV133xFzKEsd,在加纳工作过两年，半个月前刚刚辞职回来，视频里的物价是很真实的，加纳真的是一个物价很高的国家，大部分工业品都从中国和西方进口，货币自主权低所以汇率波动很大，然而更残酷的是，加纳还是撒哈拉以南的黑非洲里经济情况和生活水平相对较好的的国家,1761459150,1201846113,0.9999866214129519,0.9999732428259038,29357652
BV133xFzKEsd,谢谢你让我读到世界的这一页,1761449071,254970848,0.9288533333419495,0.857706666683899,29357484
BV133xFzKEsd,"中国应该是垃圾回收做的最好的地方了（没有之一）。下楼散步，丢几个带饮料瓶/快递盒的垃圾，转一圈回来就发现，自己的那包垃圾里的饮料瓶/快递盒就已经被刷新的老精灵捡走了。。。
但凡有一丁点价值的都会被分类卖了……",1761459562,10736258,5.4426447030242464e-05,-0.9998911471059395,29357659
BV133xFzKEsd,其实我每次都觉得虽然家境很普通，但打开水龙头就有清水，打开开关就有电灯，有通风的房间，有阳台可以晒被子衣服，就已经很幸福了。[微笑],1761457548,2602230,0.3920571637266751,-0.2158856725466498,29357625
BV133xFzKEsd,潮汕地区的人应该知道以前的贵屿也是这样的,1761452445,27242113,0.6370312155886297,0.2740624311772595,29357540
BV133xFzKEsd,另一个感慨是投胎的重要性，飞龙作为中非混血，如果当年回了非洲，人生轨迹就天差地别了[笑哭],1761449765,38717813,0.9977434861514493,0.9954869723028985,29357496
BV133xFzKEsd,我们国家曾经是电子垃圾进口第一大国，广东贵屿镇是全国最大的电子垃圾回收市场，陈湫帆写了个小说《荒潮》，原型就是贵屿。贵屿的各种疾病远高于潮汕其他地区，白血病，血铅中毒，癌症等等。10年代之后国家要求进行整改，环境改善了不少，但是重金属污染不是十年二十年就能治理完成的。如今加纳算是承接了贵屿镇的一部分生产，但是电子垃圾带来的影响，百年也无法消除,1761451895,11016142,0.9785754340786933,0.9571508681573866,29357531
BV133xFzKEsd,希望影视飓风能多拍一些这种人文题材的视频，真的超喜欢看，有种纪录片的感觉,1761448180,540060012,0.974100257525086,0.948200515050172,29357469
BV133xFzKEsd,放在几年前我很难想象这是在流媒体尚能有的质感。已经是趋近于电影，纪录片级别的镜头了。影视飓风完完全全就是降维打击[支持],1761449664,1236876746,0.9761309650533081,0.9522619301066162,29357494
BV133xFzKEsd,前两天正在接触的一个项目，简单点说，把废旧塑料变成石油。（塑料热解燃油）某种程度上说，我们已经走到世界前面了。,1761452067,5300505,0.5323317761393547,0.06466355227870935,29357534
BV133xFzKEsd,所以科学的处理方式是什么呢，有没有专门处理这些东西的厂，感觉tim可以去找拍一下,1761456558,689800568,0.46608486501763824,-0.06783026996472352,29357609
BV133xFzKEsd,玩太空科幻题材游戏的时候觉得里面很方便的设定就是黑洞垃圾桶，你朝里面一扔垃圾就被黑洞吸到不知道宇宙的那个地方去了[笑哭],1761448090,32794024,0.9799539971672327,0.9599079943344655,29357468
BV133xFzKEsd,[思考]如果我们积累足够多的回收提炼技术，这些垃圾山对于我们来说不就是新一代的矿山？,1761464979,21543439,0.9982358701362942,0.9964717402725884,29357749
BV133xFzKEsd,感觉影视飓风这种人文的，真的能和食贫道合作，拍中长视频，更多更深的了解[UPOWER_39627524_有内味了],1761447917,3546978856208835,0.8191220137676141,0.6382440275352281,29357465
BV133xFzKEsd,这件是十多年前珠海中学的校服,1761474596,396977736,0.3303097627800877,-0.33938047443982455,29357909
BV133xFzKEsd,"咱们国家以前也是洋垃圾的进口国，真的挺不容易的。中国于2017年7月发布《关于禁止洋垃圾入境推进固体废物进口管理制度改革实施方案》，明确了分批分类禁止进口的时间表。此后，中国通过调整进口目录、加强海关监管、打击走私等多重手段，稳步推进这一政策。
· 固体废物进口量变化：禁令效果显著，中国的固体废物进口量从2016年的4655万吨降至2019年的1348万吨（减少71%），2020年前11个月进一步降至718万吨。",1761449213,515818680,0.9999999987016572,0.9999999974033145,29357486
BV133xFzKEsd,系统还原之后才发现是纽约警察局的监管机，二手真是啥都能买到啊[笑哭],1761458057,188818196,0.5557535329001567,0.11150706580031344,29357634
BV133xFzKEsd,1000W粉Q&A时候送飞龙回老家那段就是在拍这个吧,1761449606,10031348,0.9551892330260945,0.910378466052189,29357493
BV133xFzKEsd,看到封面我还以为是非洲哪个地方，没想到就离我这20公里的地方？我说这为什么这地方雨水都闻着有股味,1761469563,364773351,0.3507078620844919,-0.2985842758310162,29357826
BV133xFzKEsd,说到《巴塞尔公约》，美国作为电子垃圾出口大国，一直没有完成公约批准程序，所以暂时不受约束，这个不是单纯仲裁机制缺失的问题，《巴塞尔公约》本身是有争端解决条款的。,1761481959,546189,0.8246633944535859,0.6493267889071719,29358032
BV133xFzKEsd,在加纳工作过两年，半个月前刚刚辞职回来，视频里的物价是很真实的，加纳真的是一个物价很高的国家，大部分工业品都从中国和西方进口，货币自主权低所以汇率波动很大，然而更残酷的是，加纳还是撒哈拉以南的黑非洲里经济情况和生活水平相对较好的的国家,1761459150,1201846113,0.9999866214129519,0.9999732428259038,29357652
BV133xFzKEsd,谢谢你让我读到世界的这一页,1761449071,254970848,0.9288533333419495,0.857706666683899,29357484
BV133xFzKEsd,"中国应该是垃圾回收做的最好的地方了（没有之一）。下楼散步，丢几个带饮料瓶/快递盒的垃圾，转一圈回来就发现，自己的那包垃圾里的饮料瓶/快递盒就已经被刷新的老精灵捡走了。。。
但凡有一丁点价值的都会被分类卖了……",1761459562,10736258,5.4426447030242464e-05,-0.9998911471059395,29357659
BV133xFzKEsd,其实我每次都觉得虽然家境很普通，但打开水龙头就有清水，打开开关就有电灯，有通风的房间，有阳台可以晒被子衣服，就已经很幸福了。[微笑],1761457548,2602230,0.3920571637266751,-0.2158856725466498,29357625
BV133xFzKEsd,潮汕地区的人应该知道以前的贵屿也是这样的,1761452445,27242113,0.6370312155886297,0.2740624311772595,29357540
BV133xFzKEsd,另一个感慨是投胎的重要性，飞龙作为中非混血，如果当年回了非洲，人生轨迹就天差地别了[笑哭],1761449765,38717813,0.9977434861514493,0.9954869723028985,29357496
BV133xFzKEsd,我们国家曾经是电子垃圾进口第一大国，广东贵屿镇是全国最大的电子垃圾回收市场，陈湫帆写了个小说《荒潮》，原型就是贵屿。贵屿的各种疾病远高于潮汕其他地区，白血病，血铅中毒，癌症等等。10年代之后国家要求进行整改，环境改善了不少，但是重金属污染不是十年二十年就能治理完成的。如今加纳算是承接了贵屿镇的一部分生产，但是电子垃圾带来的影响，百年也无法消除,1761451895,11016142,0.9785754340786933,0.9571508681573866,29357531
BV133xFzKEsd,希望影视飓风能多拍一些这种人文题材的视频，真的超喜欢看，有种纪录片的感觉,1761448180,540060012,0.974100257525086,0.948200515050172,29357469
BV133xFzKEsd,放在几年前我很难想象这是在流媒体尚能有的质感。已经是趋近于电影，纪录片级别的镜头了。影视飓风完完全全就是降维打击[支持],1761449664,1236876746,0.9761309650533081,0.9522619301066162,29357494
BV133xFzKEsd,前两天正在接触的一个项目，简单点说，把废旧塑料变成石油。（塑料热解燃油）某种程度上说，我们已经走到世界前面了。,1761452067,5300505,0.5323317761393547,0.06466355227870935,29357534
BV133xFzKEsd,所以科学的处理方式是什么呢，有没有专门处理这些东西的厂，感觉tim可以去找拍一下,1761456558,689800568,0.46608486501763824,-0.06783026996472352,29357609
BV133xFzKEsd,玩太空科幻题材游戏的时候觉得里面很方便的设定就是黑洞垃圾桶，你朝里面一扔垃圾就被黑洞吸到不知道宇宙的那个地方去了[笑哭],1761448090,32794024,0.9799539971672327,0.9599079943344655,29357468
BV133xFzKEsd,[思考]如果我们积累足够多的回收提炼技术，这些垃圾山对于我们来说不就是新一代的矿山？,1761464979,21543439,0.9982358701362942,0.9964717402725884,29357749
BV133xFzKEsd,感觉影视飓风这种人文的，真的能和食贫道合作，拍中长视频，更多更深的了解[UPOWER_39627524_有内味了],1761447917,3546978856208835,0.8191220137676141,0.6382440275352281,29357465
BV133xFzKEsd,这件是十多年前珠海中学的校服,1761474596,396977736,0.3303097627800877,-0.33938047443982455,29357909
BV133xFzKEsd,"咱们国家以前也是洋垃圾的进口国，真的挺不容易的。中国于2017年7月发布《关于禁止洋垃圾入境推进固体废物进口管理制度改革实施方案》，明确了分批分类禁止进口的时间表。此后，中国通过调整进口目录、加强海关监管、打击走私等多重手段，稳步推进这一政策。
· 固体废物进口量变化：禁令效果显著，中国的固体废物进口量从2016年的4655万吨降至2019年的1348万吨（减少71%），2020年前11个月进一步降至718万吨。",1761449213,515818680,0.9999999987016572,0.9999999974033145,29357486
BV133xFzKEsd,系统还原之后才发现是纽约警察局的监管机，二手真是啥都能买到啊[笑哭],1761458057,188818196,0.5557535329001567,0.11150706580031344,29357634
BV133xFzKEsd,1000W粉Q&A时候送飞龙回老家那段就是在拍这个吧,1761449606,10031348,0.9551892330260945,0.910378466052189,29357493
BV133xFzKEsd,看到封面我还以为是非洲哪个地方，没想到就离我这20公里的地方？我说这为什么这地方雨水都闻着有股味,1761469563,364773351,0.3507078620844919,-0.2985842758310162,29357826
BV133xFzKEsd,说到《巴塞尔公约》，美国作为电子垃圾出口大国，一直没有完成公约批准程序，所以暂时不受约束，这个不是单纯仲裁机制缺失的问题，《巴塞尔公约》本身是有争端解决条款的。,1761481959,546189,0.8246633944535859,0.6493267889071719,29358032
BV133xFzKEsd,在加纳工作过两年，半个月前刚刚辞职回来，视频里的物价是很真实的，加纳真的是一个物价很高的国家，大部分工业品都从中国和西方进口，货币自主权低所以汇率波动很大，然而更残酷的是，加纳还是撒哈拉以南的黑非洲里经济情况和生活水平相对较好的的国家,1761459150,1201846113,0.9999866214129519,0.9999732428259038,29357652
BV133xFzKEsd,谢谢你让我读到世界的这一页,1761449071,254970848,0.9288533333419495,0.857706666683899,29357484
BV133xFzKEsd,"中国应该是垃圾回收做的最好的地方了（没有之一）。下楼散步，丢几个带饮料瓶/快递盒的垃圾，转一圈回来就发现，自己的那包垃圾里的饮料瓶/快递盒就已经被刷新的老精灵捡走了。。。
但凡有一丁点价值的都会被分类卖了……",1761459562,10736258,5.4426447030242464e-05,-0.9998911471059395,29357659
BV133xFzKEsd,其实我每次都觉得虽然家境很普通，但打开水龙头就有清水，打开开关就有电灯，有通风的房间，有阳台可以晒被子衣服，就已经很幸福了。[微笑],1761457548,2602230,0.3920571637266751,-0.2158856725466498,29357625
BV133xFzKEsd,潮汕地区的人应该知道以前的贵屿也是这样的,1761452445,27242113,0.6370312155886297,0.2740624311772595,29357540
BV133xFzKEsd,另一个感慨是投胎的重要性，飞龙作为中非混血，如果当年回了非洲，人生轨迹就天差地别了[笑哭],1761449765,38717813,0.9977434861514493,0.9954869723028985,29357496
BV133xFzKEsd,我们国家曾经是电子垃圾进口第一大国，广东贵屿镇是全国最大的电子垃圾回收市场，陈湫帆写了个小说《荒潮》，原型就是贵屿。贵屿的各种疾病远高于潮汕其他地区，白血病，血铅中毒，癌症等等。10年代之后国家要求进行整改，环境改善了不少，但是重金属污染不是十年二十年就能治理完成的。如今加纳算是承接了贵屿镇的一部分生产，但是电子垃圾带来的影响，百年也无法消除,1761451895,11016142,0.9785754340786933,0.9571508681573866,29357531
BV133xFzKEsd,希望影视飓风能多拍一些这种人文题材的视频，真的超喜欢看，有种纪录片的感觉,1761448180,540060012,0.974100257525086,0.948200515050172,29357469
BV133xFzKEsd,放在几年前我很难想象这是在流媒体尚能有的质感。已经是趋近于电影，纪录片级别的镜头了。影视飓风完完全全就是降维打击[支持],1761449664,1236876746,0.9761309650533081,0.9522619301066162,29357494
BV133xFzKEsd,前两天正在接触的一个项目，简单点说，把废旧塑料变成石油。（塑料热解燃油）某种程度上说，我们已经走到世界前面了。,1761452067,5300505,0.5323317761393547,0.06466355227870935,29357534
BV133xFzKEsd,所以科学的处理方式是什么呢，有没有专门处理这些东西的厂，感觉tim可以去找拍一下,1761456558,689800568,0.46608486501763824,-0.06783026996472352,29357609
BV133xFzKEsd,玩太空科幻题材游戏的时候觉得里面很方便的设定就是黑洞垃圾桶，你朝里面一扔垃圾就被黑洞吸到不知道宇宙的那个地方去了[笑哭],1761448090,32794024,0.9799539971672327,0.9599079943344655,29357468
BV133xFzKEsd,[思考]如果我们积累足够多的回收提炼技术，这些垃圾山对于我们来说不就是新一代的矿山？,1761464979,21543439,0.9982358701362942,0.9964717402725884,29357749
BV133xFzKEsd,感觉影视飓风这种人文的，真的能和食贫道合作，拍中长视频，更多更深的了解[UPOWER_39627524_有内味了],1761447917,3546978856208835,0.8191220137676141,0.6382440275352281,29357465
BV133xFzKEsd,这件是十多年前珠海中学的校服,1761474596,396977736,0.3303097627800877,-0.33938047443982455,29357909
BV133xFzKEsd,"咱们国家以前也是洋垃圾的进口国，真的挺不容易的。中国于2017年7月发布《关于禁止洋垃圾入境推进固体废物进口管理制度改革实施方案》，明确了分批分类禁止进口的时间表。此后，中国通过调整进口目录、加强海关监管、打击走私等多重手段，稳步推进这一政策。
· 固体废物进口量变化：禁令效果显著，中国的固体废物进口量从2016年的4655万吨降至2019年的1348万吨（减少71%），2020年前11个月进一步降至718万吨。",1761449213,515818680,0.9999999987016572,0.9999999974033145,29357486
BV133xFzKEsd,系统还原之后才发现是纽约警察局的监管机，二手真是啥都能买到啊[笑哭],1761458057,188818196,0.5557535329001567,0.11150706580031344,29357634
BV133xFzKEsd,1000W粉Q&A时候送飞龙回老家那段就是在拍这个吧,1761449606,10031348,0.9551892330260945,0.910378466052189,29357493
BV133xFzKEsd,看到封面我还以为是非洲哪个地方，没想到就离我这20公里的地方？我说这为什么这地方雨水都闻着有股味,1761469563,364773351,0.3507078620844919,-0.2985842758310162,29357826
BV133xFzKEsd,说到《巴塞尔公约》，美国作为电子垃圾出口大国，一直没有完成公约批准程序，所以暂时不受约束，这个不是单纯仲裁机制缺失的问题，《巴塞尔公约》本身是有争端解决条款的。,1761481959,546189,0.8246633944535859,0.6493267889071719,29358032
BV133xFzKEsd,在加纳工作过两年，半个月前刚刚辞职回来，视频里的物价是很真实的，加纳真的是一个物价很高的国家，大部分工业品都从中国和西方进口，货币自主权低所以汇率波动很大，然而更残酷的是，加纳还是撒哈拉以南的黑非洲里经济情况和生活水平相对较好的的国家,1761459150,1201846113,0.9999866214129519,0.9999732428259038,29357652
BV133xFzKEsd,谢谢你让我读到世界的这一页,1761449071,254970848,0.9288533333419495,0.857706666683899,29357484
BV133xFzKEsd,"中国应该是垃圾回收做的最好的地方了（没有之一）。下楼散步，丢几个带饮料瓶/快递盒的垃圾，转一圈回来就发现，自己的那包垃圾里的饮料瓶/快递盒就已经被刷新的老精灵捡走了。。。
但凡有一丁点价值的都会被分类卖了……",1761459562,10736258,5.4426447030242464e-05,-0.9998911471059395,29357659
BV133xFzKEsd,其实我每次都觉得虽然家境很普通，但打开水龙头就有清水，打开开关就有电灯，有通风的房间，有阳台可以晒被子衣服，就已经很幸福了。[微笑],1761457548,2602230,0.3920571637266751,-0.2158856725466498,29357625
BV133xFzKEsd,潮汕地区的人应该知道以前的贵屿也是这样的,1761452445,27242113,0.6370312155886297,0.2740624311772595,29357540
BV133xFzKEsd,另一个感慨是投胎的重要性，飞龙作为中非混血，如果当年回了非洲，人生轨迹就天差地别了[笑哭],1761449765,38717813,0.9977434861514493,0.9954869723028985,29357496
BV133xFzKEsd,我们国家曾经是电子垃圾进口第一大国，广东贵屿镇是全国最大的电子垃圾回收市场，陈湫帆写了个小说《荒潮》，原型就是贵屿。贵屿的各种疾病远高于潮汕其他地区，白血病，血铅中毒，癌症等等。10年代之后国家要求进行整改，环境改善了不少，但是重金属污染不是十年二十年就能治理完成的。如今加纳算是承接了贵屿镇的一部分生产，但是电子垃圾带来的影响，百年也无法消除,1761451895,11016142,0.9785754340786933,0.9571508681573866,29357531
BV133xFzKEsd,希望影视飓风能多拍一些这种人文题材的视频，真的超喜欢看，有种纪录片的感觉,1761448180,540060012,0.974100257525086,0.948200515050172,29357469
BV133xFzKEsd,放在几年前我很难想象这是在流媒体尚能有的质感。已经是趋近于电影，纪录片级别的镜头了。影视飓风完完全全就是降维打击[支持],1761449664,1236876746,0.9761309650533081,0.9522619301066162,29357494
BV133xFzKEsd,前两天正在接触的一个项目，简单点说，把废旧塑料变成石油。（塑料热解燃油）某种程度上说，我们已经走到世界前面了。,1761452067,5300505,0.5323317761393547,0.06466355227870935,29357534
BV133xFzKEsd,所以科学的处理方式是什么呢，有没有专门处理这些东西的厂，感觉tim可以去找拍一下,1761456558,689800568,0.46608486501763824,-0.06783026996472352,29357609
BV133xFzKEsd,玩太空科幻题材游戏的时候觉得里面很方便的设定就是黑洞垃圾桶，你朝里面一扔垃圾就被黑洞吸到不知道宇宙的那个地方去了[笑哭],1761448090,32794024,0.9799539971672327,0.9599079943344655,29357468
BV133xFzKEsd,[思考]如果我们积累足够多的回收提炼技术，这些垃圾山对于我们来说不就是新一代的矿山？,1761464979,21543439,0.9982358701362942,0.9964717402725884,29357749
BV133xFzKEsd,感觉影视飓风这种人文的，真的能和食贫道合作，拍中长视频，更多更深的了解[UPOWER_39627524_有内味了],1761447917,3546978856208835,0.8191220137676141,0.6382440275352281,29357465
BV133xFzKEsd,这件是十多年前珠海中学的校服,1761474596,396977736,0.3303097627800877,-0.33938047443982455,29357909
BV133xFzKEsd,"咱们国家以前也是洋垃圾的进口国，真的挺不容易的。中国于2017年7月发布《关于禁止洋垃圾入境推进固体废物进口管理制度改革实施方案》，明确了分批分类禁止进口的时间表。此后，中国通过调整进口目录、加强海关监管、打击走私等多重手段，稳步推进这一政策。
· 固体废物进口量变化：禁令效果显著，中国的固体废物进口量从2016年的4655万吨降至2019年的1348万吨（减少71%），2020年前11个月进一步降至718万吨。",1761449213,515818680,0.9999999987016572,0.9999999974033145,29357486
BV133xFzKEsd,系统还原之后才发现是纽约警察局的监管机，二手真是啥都能买到啊[笑哭],1761458057,188818196,0.5557535329001567,0.11150706580031344,29357634
BV133xFzKEsd,1000W粉Q&A时候送飞龙回老家那段就是在拍这个吧,1761449606,10031348,0.9551892330260945,0.910378466052189,29357493
BV133xFzKEsd,看到封面我还以为是非洲哪个地方，没想到就离我这20公里的地方？我说这为什么这地方雨水都闻着有股味,1761469563,364773351,0.3507078620844919,-0.2985842758310162,29357826
BV133xFzKEsd,说到《巴塞尔公约》，美国作为电子垃圾出口大国，一直没有完成公约批准程序，所以暂时不受约束，这个不是单纯仲裁机制缺失的问题，《巴塞尔公约》本身是有争端解决条款的。,1761481959,546189,0.8246633944535859,0.6493267889071719,29358032
BV133xFzKEsd,在加纳工作过两年，半个月前刚刚辞职回来，视频里的物价是很真实的，加纳真的是一个物价很高的国家，大部分工业品都从中国和西方进口，货币自主权低所以汇率波动很大，然而更残酷的是，加纳还是撒哈拉以南的黑非洲里经济情况和生活水平相对较好的的国家,1761459150,1201846113,0.9999866214129519,0.9999732428259038,29357652
BV133xFzKEsd,谢谢你让我读到世界的这一页,1761449071,254970848,0.9288533333419495,0.857706666683899,29357484
BV133xFzKEsd,"中国应该是垃圾回收做的最好的地方了（没有之一）。下楼散步，丢几个带饮料瓶/快递盒的垃圾，转一圈回来就发现，自己的那包垃圾里的饮料瓶/快递盒就已经被刷新的老精灵捡走了。。。
但凡有一丁点价值的都会被分类卖了……",1761459562,10736258,5.4426447030242464e-05,-0.9998911471059395,29357659
BV133xFzKEsd,其实我每次都觉得虽然家境很普通，但打开水龙头就有清水，打开开关就有电灯，有通风的房间，有阳台可以晒被子衣服，就已经很幸福了。[微笑],1761457548,2602230,0.3920571637266751,-0.2158856725466498,29357625
BV133xFzKEsd,潮汕地区的人应该知道以前的贵屿也是这样的,1761452445,27242113,0.6370312155886297,0.2740624311772595,29357540
BV133xFzKEsd,另一个感慨是投胎的重要性，飞龙作为中非混血，如果当年回了非洲，人生轨迹就天差地别了[笑哭],1761449765,38717813,0.9977434861514493,0.9954869723028985,29357496
BV133xFzKEsd,我们国家曾经是电子垃圾进口第一大国，广东贵屿镇是全国最大的电子垃圾回收市场，陈湫帆写了个小说《荒潮》，原型就是贵屿。贵屿的各种疾病远高于潮汕其他地区，白血病，血铅中毒，癌症等等。10年代之后国家要求进行整改，环境改善了不少，但是重金属污染不是十年二十年就能治理完成的。如今加纳算是承接了贵屿镇的一部分生产，但是电子垃圾带来的影响，百年也无法消除,1761451895,11016142,0.9785754340786933,0.9571508681573866,29357531
BV133xFzKEsd,希望影视飓风能多拍一些这种人文题材的视频，真的超喜欢看，有种纪录片的感觉,1761448180,540060012,0.974100257525086,0.948200515050172,29357469
BV133xFzKEsd,放在几年前我很难想象这是在流媒体尚能有的质感。已经是趋近于电影，纪录片级别的镜头了。影视飓风完完全全就是降维打击[支持],1761449664,1236876746,0.9761309650533081,0.9522619301066162,29357494
BV133xFzKEsd,前两天正在接触的一个项目，简单点说，把废旧塑料变成石油。（塑料热解燃油）某种程度上说，我们已经走到世界前面了。,1761452067,5300505,0.5323317761393547,0.06466355227870935,29357534
BV133xFzKEsd,所以科学的处理方式是什么呢，有没有专门处理这些东西的厂，感觉tim可以去找拍一下,1761456558,689800568,0.46608486501763824,-0.06783026996472352,29357609
BV133xFzKEsd,玩太空科幻题材游戏的时候觉得里面很方便的设定就是黑洞垃圾桶，你朝里面一扔垃圾就被黑洞吸到不知道宇宙的那个地方去了[笑哭],1761448090,32794024,0.9799539971672327,0.9599079943344655,29357468
BV133xFzKEsd,[思考]如果我们积累足够多的回收提炼技术，这些垃圾山对于我们来说不就是新一代的矿山？,1761464979,21543439,0.9982358701362942,0.9964717402725884,29357749
BV133xFzKEsd,感觉影视飓风这种人文的，真的能和食贫道合作，拍中长视频，更多更深的了解[UPOWER_39627524_有内味了],1761447917,3546978856208835,0.8191220137676141,0.6382440275352281,29357465
BV133xFzKEsd,这件是十多年前珠海中学的校服,1761474596,396977736,0.3303097627800877,-0.33938047443982455,29357909
BV133xFzKEsd,"咱们国家以前也是洋垃圾的进口国，真的挺不容易的。中国于2017年7月发布《关于禁止洋垃圾入境推进固体废物进口管理制度改革实施方案》，明确了分批分类禁止进口的时间表。此后，中国通过调整进口目录、加强海关监管、打击走私等多重手段，稳步推进这一政策。
· 固体废物进口量变化：禁令效果显著，中国的固体废物进口量从2016年的4655万吨降至2019年的1348万吨（减少71%），2020年前11个月进一步降至718万吨。",1761449213,515818680,0.9999999987016572,0.9999999974033145,29357486
BV133xFzKEsd,系统还原之后才发现是纽约警察局的监管机，二手真是啥都能买到啊[笑哭],1761458057,188818196,0.5557535329001567,0.11150706580031344,29357634
BV133xFzKEsd,1000W粉Q&A时候送飞龙回老家那段就是在拍这个吧,1761449606,10031348,0.9551892330260945,0.910378466052189,29357493
BV133xFzKEsd,看到封面我还以为是非洲哪个地方，没想到就离我这20公里的地方？我说这为什么这地方雨水都闻着有股味,1761469563,364773351,0.3507078620844919,-0.2985842758310162,29357826
BV133xFzKEsd,说到《巴塞尔公约》，美国作为电子垃圾出口大国，一直没有完成公约批准程序，所以暂时不受约束，这个不是单纯仲裁机制缺失的问题，《巴塞尔公约》本身是有争端解决条款的。,1761481959,546189,0.8246633944535859,0.6493267889071719,29358032
BV133xFzKEsd,在加纳工作过两年，半个月前刚刚辞职回来，视频里的物价是很真实的，加纳真的是一个物价很高的国家，大部分工业品都从中国和西方进口，货币自主权低所以汇率波动很大，然而更残酷的是，加纳还是撒哈拉以南的黑非洲里经济情况和生活水平相对较好的的国家,1761459150,1201846113,0.9999866214129519,0.9999732428259038,29357652
BV133xFzKEsd,谢谢你让我读到世界的这一页,1761449071,254970848,0.9288533333419495,0.857706666683899,29357484
BV133xFzKEsd,"中国应该是垃圾回收做的最好的地方了（没有之一）。下楼散步，丢几个带饮料瓶/快递盒的垃圾，转一圈回来就发现，自己的那包垃圾里的饮料瓶/快递盒就已经被刷新的老精灵捡走了。。。
但凡有一丁点价值的都会被分类卖了……",1761459562,10736258,5.4426447030242464e-05,-0.9998911471059395,29357659
BV133xFzKEsd,其实我每次都觉得虽然家境很普通，但打开水龙头就有清水，打开开关就有电灯，有通风的房间，有阳台可以晒被子衣服，就已经很幸福了。[微笑],1761457548,2602230,0.3920571637266751,-0.2158856725466498,29357625
BV133xFzKEsd,潮汕地区的人应该知道以前的贵屿也是这样的,1761452445,27242113,0.6370312155886297,0.2740624311772595,29357540
BV133xFzKEsd,另一个感慨是投胎的重要性，飞龙作为中非混血，如果当年回了非洲，人生轨迹就天差地别了[笑哭],1761449765,38717813,0.9977434861514493,0.9954869723028985,29357496
BV133xFzKEsd,我们国家曾经是电子垃圾进口第一大国，广东贵屿镇是全国最大的电子垃圾回收市场，陈湫帆写了个小说《荒潮》，原型就是贵屿。贵屿的各种疾病远高于潮汕其他地区，白血病，血铅中毒，癌症等等。10年代之后国家要求进行整改，环境改善了不少，但是重金属污染不是十年二十年就能治理完成的。如今加纳算是承接了贵屿镇的一部分生产，但是电子垃圾带来的影响，百年也无法消除,1761451895,11016142,0.9785754340786933,0.9571508681573866,29357531
BV133xFzKEsd,希望影视飓风能多拍一些这种人文题材的视频，真的超喜欢看，有种纪录片的感觉,1761448180,540060012,0.974100257525086,0.948200515050172,29357469
BV133xFzKEsd,放在几年前我很难想象这是在流媒体尚能有的质感。已经是趋近于电影，纪录片级别的镜头了。影视飓风完完全全就是降维打击[支持],1761449664,1236876746,0.9761309650533081,0.9522619301066162,29357494
BV133xFzKEsd,前两天正在接触的一个项目，简单点说，把废旧塑料变成石油。（塑料热解燃油）某种程度上说，我们已经走到世界前面了。,1761452067,5300505,0.5323317761393547,0.06466355227870935,29357534
BV133xFzKEsd,所以科学的处理方式是什么呢，有没有专门处理这些东西的厂，感觉tim可以去找拍一下,1761456558,689800568,0.46608486501763824,-0.06783026996472352,29357609
BV133xFzKEsd,玩太空科幻题材游戏的时候觉得里面很方便的设定就是黑洞垃圾桶，你朝里面一扔垃圾就被黑洞吸到不知道宇宙的那个地方去了[笑哭],1761448090,32794024,0.9799539971672327,0.9599079943344655,29357468
BV133xFzKEsd,[思考]如果我们积累足够多的回收提炼技术，这些垃圾山对于我们来说不就是新一代的矿山？,1761464979,21543439,0.9982358701362942,0.9964717402725884,29357749
BV133xFzKEsd,感觉影视飓风这种人文的，真的能和食贫道合作，拍中长视频，更多更深的了解[UPOWER_39627524_有内味了],1761447917,3546978856208835,0.8191220137676141,0.6382440275352281,29357465
BV133xFzKEsd,这件是十多年前珠海中学的校服,1761474596,396977736,0.3303097627800877,-0.33938047443982455,29357909
BV133xFzKEsd,"咱们国家以前也是洋垃圾的进口国，真的挺不容易的。中国于2017年7月发布《关于禁止洋垃圾入境推进固体废物进口管理制度改革实施方案》，明确了分批分类禁止进口的时间表。此后，中国通过调整进口目录、加强海关监管、打击走私等多重手段，稳步推进这一政策。
· 固体废物进口量变化：禁令效果显著，中国的固体废物进口量从2016年的4655万吨降至2019年的1348万吨（减少71%），2020年前11个月进一步降至718万吨。",1761449213,515818680,0.9999999987016572,0.9999999974033145,29357486
BV133xFzKEsd,系统还原之后才发现是纽约警察局的监管机，二手真是啥都能买到啊[笑哭],1761458057,188818196,0.5557535329001567,0.11150706580031344,29357634
BV133xFzKEsd,1000W粉Q&A时候送飞龙回老家那段就是在拍这个吧,1761449606,10031348,0.9551892330260945,0.910378466052189,29357493
BV133xFzKEsd,看到封面我还以为是非洲哪个地方，没想到就离我这20公里的地方？我说这为什么这地方雨水都闻着有股味,1761469563,364773351,0.3507078620844919,-0.2985842758310162,29357826
BV133xFzKEsd,说到《巴塞尔公约》，美国作为电子垃圾出口大国，一直没有完成公约批准程序，所以暂时不受约束，这个不是单纯仲裁机制缺失的问题，《巴塞尔公约》本身是有争端解决条款的。,1761481959,546189,0.8246633944535859,0.6493267889071719,29358032
BV133xFzKEsd,在加纳工作过两年，半个月前刚刚辞职回来，视频里的物价是很真实的，加纳真的是一个物价很高的国家，大部分工业品都从中国和西方进口，货币自主权低所以汇率波动很大，然而更残酷的是，加纳还是撒哈拉以南的黑非洲里经济情况和生活水平相对较好的的国家,1761459150,1201846113,0.9999866214129519,0.9999732428259038,29357652
BV133xFzKEsd,谢谢你让我读到世界的这一页,1761449071,254970848,0.9288533333419495,0.857706666683899,29357484
BV133xFzKEsd,"中国应该是垃圾回收做的最好的地方了（没有之一）。下楼散步，丢几个带饮料瓶/快递盒的垃圾，转一圈回来就发现，自己的那包垃圾里的饮料瓶/快递盒就已经被刷新的老精灵捡走了。。。
但凡有一丁点价值的都会被分类卖了……",1761459562,10736258,5.4426447030242464e-05,-0.9998911471059395,29357659
BV133xFzKEsd,其实我每次都觉得虽然家境很普通，但打开水龙头就有清水，打开开关就有电灯，有通风的房间，有阳台可以晒被子衣服，就已经很幸福了。[微笑],1761457548,2602230,0.3920571637266751,-0.2158856725466498,29357625
BV133xFzKEsd,潮汕地区的人应该知道以前的贵屿也是这样的,1761452445,27242113,0.6370312155886297,0.2740624311772595,29357540
BV133xFzKEsd,另一个感慨是投胎的重要性，飞龙作为中非混血，如果当年回了非洲，人生轨迹就天差地别了[笑哭],1761449765,38717813,0.9977434861514493,0.9954869723028985,29357496
BV133xFzKEsd,我们国家曾经是电子垃圾进口第一大国，广东贵屿镇是全国最大的电子垃圾回收市场，陈湫帆写了个小说《荒潮》，原型就是贵屿。贵屿的各种疾病远高于潮汕其他地区，白血病，血铅中毒，癌症等等。10年代之后国家要求进行整改，环境改善了不少，但是重金属污染不是十年二十年就能治理完成的。如今加纳算是承接了贵屿镇的一部分生产，但是电子垃圾带来的影响，百年也无法消除,1761451895,11016142,0.9785754340786933,0.9571508681573866,29357531
BV133xFzKEsd,希望影视飓风能多拍一些这种人文题材的视频，真的超喜欢看，有种纪录片的感觉,1761448180,540060012,0.974100257525086,0.948200515050172,29357469
BV133xFzKEsd,放在几年前我很难想象这是在流媒体尚能有的质感。已经是趋近于电影，纪录片级别的镜头了。影视飓风完完全全就是降维打击[支持],1761449664,1236876746,0.9761309650533081,0.9522619301066162,29357494
BV133xFzKEsd,前两天正在接触的一个项目，简单点说，把废旧塑料变成石油。（塑料热解燃油）某种程度上说，我们已经走到世界前面了。,1761452067,5300505,0.5323317761393547,0.06466355227870935,29357534
BV133xFzKEsd,所以科学的处理方式是什么呢，有没有专门处理这些东西的厂，感觉tim可以去找拍一下,1761456558,689800568,0.46608486501763824,-0.06783026996472352,29357609
BV133xFzKEsd,玩太空科幻题材游戏的时候觉得里面很方便的设定就是黑洞垃圾桶，你朝里面一扔垃圾就被黑洞吸到不知道宇宙的那个地方去了[笑哭],1761448090,32794024,0.9799539971672327,0.9599079943344655,29357468
BV133xFzKEsd,[思考]如果我们积累足够多的回收提炼技术，这些垃圾山对于我们来说不就是新一代的矿山？,1761464979,21543439,0.9982358701362942,0.9964717402725884,29357749
BV133xFzKEsd,感觉影视飓风这种人文的，真的能和食贫道合作，拍中长视频，更多更深的了解[UPOWER_39627524_有内味了],1761447917,3546978856208835,0.8191220137676141,0.6382440275352281,29357465
BV133xFzKEsd,这件是十多年前珠海中学的校服,1761474596,396977736,0.3303097627800877,-0.33938047443982455,29357909
BV133xFzKEsd,"咱们国家以前也是洋垃圾的进口国，真的挺不容易的。中国于2017年7月发布《关于禁止洋垃圾入境推进固体废物进口管理制度改革实施方案》，明确了分批分类禁止进口的时间表。此后，中国通过调整进口目录、加强海关监管、打击走私等多重手段，稳步推进这一政策。
· 固体废物进口量变化：禁令效果显著，中国的固体废物进口量从2016年的4655万吨降至2019年的1348万吨（减少71%），2020年前11个月进一步降至718万吨。",1761449213,515818680,0.9999999987016572,0.9999999974033145,29357486
BV133xFzKEsd,系统还原之后才发现是纽约警察局的监管机，二手真是啥都能买到啊[笑哭],1761458057,188818196,0.5557535329001567,0.11150706580031344,29357634
BV133xFzKEsd,1000W粉Q&A时候送飞龙回老家那段就是在拍这个吧,1761449606,10031348,0.9551892330260945,0.910378466052189,29357493
BV133xFzKEsd,看到封面我还以为是非洲哪个地方，没想到就离我这20公里的地方？我说这为什么这地方雨水都闻着有股味,1761469563,364773351,0.3507078620844919,-0.2985842758310162,29357826
BV133xFzKEsd,说到《巴塞尔公约》，美国作为电子垃圾出口大国，一直没有完成公约批准程序，所以暂时不受约束，这个不是单纯仲裁机制缺失的问题，《巴塞尔公约》本身是有争端解决条款的。,1761481959,546189,0.8246633944535859,0.6493267889071719,29358032
BV133xFzKEsd,在加纳工作过两年，半个月前刚刚辞职回来，视频里的物价是很真实的，加纳真的是一个物价很高的国家，大部分工业品都从中国和西方进口，货币自主权低所以汇率波动很大，然而更残酷的是，加纳还是撒哈拉以南的黑非洲里经济情况和生活水平相对较好的的国家,1761459150,1201846113,0.9999866214129519,0.9999732428259038,29357652
BV133xFzKEsd,谢谢你让我读到世界的这一页,1761449071,254970848,0.9288533333419495,0.857706666683899,29357484
BV133xFzKEsd,"中国应该是垃圾回收做的最好的地方了（没有之一）。下楼散步，丢几个带饮料瓶/快递盒的垃圾，转一圈回来就发现，自己的那包垃圾里的饮料瓶/快递盒就已经被刷新的老精灵捡走了。。。
但凡有一丁点价值的都会被分类卖了……",1761459562,10736258,5.4426447030242464e-05,-0.9998911471059395,29357659
BV133xFzKEsd,其实我每次都觉得虽然家境很普通，但打开水龙头就有清水，打开开关就有电灯，有通风的房间，有阳台可以晒被子衣服，就已经很幸福了。[微笑],1761457548,2602230,0.3920571637266751,-0.2158856725466498,29357625
BV133xFzKEsd,潮汕地区的人应该知道以前的贵屿也是这样的,1761452445,27242113,0.6370312155886297,0.2740624311772595,29357540
BV133xFzKEsd,另一个感慨是投胎的重要性，飞龙作为中非混血，如果当年回了非洲，人生轨迹就天差地别了[笑哭],1761449765,38717813,0.9977434861514493,0.9954869723028985,29357496
BV133xFzKEsd,我们国家曾经是电子垃圾进口第一大国，广东贵屿镇是全国最大的电子垃圾回收市场，陈湫帆写了个小说《荒潮》，原型就是贵屿。贵屿的各种疾病远高于潮汕其他地区，白血病，血铅中毒，癌症等等。10年代之后国家要求进行整改，环境改善了不少，但是重金属污染不是十年二十年就能治理完成的。如今加纳算是承接了贵屿镇的一部分生产，但是电子垃圾带来的影响，百年也无法消除,1761451895,11016142,0.9785754340786933,0.9571508681573866,29357531
BV133xFzKEsd,希望影视飓风能多拍一些这种人文题材的视频，真的超喜欢看，有种纪录片的感觉,1761448180,540060012,0.974100257525086,0.948200515050172,29357469
BV133xFzKEsd,放在几年前我很难想象这是在流媒体尚能有的质感。已经是趋近于电影，纪录片级别的镜头了。影视飓风完完全全就是降维打击[支持],1761449664,1236876746,0.9761309650533081,0.9522619301066162,29357494
BV133xFzKEsd,前两天正在接触的一个项目，简单点说，把废旧塑料变成石油。（塑料热解燃油）某种程度上说，我们已经走到世界前面了。,1761452067,5300505,0.5323317761393547,0.06466355227870935,29357534
BV133xFzKEsd,所以科学的处理方式是什么呢，有没有专门处理这些东西的厂，感觉tim可以去找拍一下,1761456558,689800568,0.46608486501763824,-0.06783026996472352,29357609
BV133xFzKEsd,玩太空科幻题材游戏的时候觉得里面很方便的设定就是黑洞垃圾桶，你朝里面一扔垃圾就被黑洞吸到不知道宇宙的那个地方去了[笑哭],1761448090,32794024,0.9799539971672327,0.9599079943344655,29357468
BV133xFzKEsd,[思考]如果我们积累足够多的回收提炼技术，这些垃圾山对于我们来说不就是新一代的矿山？,1761464979,21543439,0.9982358701362942,0.9964717402725884,29357749
BV133xFzKEsd,感觉影视飓风这种人文的，真的能和食贫道合作，拍中长视频，更多更深的了解[UPOWER_39627524_有内味了],1761447917,3546978856208835,0.8191220137676141,0.6382440275352281,29357465
BV1YZsEzXEEq,《论如何用AI满足Tim的梦想》2.0[妙啊],1761302044,27307095,0.9447769508229821,0.8895539016459642,29355034
BV1YZsEzXEEq,相机没开盖子没事 后期可以拉回来☝️🤓,1761297299,98762233,0.4180130608757996,-0.16397387824840082,29354954
BV1YZsEzXEEq,[doge][doge]我的毕加索式怎么样,1761297285,420231720,0.6494502141827942,0.2989004283655885,29354954
BV1YZsEzXEEq,艺术照嘛📸📸[千恋万花表情包_zzz][千恋万花表情包_zzz],1761296731,487118978,0.9345666060276607,0.8691332120553215,29354945
BV1YZsEzXEEq,哈哈哈哈哈哈哈哈哈哈哈哈哈努比亚有点东西。上路了，还送奥斯卡小金人,1761299602,3546951322700185,0.9994220893062274,0.9988441786124549,29354993
BV1YZsEzXEEq,让努比亚帮助tim完成梦想[妙啊],1761329275,491098720,0.9547662724480519,0.9095325448961038,29355487
BV1YZsEzXEEq,偶遇到的i人默默的拍了个照[喜极而泣],1761475702,60912466,0.5131474313634166,0.026294862726833124,29357928
BV1YZsEzXEEq,"视频里大部分ai图应该都是即梦AI（模型就是豆包里的那个seedream4.0），中间说可以让ai修改局部那里是Google aistudio里的gemini-2.5-flash-image-preview (nano-banana)。
lmarena的文生图排行榜目前前三的生图模型是
腾讯的hunyun-image-3.0，谷歌的gemini-2.5-flash-imagepreview (nano-banana)，谷歌的imagen-4.0-ultra和seedream4.0并列第三。",1761298294,520904531,0.01402457325010198,-0.971950853499796,29354971
BV1YZsEzXEEq,学到了[doge_金箍]但是貌似豆包听不懂其余不变之类的限制词吗（？）试了好多遍它都坚持要按自己想法来[微笑],1761299615,1196589190,0.9988137592090266,0.9976275184180532,29354993
BV1YZsEzXEEq,同哈尔滨，但是富士扫街,1761297847,3493115893647415,0.7849545099541898,0.5699090199083796,29354964
BV1YZsEzXEEq,出门拍照，忘带卡？忘带电池？甚至忘带相机？通通没关系，把眼前的图像记下来，回家给ai讲故事，照片就拍好啦[doge_金箍],1761296577,434710799,0.9485120127027702,0.8970240254055404,29354942
BV1YZsEzXEEq,被努比亚 Z80Ultra 的真全面屏设计圈粉，35mm 主摄的色彩太有胶片那味儿了，摄影套装装上更像微单了,1761544213,16226381,0.9985719927034703,0.9971439854069406,29359070
BV1YZsEzXEEq,影视飓风也是用上“我”的35mm+18mm了！就问帅不帅[doge],1761302650,390790219,0.14252034291642846,-0.7149593141671431,29355044
BV1YZsEzXEEq,看了从徐州老味菜过来的，努比亚是会营销的[tv_doge],1761296989,390954209,0.4499191732352553,-0.10016165352948936,29354949
BV1YZsEzXEEq,Tim，请原谅我不厚道的笑了[笑哭],1761304425,492815759,0.5707591038863408,0.14151820777268154,29355073
BV1YZsEzXEEq,用努比亚 Z80Ultra 当主力机一周，续航居然超出预期！白天拍一天照片、刷社交软件，晚上还能剩点电，拍照也很给力,1761544191,392597500,0.01631985758983412,-0.9673602848203318,29359069
BV1YZsEzXEEq,当当当，看我手里拿的是什么！是努比亚联名洛天依出的手机壳（联名手机没有抢到)，不得不说，这手机设计的太符合我的审美了！,1761552411,1127684523,0.011595344882116998,-0.976809310235766,29359206
BV1YZsEzXEEq,原图直出，努比亚这个色调是真的不错，不愧是所看即所得[星星眼],1761552410,236657488,0.9983064902462129,0.9966129804924257,29359206
BV1YZsEzXEEq,其实ai技术早就已经开始商用了，并且有一套很稳定的工作流，这是我们公司给客户提供的图，除了头上戴的产品是和他们实物一致的，其余部分你所看到都是ai生成的，用的是我们公司自研的一套工作流 ，并且你现在打开淘宝，你看到了大量电商图其实就已经是ai生成的，只是你或许没察觉到罢了[Mygo表情包_发送消息],1761364394,12138147,0.9160302228548715,0.8320604457097429,29356073
BV1YZsEzXEEq,ai修复胶卷废片还是蛮棒的,1762870959,7915076,0.4115054115759734,-0.17698917684805315,29381182
BV1YZsEzXEEq,《论如何用AI满足Tim的梦想》2.0[妙啊],1761302044,27307095,0.9447769508229821,0.8895539016459642,29355034
BV1YZsEzXEEq,相机没开盖子没事 后期可以拉回来☝️🤓,1761297299,98762233,0.4180130608757996,-0.16397387824840082,29354954
BV1YZsEzXEEq,[doge][doge]我的毕加索式怎么样,1761297285,420231720,0.6494502141827942,0.2989004283655885,29354954
BV1YZsEzXEEq,艺术照嘛📸📸[千恋万花表情包_zzz][千恋万花表情包_zzz],1761296731,487118978,0.9345666060276607,0.8691332120553215,29354945
BV1YZsEzXEEq,哈哈哈哈哈哈哈哈哈哈哈哈哈努比亚有点东西。上路了，还送奥斯卡小金人,1761299602,3546951322700185,0.9994220893062274,0.9988441786124549,29354993
BV1YZsEzXEEq,让努比亚帮助tim完成梦想[妙啊],1761329275,491098720,0.9547662724480519,0.9095325448961038,29355487
BV1YZsEzXEEq,偶遇到的i人默默的拍了个照[喜极而泣],1761475702,60912466,0.5131474313634166,0.026294862726833124,29357928
BV1YZsEzXEEq,"视频里大部分ai图应该都是即梦AI（模型就是豆包里的那个seedream4.0），中间说可以让ai修改局部那里是Google aistudio里的gemini-2.5-flash-image-preview (nano-banana)。
lmarena的文生图排行榜目前前三的生图模型是
腾讯的hunyun-image-3.0，谷歌的gemini-2.5-flash-imagepreview (nano-banana)，谷歌的imagen-4.0-ultra和seedream4.0并列第三。",1761298294,520904531,0.01402457325010198,-0.971950853499796,29354971
BV1YZsEzXEEq,学到了[doge_金箍]但是貌似豆包听不懂其余不变之类的限制词吗（？）试了好多遍它都坚持要按自己想法来[微笑],1761299615,1196589190,0.9988137592090266,0.9976275184180532,29354993
BV1YZsEzXEEq,同哈尔滨，但是富士扫街,1761297847,3493115893647415,0.7849545099541898,0.5699090199083796,29354964
BV1YZsEzXEEq,出门拍照，忘带卡？忘带电池？甚至忘带相机？通通没关系，把眼前的图像记下来，回家给ai讲故事，照片就拍好啦[doge_金箍],1761296577,434710799,0.9485120127027702,0.8970240254055404,29354942
BV1YZsEzXEEq,被努比亚 Z80Ultra 的真全面屏设计圈粉，35mm 主摄的色彩太有胶片那味儿了，摄影套装装上更像微单了,1761544213,16226381,0.9985719927034703,0.9971439854069406,29359070
BV1YZsEzXEEq,影视飓风也是用上“我”的35mm+18mm了！就问帅不帅[doge],1761302650,390790219,0.14252034291642846,-0.7149593141671431,29355044
BV1YZsEzXEEq,看了从徐州老味菜过来的，努比亚是会营销的[tv_doge],1761296989,390954209,0.4499191732352553,-0.10016165352948936,29354949
BV1YZsEzXEEq,Tim，请原谅我不厚道的笑了[笑哭],1761304425,492815759,0.5707591038863408,0.14151820777268154,29355073
BV1YZsEzXEEq,用努比亚 Z80Ultra 当主力机一周，续航居然超出预期！白天拍一天照片、刷社交软件，晚上还能剩点电，拍照也很给力,1761544191,392597500,0.01631985758983412,-0.9673602848203318,29359069
BV1YZsEzXEEq,当当当，看我手里拿的是什么！是努比亚联名洛天依出的手机壳（联名手机没有抢到)，不得不说，这手机设计的太符合我的审美了！,1761552411,1127684523,0.011595344882116998,-0.976809310235766,29359206
BV1YZsEzXEEq,原图直出，努比亚这个色调是真的不错，不愧是所看即所得[星星眼],1761552410,236657488,0.9983064902462129,0.9966129804924257,29359206
BV1YZsEzXEEq,其实ai技术早就已经开始商用了，并且有一套很稳定的工作流，这是我们公司给客户提供的图，除了头上戴的产品是和他们实物一致的，其余部分你所看到都是ai生成的，用的是我们公司自研的一套工作流 ，并且你现在打开淘宝，你看到了大量电商图其实就已经是ai生成的，只是你或许没察觉到罢了[Mygo表情包_发送消息],1761364394,12138147,0.9160302228548715,0.8320604457097429,29356073
BV1YZsEzXEEq,ai修复胶卷废片还是蛮棒的,1762870959,7915076,0.4115054115759734,-0.17698917684805315,29381182
BV1YZsEzXEEq,《论如何用AI满足Tim的梦想》2.0[妙啊],1761302044,27307095,0.9447769508229821,0.8895539016459642,29355034
BV1YZsEzXEEq,相机没开盖子没事 后期可以拉回来☝️🤓,1761297299,98762233,0.4180130608757996,-0.16397387824840082,29354954
BV1YZsEzXEEq,[doge][doge]我的毕加索式怎么样,1761297285,420231720,0.6494502141827942,0.2989004283655885,29354954
BV1YZsEzXEEq,艺术照嘛📸📸[千恋万花表情包_zzz][千恋万花表情包_zzz],1761296731,487118978,0.9345666060276607,0.8691332120553215,29354945
BV1YZsEzXEEq,哈哈哈哈哈哈哈哈哈哈哈哈哈努比亚有点东西。上路了，还送奥斯卡小金人,1761299602,3546951322700185,0.9994220893062274,0.9988441786124549,29354993
BV1YZsEzXEEq,让努比亚帮助tim完成梦想[妙啊],1761329275,491098720,0.9547662724480519,0.9095325448961038,29355487
BV1YZsEzXEEq,偶遇到的i人默默的拍了个照[喜极而泣],1761475702,60912466,0.5131474313634166,0.026294862726833124,29357928
BV1YZsEzXEEq,"视频里大部分ai图应该都是即梦AI（模型就是豆包里的那个seedream4.0），中间说可以让ai修改局部那里是Google aistudio里的gemini-2.5-flash-image-preview (nano-banana)。
lmarena的文生图排行榜目前前三的生图模型是
腾讯的hunyun-image-3.0，谷歌的gemini-2.5-flash-imagepreview (nano-banana)，谷歌的imagen-4.0-ultra和seedream4.0并列第三。",1761298294,520904531,0.01402457325010198,-0.971950853499796,29354971
BV1YZsEzXEEq,学到了[doge_金箍]但是貌似豆包听不懂其余不变之类的限制词吗（？）试了好多遍它都坚持要按自己想法来[微笑],1761299615,1196589190,0.9988137592090266,0.9976275184180532,29354993
BV1YZsEzXEEq,同哈尔滨，但是富士扫街,1761297847,3493115893647415,0.7849545099541898,0.5699090199083796,29354964
BV1YZsEzXEEq,出门拍照，忘带卡？忘带电池？甚至忘带相机？通通没关系，把眼前的图像记下来，回家给ai讲故事，照片就拍好啦[doge_金箍],1761296577,434710799,0.9485120127027702,0.8970240254055404,29354942
BV1YZsEzXEEq,被努比亚 Z80Ultra 的真全面屏设计圈粉，35mm 主摄的色彩太有胶片那味儿了，摄影套装装上更像微单了,1761544213,16226381,0.9985719927034703,0.9971439854069406,29359070
BV1YZsEzXEEq,影视飓风也是用上“我”的35mm+18mm了！就问帅不帅[doge],1761302650,390790219,0.14252034291642846,-0.7149593141671431,29355044
BV1YZsEzXEEq,看了从徐州老味菜过来的，努比亚是会营销的[tv_doge],1761296989,390954209,0.4499191732352553,-0.10016165352948936,29354949
BV1YZsEzXEEq,Tim，请原谅我不厚道的笑了[笑哭],1761304425,492815759,0.5707591038863408,0.14151820777268154,29355073
BV1YZsEzXEEq,用努比亚 Z80Ultra 当主力机一周，续航居然超出预期！白天拍一天照片、刷社交软件，晚上还能剩点电，拍照也很给力,1761544191,392597500,0.01631985758983412,-0.9673602848203318,29359069
BV1YZsEzXEEq,当当当，看我手里拿的是什么！是努比亚联名洛天依出的手机壳（联名手机没有抢到)，不得不说，这手机设计的太符合我的审美了！,1761552411,1127684523,0.011595344882116998,-0.976809310235766,29359206
BV1YZsEzXEEq,原图直出，努比亚这个色调是真的不错，不愧是所看即所得[星星眼],1761552410,236657488,0.9983064902462129,0.9966129804924257,29359206
BV1YZsEzXEEq,其实ai技术早就已经开始商用了，并且有一套很稳定的工作流，这是我们公司给客户提供的图，除了头上戴的产品是和他们实物一致的，其余部分你所看到都是ai生成的，用的是我们公司自研的一套工作流 ，并且你现在打开淘宝，你看到了大量电商图其实就已经是ai生成的，只是你或许没察觉到罢了[Mygo表情包_发送消息],1761364394,12138147,0.9160302228548715,0.8320604457097429,29356073
BV1YZsEzXEEq,ai修复胶卷废片还是蛮棒的,1762870959,7915076,0.4115054115759734,-0.17698917684805315,29381182
BV1YZsEzXEEq,《论如何用AI满足Tim的梦想》2.0[妙啊],1761302044,27307095,0.9447769508229821,0.8895539016459642,29355034
BV1YZsEzXEEq,相机没开盖子没事 后期可以拉回来☝️🤓,1761297299,98762233,0.4180130608757996,-0.16397387824840082,29354954
BV1YZsEzXEEq,[doge][doge]我的毕加索式怎么样,1761297285,420231720,0.6494502141827942,0.2989004283655885,29354954
BV1YZsEzXEEq,艺术照嘛📸📸[千恋万花表情包_zzz][千恋万花表情包_zzz],1761296731,487118978,0.9345666060276607,0.8691332120553215,29354945
BV1YZsEzXEEq,哈哈哈哈哈哈哈哈哈哈哈哈哈努比亚有点东西。上路了，还送奥斯卡小金人,1761299602,3546951322700185,0.9994220893062274,0.9988441786124549,29354993
BV1YZsEzXEEq,让努比亚帮助tim完成梦想[妙啊],1761329275,491098720,0.9547662724480519,0.9095325448961038,29355487
BV1YZsEzXEEq,偶遇到的i人默默的拍了个照[喜极而泣],1761475702,60912466,0.5131474313634166,0.026294862726833124,29357928
BV1YZsEzXEEq,"视频里大部分ai图应该都是即梦AI（模型就是豆包里的那个seedream4.0），中间说可以让ai修改局部那里是Google aistudio里的gemini-2.5-flash-image-preview (nano-banana)。
lmarena的文生图排行榜目前前三的生图模型是
腾讯的hunyun-image-3.0，谷歌的gemini-2.5-flash-imagepreview (nano-banana)，谷歌的imagen-4.0-ultra和seedream4.0并列第三。",1761298294,520904531,0.01402457325010198,-0.971950853499796,29354971
BV1YZsEzXEEq,学到了[doge_金箍]但是貌似豆包听不懂其余不变之类的限制词吗（？）试了好多遍它都坚持要按自己想法来[微笑],1761299615,1196589190,0.9988137592090266,0.9976275184180532,29354993
BV1YZsEzXEEq,同哈尔滨，但是富士扫街,1761297847,3493115893647415,0.7849545099541898,0.5699090199083796,29354964
BV1YZsEzXEEq,出门拍照，忘带卡？忘带电池？甚至忘带相机？通通没关系，把眼前的图像记下来，回家给ai讲故事，照片就拍好啦[doge_金箍],1761296577,434710799,0.9485120127027702,0.8970240254055404,29354942
BV1YZsEzXEEq,被努比亚 Z80Ultra 的真全面屏设计圈粉，35mm 主摄的色彩太有胶片那味儿了，摄影套装装上更像微单了,1761544213,16226381,0.9985719927034703,0.9971439854069406,29359070
BV1YZsEzXEEq,影视飓风也是用上“我”的35mm+18mm了！就问帅不帅[doge],1761302650,390790219,0.14252034291642846,-0.7149593141671431,29355044
BV1YZsEzXEEq,看了从徐州老味菜过来的，努比亚是会营销的[tv_doge],1761296989,390954209,0.4499191732352553,-0.10016165352948936,29354949
BV1YZsEzXEEq,Tim，请原谅我不厚道的笑了[笑哭],1761304425,492815759,0.5707591038863408,0.14151820777268154,29355073
BV1YZsEzXEEq,用努比亚 Z80Ultra 当主力机一周，续航居然超出预期！白天拍一天照片、刷社交软件，晚上还能剩点电，拍照也很给力,1761544191,392597500,0.01631985758983412,-0.9673602848203318,29359069
BV1YZsEzXEEq,当当当，看我手里拿的是什么！是努比亚联名洛天依出的手机壳（联名手机没有抢到)，不得不说，这手机设计的太符合我的审美了！,1761552411,1127684523,0.011595344882116998,-0.976809310235766,29359206
BV1YZsEzXEEq,原图直出，努比亚这个色调是真的不错，不愧是所看即所得[星星眼],1761552410,236657488,0.9983064902462129,0.9966129804924257,29359206
BV1YZsEzXEEq,其实ai技术早就已经开始商用了，并且有一套很稳定的工作流，这是我们公司给客户提供的图，除了头上戴的产品是和他们实物一致的，其余部分你所看到都是ai生成的，用的是我们公司自研的一套工作流 ，并且你现在打开淘宝，你看到了大量电商图其实就已经是ai生成的，只是你或许没察觉到罢了[Mygo表情包_发送消息],1761364394,12138147,0.9160302228548715,0.8320604457097429,29356073
BV1YZsEzXEEq,ai修复胶卷废片还是蛮棒的,1762870959,7915076,0.4115054115759734,-0.17698917684805315,29381182
BV1YZsEzXEEq,《论如何用AI满足Tim的梦想》2.0[妙啊],1761302044,27307095,0.9447769508229821,0.8895539016459642,29355034
BV1YZsEzXEEq,相机没开盖子没事 后期可以拉回来☝️🤓,1761297299,98762233,0.4180130608757996,-0.16397387824840082,29354954
BV1YZsEzXEEq,[doge][doge]我的毕加索式怎么样,1761297285,420231720,0.6494502141827942,0.2989004283655885,29354954
BV1YZsEzXEEq,艺术照嘛📸📸[千恋万花表情包_zzz][千恋万花表情包_zzz],1761296731,487118978,0.9345666060276607,0.8691332120553215,29354945
BV1YZsEzXEEq,哈哈哈哈哈哈哈哈哈哈哈哈哈努比亚有点东西。上路了，还送奥斯卡小金人,1761299602,3546951322700185,0.9994220893062274,0.9988441786124549,29354993
BV1YZsEzXEEq,让努比亚帮助tim完成梦想[妙啊],1761329275,491098720,0.9547662724480519,0.9095325448961038,29355487
BV1YZsEzXEEq,偶遇到的i人默默的拍了个照[喜极而泣],1761475702,60912466,0.5131474313634166,0.026294862726833124,29357928
BV1YZsEzXEEq,"视频里大部分ai图应该都是即梦AI（模型就是豆包里的那个seedream4.0），中间说可以让ai修改局部那里是Google aistudio里的gemini-2.5-flash-image-preview (nano-banana)。
lmarena的文生图排行榜目前前三的生图模型是
腾讯的hunyun-image-3.0，谷歌的gemini-2.5-flash-imagepreview (nano-banana)，谷歌的imagen-4.0-ultra和seedream4.0并列第三。",1761298294,520904531,0.01402457325010198,-0.971950853499796,29354971
BV1YZsEzXEEq,学到了[doge_金箍]但是貌似豆包听不懂其余不变之类的限制词吗（？）试了好多遍它都坚持要按自己想法来[微笑],1761299615,1196589190,0.9988137592090266,0.9976275184180532,29354993
BV1YZsEzXEEq,同哈尔滨，但是富士扫街,1761297847,3493115893647415,0.7849545099541898,0.5699090199083796,29354964
BV1YZsEzXEEq,出门拍照，忘带卡？忘带电池？甚至忘带相机？通通没关系，把眼前的图像记下来，回家给ai讲故事，照片就拍好啦[doge_金箍],1761296577,434710799,0.9485120127027702,0.8970240254055404,29354942
BV1YZsEzXEEq,被努比亚 Z80Ultra 的真全面屏设计圈粉，35mm 主摄的色彩太有胶片那味儿了，摄影套装装上更像微单了,1761544213,16226381,0.9985719927034703,0.9971439854069406,29359070
BV1YZsEzXEEq,影视飓风也是用上“我”的35mm+18mm了！就问帅不帅[doge],1761302650,390790219,0.14252034291642846,-0.7149593141671431,29355044
BV1YZsEzXEEq,看了从徐州老味菜过来的，努比亚是会营销的[tv_doge],1761296989,390954209,0.4499191732352553,-0.10016165352948936,29354949
BV1YZsEzXEEq,Tim，请原谅我不厚道的笑了[笑哭],1761304425,492815759,0.5707591038863408,0.14151820777268154,29355073
BV1YZsEzXEEq,用努比亚 Z80Ultra 当主力机一周，续航居然超出预期！白天拍一天照片、刷社交软件，晚上还能剩点电，拍照也很给力,1761544191,392597500,0.01631985758983412,-0.9673602848203318,29359069
BV1YZsEzXEEq,当当当，看我手里拿的是什么！是努比亚联名洛天依出的手机壳（联名手机没有抢到)，不得不说，这手机设计的太符合我的审美了！,1761552411,1127684523,0.011595344882116998,-0.976809310235766,29359206
BV1YZsEzXEEq,原图直出，努比亚这个色调是真的不错，不愧是所看即所得[星星眼],1761552410,236657488,0.9983064902462129,0.9966129804924257,29359206
BV1YZsEzXEEq,其实ai技术早就已经开始商用了，并且有一套很稳定的工作流，这是我们公司给客户提供的图，除了头上戴的产品是和他们实物一致的，其余部分你所看到都是ai生成的，用的是我们公司自研的一套工作流 ，并且你现在打开淘宝，你看到了大量电商图其实就已经是ai生成的，只是你或许没察觉到罢了[Mygo表情包_发送消息],1761364394,12138147,0.9160302228548715,0.8320604457097429,29356073
BV1YZsEzXEEq,ai修复胶卷废片还是蛮棒的,1762870959,7915076,0.4115054115759734,-0.17698917684805315,29381182
BV1YZsEzXEEq,《论如何用AI满足Tim的梦想》2.0[妙啊],1761302044,27307095,0.9447769508229821,0.8895539016459642,29355034
BV1YZsEzXEEq,相机没开盖子没事 后期可以拉回来☝️🤓,1761297299,98762233,0.4180130608757996,-0.16397387824840082,29354954
BV1YZsEzXEEq,[doge][doge]我的毕加索式怎么样,1761297285,420231720,0.6494502141827942,0.2989004283655885,29354954
BV1YZsEzXEEq,艺术照嘛📸📸[千恋万花表情包_zzz][千恋万花表情包_zzz],1761296731,487118978,0.9345666060276607,0.8691332120553215,29354945
BV1YZsEzXEEq,哈哈哈哈哈哈哈哈哈哈哈哈哈努比亚有点东西。上路了，还送奥斯卡小金人,1761299602,3546951322700185,0.9994220893062274,0.9988441786124549,29354993
BV1YZsEzXEEq,让努比亚帮助tim完成梦想[妙啊],1761329275,491098720,0.9547662724480519,0.9095325448961038,29355487
BV1YZsEzXEEq,偶遇到的i人默默的拍了个照[喜极而泣],1761475702,60912466,0.5131474313634166,0.026294862726833124,29357928
BV1YZsEzXEEq,"视频里大部分ai图应该都是即梦AI（模型就是豆包里的那个seedream4.0），中间说可以让ai修改局部那里是Google aistudio里的gemini-2.5-flash-image-preview (nano-banana)。
lmarena的文生图排行榜目前前三的生图模型是
腾讯的hunyun-image-3.0，谷歌的gemini-2.5-flash-imagepreview (nano-banana)，谷歌的imagen-4.0-ultra和seedream4.0并列第三。",1761298294,520904531,0.01402457325010198,-0.971950853499796,29354971
BV1YZsEzXEEq,学到了[doge_金箍]但是貌似豆包听不懂其余不变之类的限制词吗（？）试了好多遍它都坚持要按自己想法来[微笑],1761299615,1196589190,0.9988137592090266,0.9976275184180532,29354993
BV1YZsEzXEEq,同哈尔滨，但是富士扫街,1761297847,3493115893647415,0.7849545099541898,0.5699090199083796,29354964
BV1YZsEzXEEq,出门拍照，忘带卡？忘带电池？甚至忘带相机？通通没关系，把眼前的图像记下来，回家给ai讲故事，照片就拍好啦[doge_金箍],1761296577,434710799,0.9485120127027702,0.8970240254055404,29354942
BV1YZsEzXEEq,被努比亚 Z80Ultra 的真全面屏设计圈粉，35mm 主摄的色彩太有胶片那味儿了，摄影套装装上更像微单了,1761544213,16226381,0.9985719927034703,0.9971439854069406,29359070
BV1YZsEzXEEq,影视飓风也是用上“我”的35mm+18mm了！就问帅不帅[doge],1761302650,390790219,0.14252034291642846,-0.7149593141671431,29355044
BV1YZsEzXEEq,看了从徐州老味菜过来的，努比亚是会营销的[tv_doge],1761296989,390954209,0.4499191732352553,-0.10016165352948936,29354949
BV1YZsEzXEEq,Tim，请原谅我不厚道的笑了[笑哭],1761304425,492815759,0.5707591038863408,0.14151820777268154,29355073
BV1YZsEzXEEq,用努比亚 Z80Ultra 当主力机一周，续航居然超出预期！白天拍一天照片、刷社交软件，晚上还能剩点电，拍照也很给力,1761544191,392597500,0.01631985758983412,-0.9673602848203318,29359069
BV1YZsEzXEEq,当当当，看我手里拿的是什么！是努比亚联名洛天依出的手机壳（联名手机没有抢到)，不得不说，这手机设计的太符合我的审美了！,1761552411,1127684523,0.011595344882116998,-0.976809310235766,29359206
BV1YZsEzXEEq,原图直出，努比亚这个色调是真的不错，不愧是所看即所得[星星眼],1761552410,236657488,0.9983064902462129,0.9966129804924257,29359206
BV1YZsEzXEEq,其实ai技术早就已经开始商用了，并且有一套很稳定的工作流，这是我们公司给客户提供的图，除了头上戴的产品是和他们实物一致的，其余部分你所看到都是ai生成的，用的是我们公司自研的一套工作流 ，并且你现在打开淘宝，你看到了大量电商图其实就已经是ai生成的，只是你或许没察觉到罢了[Mygo表情包_发送消息],1761364394,12138147,0.9160302228548715,0.8320604457097429,29356073
BV1YZsEzXEEq,ai修复胶卷废片还是蛮棒的,1762870959,7915076,0.4115054115759734,-0.17698917684805315,29381182
BV1YZsEzXEEq,《论如何用AI满足Tim的梦想》2.0[妙啊],1761302044,27307095,0.9447769508229821,0.8895539016459642,29355034
BV1YZsEzXEEq,相机没开盖子没事 后期可以拉回来☝️🤓,1761297299,98762233,0.4180130608757996,-0.16397387824840082,29354954
BV1YZsEzXEEq,[doge][doge]我的毕加索式怎么样,1761297285,420231720,0.6494502141827942,0.2989004283655885,29354954
BV1YZsEzXEEq,艺术照嘛📸📸[千恋万花表情包_zzz][千恋万花表情包_zzz],1761296731,487118978,0.9345666060276607,0.8691332120553215,29354945
BV1YZsEzXEEq,哈哈哈哈哈哈哈哈哈哈哈哈哈努比亚有点东西。上路了，还送奥斯卡小金人,1761299602,3546951322700185,0.9994220893062274,0.9988441786124549,29354993
BV1YZsEzXEEq,让努比亚帮助tim完成梦想[妙啊],1761329275,491098720,0.9547662724480519,0.9095325448961038,29355487
BV1YZsEzXEEq,偶遇到的i人默默的拍了个照[喜极而泣],1761475702,60912466,0.5131474313634166,0.026294862726833124,29357928
BV1YZsEzXEEq,"视频里大部分ai图应该都是即梦AI（模型就是豆包里的那个seedream4.0），中间说可以让ai修改局部那里是Google aistudio里的gemini-2.5-flash-image-preview (nano-banana)。
lmarena的文生图排行榜目前前三的生图模型是
腾讯的hunyun-image-3.0，谷歌的gemini-2.5-flash-imagepreview (nano-banana)，谷歌的imagen-4.0-ultra和seedream4.0并列第三。",1761298294,520904531,0.01402457325010198,-0.971950853499796,29354971
BV1YZsEzXEEq,学到了[doge_金箍]但是貌似豆包听不懂其余不变之类的限制词吗（？）试了好多遍它都坚持要按自己想法来[微笑],1761299615,1196589190,0.9988137592090266,0.9976275184180532,29354993
BV1YZsEzXEEq,同哈尔滨，但是富士扫街,1761297847,3493115893647415,0.7849545099541898,0.5699090199083796,29354964
BV1YZsEzXEEq,出门拍照，忘带卡？忘带电池？甚至忘带相机？通通没关系，把眼前的图像记下来，回家给ai讲故事，照片就拍好啦[doge_金箍],1761296577,434710799,0.9485120127027702,0.8970240254055404,29354942
BV1YZsEzXEEq,被努比亚 Z80Ultra 的真全面屏设计圈粉，35mm 主摄的色彩太有胶片那味儿了，摄影套装装上更像微单了,1761544213,16226381,0.9985719927034703,0.9971439854069406,29359070
BV1YZsEzXEEq,影视飓风也是用上“我”的35mm+18mm了！就问帅不帅[doge],1761302650,390790219,0.14252034291642846,-0.7149593141671431,29355044
BV1YZsEzXEEq,看了从徐州老味菜过来的，努比亚是会营销的[tv_doge],1761296989,390954209,0.4499191732352553,-0.10016165352948936,29354949
BV1YZsEzXEEq,Tim，请原谅我不厚道的笑了[笑哭],1761304425,492815759,0.5707591038863408,0.14151820777268154,29355073
BV1YZsEzXEEq,用努比亚 Z80Ultra 当主力机一周，续航居然超出预期！白天拍一天照片、刷社交软件，晚上还能剩点电，拍照也很给力,1761544191,392597500,0.01631985758983412,-0.9673602848203318,29359069
BV1YZsEzXEEq,当当当，看我手里拿的是什么！是努比亚联名洛天依出的手机壳（联名手机没有抢到)，不得不说，这手机设计的太符合我的审美了！,1761552411,1127684523,0.011595344882116998,-0.976809310235766,29359206
BV1YZsEzXEEq,原图直出，努比亚这个色调是真的不错，不愧是所看即所得[星星眼],1761552410,236657488,0.9983064902462129,0.9966129804924257,29359206
BV1YZsEzXEEq,其实ai技术早就已经开始商用了，并且有一套很稳定的工作流，这是我们公司给客户提供的图，除了头上戴的产品是和他们实物一致的，其余部分你所看到都是ai生成的，用的是我们公司自研的一套工作流 ，并且你现在打开淘宝，你看到了大量电商图其实就已经是ai生成的，只是你或许没察觉到罢了[Mygo表情包_发送消息],1761364394,12138147,0.9160302228548715,0.8320604457097429,29356073
BV1YZsEzXEEq,ai修复胶卷废片还是蛮棒的,1762870959,7915076,0.4115054115759734,-0.17698917684805315,29381182
BV1YZsEzXEEq,《论如何用AI满足Tim的梦想》2.0[妙啊],1761302044,27307095,0.9447769508229821,0.8895539016459642,29355034
BV1YZsEzXEEq,相机没开盖子没事 后期可以拉回来☝️🤓,1761297299,98762233,0.4180130608757996,-0.16397387824840082,29354954
BV1YZsEzXEEq,[doge][doge]我的毕加索式怎么样,1761297285,420231720,0.6494502141827942,0.2989004283655885,29354954
BV1YZsEzXEEq,艺术照嘛📸📸[千恋万花表情包_zzz][千恋万花表情包_zzz],1761296731,487118978,0.9345666060276607,0.8691332120553215,29354945
BV1YZsEzXEEq,哈哈哈哈哈哈哈哈哈哈哈哈哈努比亚有点东西。上路了，还送奥斯卡小金人,1761299602,3546951322700185,0.9994220893062274,0.9988441786124549,29354993
BV1YZsEzXEEq,让努比亚帮助tim完成梦想[妙啊],1761329275,491098720,0.9547662724480519,0.9095325448961038,29355487
BV1YZsEzXEEq,偶遇到的i人默默的拍了个照[喜极而泣],1761475702,60912466,0.5131474313634166,0.026294862726833124,29357928
BV1YZsEzXEEq,"视频里大部分ai图应该都是即梦AI（模型就是豆包里的那个seedream4.0），中间说可以让ai修改局部那里是Google aistudio里的gemini-2.5-flash-image-preview (nano-banana)。
lmarena的文生图排行榜目前前三的生图模型是
腾讯的hunyun-image-3.0，谷歌的gemini-2.5-flash-imagepreview (nano-banana)，谷歌的imagen-4.0-ultra和seedream4.0并列第三。",1761298294,520904531,0.01402457325010198,-0.971950853499796,29354971
BV1YZsEzXEEq,学到了[doge_金箍]但是貌似豆包听不懂其余不变之类的限制词吗（？）试了好多遍它都坚持要按自己想法来[微笑],1761299615,1196589190,0.9988137592090266,0.9976275184180532,29354993
BV1YZsEzXEEq,同哈尔滨，但是富士扫街,1761297847,3493115893647415,0.7849545099541898,0.5699090199083796,29354964
BV1YZsEzXEEq,出门拍照，忘带卡？忘带电池？甚至忘带相机？通通没关系，把眼前的图像记下来，回家给ai讲故事，照片就拍好啦[doge_金箍],1761296577,434710799,0.9485120127027702,0.8970240254055404,29354942
BV1YZsEzXEEq,被努比亚 Z80Ultra 的真全面屏设计圈粉，35mm 主摄的色彩太有胶片那味儿了，摄影套装装上更像微单了,1761544213,16226381,0.9985719927034703,0.9971439854069406,29359070
BV1YZsEzXEEq,影视飓风也是用上“我”的35mm+18mm了！就问帅不帅[doge],1761302650,390790219,0.14252034291642846,-0.7149593141671431,29355044
BV1YZsEzXEEq,看了从徐州老味菜过来的，努比亚是会营销的[tv_doge],1761296989,390954209,0.4499191732352553,-0.10016165352948936,29354949
BV1YZsEzXEEq,Tim，请原谅我不厚道的笑了[笑哭],1761304425,492815759,0.5707591038863408,0.14151820777268154,29355073
BV1YZsEzXEEq,用努比亚 Z80Ultra 当主力机一周，续航居然超出预期！白天拍一天照片、刷社交软件，晚上还能剩点电，拍照也很给力,1761544191,392597500,0.01631985758983412,-0.9673602848203318,29359069
BV1YZsEzXEEq,当当当，看我手里拿的是什么！是努比亚联名洛天依出的手机壳（联名手机没有抢到)，不得不说，这手机设计的太符合我的审美了！,1761552411,1127684523,0.011595344882116998,-0.976809310235766,29359206
BV1YZsEzXEEq,原图直出，努比亚这个色调是真的不错，不愧是所看即所得[星星眼],1761552410,236657488,0.9983064902462129,0.9966129804924257,29359206
BV1YZsEzXEEq,其实ai技术早就已经开始商用了，并且有一套很稳定的工作流，这是我们公司给客户提供的图，除了头上戴的产品是和他们实物一致的，其余部分你所看到都是ai生成的，用的是我们公司自研的一套工作流 ，并且你现在打开淘宝，你看到了大量电商图其实就已经是ai生成的，只是你或许没察觉到罢了[Mygo表情包_发送消息],1761364394,12138147,0.9160302228548715,0.8320604457097429,29356073
BV1YZsEzXEEq,ai修复胶卷废片还是蛮棒的,1762870959,7915076,0.4115054115759734,-0.17698917684805315,29381182
BV1YZsEzXEEq,《论如何用AI满足Tim的梦想》2.0[妙啊],1761302044,27307095,0.9447769508229821,0.8895539016459642,29355034
BV1YZsEzXEEq,相机没开盖子没事 后期可以拉回来☝️🤓,1761297299,98762233,0.4180130608757996,-0.16397387824840082,29354954
BV1YZsEzXEEq,[doge][doge]我的毕加索式怎么样,1761297285,420231720,0.6494502141827942,0.2989004283655885,29354954
BV1YZsEzXEEq,艺术照嘛📸📸[千恋万花表情包_zzz][千恋万花表情包_zzz],1761296731,487118978,0.9345666060276607,0.8691332120553215,29354945
BV1YZsEzXEEq,哈哈哈哈哈哈哈哈哈哈哈哈哈努比亚有点东西。上路了，还送奥斯卡小金人,1761299602,3546951322700185,0.9994220893062274,0.9988441786124549,29354993
BV1YZsEzXEEq,让努比亚帮助tim完成梦想[妙啊],1761329275,491098720,0.9547662724480519,0.9095325448961038,29355487
BV1YZsEzXEEq,偶遇到的i人默默的拍了个照[喜极而泣],1761475702,60912466,0.5131474313634166,0.026294862726833124,29357928
BV1YZsEzXEEq,"视频里大部分ai图应该都是即梦AI（模型就是豆包里的那个seedream4.0），中间说可以让ai修改局部那里是Google aistudio里的gemini-2.5-flash-image-preview (nano-banana)。
lmarena的文生图排行榜目前前三的生图模型是
腾讯的hunyun-image-3.0，谷歌的gemini-2.5-flash-imagepreview (nano-banana)，谷歌的imagen-4.0-ultra和seedream4.0并列第三。",1761298294,520904531,0.01402457325010198,-0.971950853499796,29354971
BV1YZsEzXEEq,学到了[doge_金箍]但是貌似豆包听不懂其余不变之类的限制词吗（？）试了好多遍它都坚持要按自己想法来[微笑],1761299615,1196589190,0.9988137592090266,0.9976275184180532,29354993
BV1YZsEzXEEq,同哈尔滨，但是富士扫街,1761297847,3493115893647415,0.7849545099541898,0.5699090199083796,29354964
BV1YZsEzXEEq,出门拍照，忘带卡？忘带电池？甚至忘带相机？通通没关系，把眼前的图像记下来，回家给ai讲故事，照片就拍好啦[doge_金箍],1761296577,434710799,0.9485120127027702,0.8970240254055404,29354942
BV1YZsEzXEEq,被努比亚 Z80Ultra 的真全面屏设计圈粉，35mm 主摄的色彩太有胶片那味儿了，摄影套装装上更像微单了,1761544213,16226381,0.9985719927034703,0.9971439854069406,29359070
BV1YZsEzXEEq,影视飓风也是用上“我”的35mm+18mm了！就问帅不帅[doge],1761302650,390790219,0.14252034291642846,-0.7149593141671431,29355044
BV1YZsEzXEEq,看了从徐州老味菜过来的，努比亚是会营销的[tv_doge],1761296989,390954209,0.4499191732352553,-0.10016165352948936,29354949
BV1YZsEzXEEq,Tim，请原谅我不厚道的笑了[笑哭],1761304425,492815759,0.5707591038863408,0.14151820777268154,29355073
BV1YZsEzXEEq,用努比亚 Z80Ultra 当主力机一周，续航居然超出预期！白天拍一天照片、刷社交软件，晚上还能剩点电，拍照也很给力,1761544191,392597500,0.01631985758983412,-0.9673602848203318,29359069
BV1YZsEzXEEq,当当当，看我手里拿的是什么！是努比亚联名洛天依出的手机壳（联名手机没有抢到)，不得不说，这手机设计的太符合我的审美了！,1761552411,1127684523,0.011595344882116998,-0.976809310235766,29359206
BV1YZsEzXEEq,原图直出，努比亚这个色调是真的不错，不愧是所看即所得[星星眼],1761552410,236657488,0.9983064902462129,0.9966129804924257,29359206
BV1YZsEzXEEq,其实ai技术早就已经开始商用了，并且有一套很稳定的工作流，这是我们公司给客户提供的图，除了头上戴的产品是和他们实物一致的，其余部分你所看到都是ai生成的，用的是我们公司自研的一套工作流 ，并且你现在打开淘宝，你看到了大量电商图其实就已经是ai生成的，只是你或许没察觉到罢了[Mygo表情包_发送消息],1761364394,12138147,0.9160302228548715,0.8320604457097429,29356073
BV1YZsEzXEEq,ai修复胶卷废片还是蛮棒的,1762870959,7915076,0.4115054115759734,-0.17698917684805315,29381182
BV1YZsEzXEEq,《论如何用AI满足Tim的梦想》2.0[妙啊],1761302044,27307095,0.9447769508229821,0.8895539016459642,29355034
BV1YZsEzXEEq,相机没开盖子没事 后期可以拉回来☝️🤓,1761297299,98762233,0.4180130608757996,-0.16397387824840082,29354954
BV1YZsEzXEEq,[doge][doge]我的毕加索式怎么样,1761297285,420231720,0.6494502141827942,0.2989004283655885,29354954
BV1YZsEzXEEq,艺术照嘛📸📸[千恋万花表情包_zzz][千恋万花表情包_zzz],1761296731,487118978,0.9345666060276607,0.8691332120553215,29354945
BV1YZsEzXEEq,哈哈哈哈哈哈哈哈哈哈哈哈哈努比亚有点东西。上路了，还送奥斯卡小金人,1761299602,3546951322700185,0.9994220893062274,0.9988441786124549,29354993
BV1YZsEzXEEq,让努比亚帮助tim完成梦想[妙啊],1761329275,491098720,0.9547662724480519,0.9095325448961038,29355487
BV1YZsEzXEEq,偶遇到的i人默默的拍了个照[喜极而泣],1761475702,60912466,0.5131474313634166,0.026294862726833124,29357928
BV1YZsEzXEEq,"视频里大部分ai图应该都是即梦AI（模型就是豆包里的那个seedream4.0），中间说可以让ai修改局部那里是Google aistudio里的gemini-2.5-flash-image-preview (nano-banana)。
lmarena的文生图排行榜目前前三的生图模型是
腾讯的hunyun-image-3.0，谷歌的gemini-2.5-flash-imagepreview (nano-banana)，谷歌的imagen-4.0-ultra和seedream4.0并列第三。",1761298294,520904531,0.01402457325010198,-0.971950853499796,29354971
BV1YZsEzXEEq,学到了[doge_金箍]但是貌似豆包听不懂其余不变之类的限制词吗（？）试了好多遍它都坚持要按自己想法来[微笑],1761299615,1196589190,0.9988137592090266,0.9976275184180532,29354993
BV1YZsEzXEEq,同哈尔滨，但是富士扫街,1761297847,3493115893647415,0.7849545099541898,0.5699090199083796,29354964
BV1YZsEzXEEq,出门拍照，忘带卡？忘带电池？甚至忘带相机？通通没关系，把眼前的图像记下来，回家给ai讲故事，照片就拍好啦[doge_金箍],1761296577,434710799,0.9485120127027702,0.8970240254055404,29354942
BV1YZsEzXEEq,被努比亚 Z80Ultra 的真全面屏设计圈粉，35mm 主摄的色彩太有胶片那味儿了，摄影套装装上更像微单了,1761544213,16226381,0.9985719927034703,0.9971439854069406,29359070
BV1YZsEzXEEq,影视飓风也是用上“我”的35mm+18mm了！就问帅不帅[doge],1761302650,390790219,0.14252034291642846,-0.7149593141671431,29355044
BV1YZsEzXEEq,看了从徐州老味菜过来的，努比亚是会营销的[tv_doge],1761296989,390954209,0.4499191732352553,-0.10016165352948936,29354949
BV1YZsEzXEEq,Tim，请原谅我不厚道的笑了[笑哭],1761304425,492815759,0.5707591038863408,0.14151820777268154,29355073
BV1YZsEzXEEq,用努比亚 Z80Ultra 当主力机一周，续航居然超出预期！白天拍一天照片、刷社交软件，晚上还能剩点电，拍照也很给力,1761544191,392597500,0.01631985758983412,-0.9673602848203318,29359069
BV1YZsEzXEEq,当当当，看我手里拿的是什么！是努比亚联名洛天依出的手机壳（联名手机没有抢到)，不得不说，这手机设计的太符合我的审美了！,1761552411,1127684523,0.011595344882116998,-0.976809310235766,29359206
BV1YZsEzXEEq,原图直出，努比亚这个色调是真的不错，不愧是所看即所得[星星眼],1761552410,236657488,0.9983064902462129,0.9966129804924257,29359206
BV1YZsEzXEEq,其实ai技术早就已经开始商用了，并且有一套很稳定的工作流，这是我们公司给客户提供的图，除了头上戴的产品是和他们实物一致的，其余部分你所看到都是ai生成的，用的是我们公司自研的一套工作流 ，并且你现在打开淘宝，你看到了大量电商图其实就已经是ai生成的，只是你或许没察觉到罢了[Mygo表情包_发送消息],1761364394,12138147,0.9160302228548715,0.8320604457097429,29356073
BV1YZsEzXEEq,ai修复胶卷废片还是蛮棒的,1762870959,7915076,0.4115054115759734,-0.17698917684805315,29381182
